keyword,product_name,product_url,price_discount_raw,price_original_raw,discount_label_raw,rating_raw,sold_raw,seller_name,seller_location,scraped_at
Apple iPhone 16,Apple iPhone 16 128GB New Garansi Resmi Indonesia,https://shopee.co.id/Apple-iPhone-16-128GB-New-Garansi-Resmi-Indonesia-i.389328160.50104453043,Rp15810345,,,5.0,6,shop_389328160,Bogor,2026-10-03 13:37:35.302187
Apple iPhone 16,IP 16 128GB 256GB SECOND LIKE NEW 100% ORIGINAL Bergaransi,https://shopee.co.id/IP-16-128GB-256GB-SECOND-LIKE-NEW-100-ORIGINAL-Bergaransi-i.1632622093.42572014727,Rp20000,Rp13900000,-36%,4.7,34,shop_1632622093,Jakarta Barat,2026-10-03 13:37:35.305387
Apple iPhone 16,Apple iPhone 16 128GB 256GB FULLSET SECOND HAND INTERNASIONAL ORI BERGARANSI,https://shopee.co.id/Apple-iPhone-16-128GB-256GB-FULLSET-SECOND-HAND-INTERNASIONAL-ORI-BERGARANSI-i.1588294952.40231291792,Rp8901000,Rp13000000,-32%,5.0,24,shop_1588294952,Jakarta Barat,2026-10-03 13:37:35.307806
Apple iPhone 16,iPhone 16 128gb NEW BARU SEGEL,https://shopee.co.id/iPhone-16-128gb-NEW-BARU-SEGEL-i.207409077.52209931887,Rp16100000,,,5.0,7,shop_207409077,Kab. Bantul,2026-10-03 13:37:35.310540
Apple iPhone 16,iPhone 16 Second Inter Original 128GB/256GB Kondisi Wajar,https://shopee.co.id/iPhone-16-Second-Inter-Original-128GB-256GB-Kondisi-Wajar-i.1746955826.50655997159,Rp9100000,Rp9250000,-2%,4.9,318,shop_1746955826,Jakarta Utara,2026-10-03 13:37:35.312817
Apple iPhone 16,IPHONE 16 128GB 256GB SECOND ORIGINAL EX INTER,https://shopee.co.id/IPHONE-16-128GB-256GB-SECOND-ORIGINAL-EX-INTER-i.1590478184.41509195555,Rp9400000,Rp9550000,-2%,4.9,901,shop_1590478184,Jakarta Utara,2026-10-03 13:37:35.315838
Apple iPhone 16,iPhone 16 128GB - Garansi Resmi Indonesia,https://shopee.co.id/iPhone-16-128GB-Garansi-Resmi-Indonesia-i.1732890112.46817874390,Rp17490000,Rp18990000,-8%,5.0,,shop_1732890112,Jakarta Utara,2026-10-03 13:37:35.319652
Apple iPhone 16,Apple [iPhone] 16 128GB 256GB 512GB,https://shopee.co.id/Apple-iPhone-16-128GB-256GB-512GB-i.1516969716.29691934924,Rp16290000,Rp19999000,-19%,4.9,595,shop_1516969716,Jakarta Barat,2026-10-03 13:37:35.322081
Apple iPhone 16,iPhone 16 128GB/256GB Second Ori Mulus Fullset Bergaransi,https://shopee.co.id/iPhone-16-128GB-256GB-Second-Ori-Mulus-Fullset-Bergaransi-i.1700993488.49311369801,Rp30000,Rp19500000,-55%,5.0,6,shop_1700993488,Jakarta Barat,2026-10-03 13:37:35.324811
Apple iPhone 16,Apple [iPhone] 16 128GB 256GB Garansi Resmi GDN,https://shopee.co.id/Apple-iPhone-16-128GB-256GB-Garansi-Resmi-GDN-i.1516969716.47306349115,Rp16290000,Rp19999000,-19%,4.8,52,shop_1516969716,Jakarta Barat,2026-10-03 13:37:35.326905
Apple iPhone 16e,iPhone 15 Pro ex iBox Beacukai IMEI Permanen Garansi 12 Bln 100% Original Second iPhone FULLSET 128GB 256GB 512GB 1TB,https://shopee.co.id/iPhone-15-Pro-ex-iBox-Beacukai-IMEI-Permanen-Garansi-12-Bln-100-Original-Second-iPhone-FULLSET-128GB-256GB-512GB-1TB-i.1437255344.43604359389,Rp15549000,,-22%,,298,shop_1437255344,,2026-10-03 12:24:59.333761
Apple iPhone 16e,iPhone 15 Pro Max ex iBox Beacukai IMEI Permanen Garansi 12 Bln 100% Original Second iPhone FULLSET 128GB 256GB 512GB 1TB,https://shopee.co.id/iPhone-15-Pro-Max-ex-iBox-Beacukai-IMEI-Permanen-Garansi-12-Bln-100-Original-Second-iPhone-FULLSET-128GB-256GB-512GB-1TB-i.1437255344.28482489764,Rp18649000,,-1%,,752,shop_1437255344,,2026-10-03 12:24:59.339485
Apple iPhone 16e,iPhone 16 Pro Max ex iBox Beacukai IMEI Permanen Garansi 12 Bln 100% Original Second iPhone FULLSET 128GB 256GB 512GB 1TB,https://shopee.co.id/iPhone-16-Pro-Max-ex-iBox-Beacukai-IMEI-Permanen-Garansi-12-Bln-100-Original-Second-iPhone-FULLSET-128GB-256GB-512GB-1TB-i.1437255344.40176000760,Rp22329000,,-29%,,260,shop_1437255344,,2026-10-03 12:24:59.342273
Apple iPhone 17,iPhone 17 256Gb Garansi Resmi Indonesia,https://shopee.co.id/iPhone-17-256Gb-Garansi-Resmi-Indonesia-i.1396223105.45917584600,Rp18700000,,,5.0,6,shop_1396223105,Surakarta (Solo),2026-10-04 11:27:08.844414
Apple iPhone 17,iPhone 17 256GB New Resmi iBox - Sage / Lavender,https://shopee.co.id/iPhone-17-256GB-New-Resmi-iBox-Sage-Lavender-i.1246575204.58062285640,Rp20249000,,,,,shop_1246575204,Bogor,2026-10-04 11:27:08.851136
Apple iPhone 17,iP 17 256GB SECOND ORIGINAL LIKE NEW,https://shopee.co.id/iP-17-256GB-SECOND-ORIGINAL-LIKE-NEW-i.1296169168.45904061131,Rp12350000,Rp12500000,-1%,4.8,55,shop_1296169168,Jakarta Utara,2026-10-04 11:27:08.854313
Apple iPhone 17,iPhone 17 256GB/512GB - Garansi Resmi Ibox/Digimap/GDN,https://shopee.co.id/iPhone-17-256GB-512GB-Garansi-Resmi-Ibox-Digimap-GDN-i.243655547.44753286013,Rp19590000,,,5.0,274,shop_243655547,Depok,2026-10-04 11:27:08.856810
Apple iPhone 17,IP 17 256GB SEGEL RESMI,https://shopee.co.id/IP-17-256GB-SEGEL-RESMI-i.1107924286.29243865399,Rp19507000,Rp21999000,-11%,4.9,389,shop_1107924286,Jakarta Selatan,2026-10-04 11:27:08.859161
Apple iPhone 17,Apple iPhone 17 256GB New Garansi Resmi Indonesia,https://shopee.co.id/Apple-iPhone-17-256GB-New-Garansi-Resmi-Indonesia-i.389328160.48453980310,Rp19205570,,,4.9,17,shop_389328160,Bogor,2026-10-04 11:27:08.862399
Apple iPhone 17,iphone 17 256GB sage Resmi indo,https://shopee.co.id/iphone-17-256GB-sage-Resmi-indo-i.106611059.56117658212,Rp18450000,,,4.9,,shop_106611059,Kab. Blora,2026-10-04 11:27:08.865030
Apple iPhone 17 Pro,Apple iPhone 17 Pro chip Apple A19 Pro kamera 48MP utama 18MP depan layar 6.3 inch 120Hz,https://shopee.co.id/Apple-iPhone-17-Pro-chip-Apple-A19-Pro-kamera-48MP-utama-18MP-depan-layar-6.3-inch-120Hz-i.1367956498.42333832968,Rp22979000,,-1%,,2,shop_1367956498,,2026-10-04 09:43:28.888919
Apple iPhone 17 Pro,"INFINIX SMART 20 4GB 128GB - Helio G81 Ultimate - 6.78"" 120Hz HD+ - 5200 mAh - Garansi resmi 1 tahun",https://shopee.co.id/INFINIX-SMART-20-4GB-128GB-Helio-G81-Ultimate-6.78-120Hz-HD-5200-mAh-Garansi-resmi-1-tahun-i.1367956498.50357026191,Rp2069000,,-29%,,722,shop_1367956498,,2026-10-04 09:43:28.892482
Apple iPhone 17 Pro,"Samsung Galaxy A07 4/64GB,4/128GB Helio G99 50MP Kamera 6.7Inch HD+ 90Hz Free Adaptor 25W",https://shopee.co.id/Samsung-Galaxy-A07-4-64GB-4-128GB-Helio-G99-50MP-Kamera-6.7Inch-HD-90Hz-Free-Adaptor-25W-i.1367956498.54600858818,Rp2129000,,-49%,,505,shop_1367956498,,2026-10-04 09:43:28.896792
Apple iPhone 17 Pro Max,"TORRAS OrigArmor Ultra Pelindung Layar Kaca SCHOTT AR + 3D untuk iPhone 17 Pro / 17 Pro Max, Antirefleksi, 1 Lembar",https://shopee.co.id/TORRAS-OrigArmor-Ultra-Pelindung-Layar-Kaca-SCHOTT-AR-3D-untuk-iPhone-17-Pro-17-Pro-Max-Antirefleksi-1-Lembar-i.1723745734.50568325441,Rp839000,,,,2,shop_1723745734,,2026-10-04 11:26:34.096473
Apple iPhone 17 Pro Max,iPhone 15 Pro ex iBox Beacukai IMEI Permanen Garansi 12 Bln 100% Original Second iPhone FULLSET 128GB 256GB 512GB 1TB,https://shopee.co.id/iPhone-15-Pro-ex-iBox-Beacukai-IMEI-Permanen-Garansi-12-Bln-100-Original-Second-iPhone-FULLSET-128GB-256GB-512GB-1TB-i.1437255344.43604359389,Rp15549000,Rp20038800,-22%,4.9,299,shop_1437255344,Jakarta Selatan,2026-10-04 11:26:34.100178
Apple iPhone 17 Pro Max,iPhone 13 Pro Max ex iBox Beacukai IMEI Permanen Garansi 12 Bln 100% Original Second iPhone FULLSET 128GB 256GB 512GB 1TB,https://shopee.co.id/iPhone-13-Pro-Max-ex-iBox-Beacukai-IMEI-Permanen-Garansi-12-Bln-100-Original-Second-iPhone-FULLSET-128GB-256GB-512GB-1TB-i.1437255344.26077462969,Rp10699000,Rp15478800,-31%,4.9,2RB+,shop_1437255344,Jakarta Selatan,2026-10-04 11:26:34.103652
Apple iPhone 17 Pro Max,iPhone 15 ex iBox Beacukai IMEI Permanen Garansi 12 Bln 100% Original Second Resmi FULLSET BC 128GB 256GB 512GB,https://shopee.co.id/iPhone-15-ex-iBox-Beacukai-IMEI-Permanen-Garansi-12-Bln-100-Original-Second-Resmi-FULLSET-BC-128GB-256GB-512GB-i.1437255344.26027463688,Rp10949000,Rp14518800,-25%,4.9,3RB+,shop_1437255344,Jakarta Selatan,2026-10-04 11:26:34.107190
Apple iPhone 17 Pro Max,iPhone 15 128Gb Garansi Resmi Indonesia,https://shopee.co.id/iPhone-15-128Gb-Garansi-Resmi-Indonesia-i.1396223105.47967598240,Rp13150000,,,5.0,25,shop_1396223105,Surakarta (Solo),2026-10-04 11:26:34.110278
Apple iPhone 17 Pro Max,iPhone 14 Pro ex iBox Beacukai IMEI Permanen Garansi 12 Bln 100% Original Second iPhone FULLSET 128GB 256GB 512GB 1TB,https://shopee.co.id/iPhone-14-Pro-ex-iBox-Beacukai-IMEI-Permanen-Garansi-12-Bln-100-Original-Second-iPhone-FULLSET-128GB-256GB-512GB-1TB-i.1437255344.26332110525,Rp13049000,Rp17518800,-26%,4.9,714,shop_1437255344,Jakarta Selatan,2026-10-04 11:26:34.113157
Apple iPhone 17 Pro Max,iPhone 13 ex iBox Beacukai IMEI Permanen Garansi 12 Bln 100% Original Second IP Fullset,https://shopee.co.id/iPhone-13-ex-iBox-Beacukai-IMEI-Permanen-Garansi-12-Bln-100-Original-Second-IP-Fullset-i.1437255344.26827366384,Rp8099000,Rp9958800,-19%,4.9,8RB+,shop_1437255344,Jakarta Selatan,2026-10-04 11:26:34.116183
Apple iPhone 17e,iPhone 16 Pro Max ex iBox Beacukai IMEI Permanen Garansi 12 Bln 100% Original Second iPhone FULLSET 128GB 256GB 512GB 1TB,https://shopee.co.id/iPhone-16-Pro-Max-ex-iBox-Beacukai-IMEI-Permanen-Garansi-12-Bln-100-Original-Second-iPhone-FULLSET-128GB-256GB-512GB-1TB-i.1437255344.40176000760,Rp22329000,,-29%,,260,shop_1437255344,,2026-10-03 12:07:11.713372
Apple iPhone 17e,iPhone 15 ex iBox Beacukai IMEI Permanen Garansi 12 Bln 100% Original Second Resmi FULLSET BC 128GB 256GB 512GB,https://shopee.co.id/iPhone-15-ex-iBox-Beacukai-IMEI-Permanen-Garansi-12-Bln-100-Original-Second-Resmi-FULLSET-BC-128GB-256GB-512GB-i.1437255344.26027463688,Rp10949000,,-25%,,3RB+,shop_1437255344,,2026-10-03 12:07:11.716364
Apple iPhone 17e,iPhone 15 Pro ex iBox Beacukai IMEI Permanen Garansi 12 Bln 100% Original Second iPhone FULLSET 128GB 256GB 512GB 1TB,https://shopee.co.id/iPhone-15-Pro-ex-iBox-Beacukai-IMEI-Permanen-Garansi-12-Bln-100-Original-Second-iPhone-FULLSET-128GB-256GB-512GB-1TB-i.1437255344.43604359389,Rp15549000,,-22%,,298,shop_1437255344,,2026-10-03 12:07:11.718466
Apple iPhone 18 Pro Max,Apple iPhone 18 Pro MAX 5G 256GB 512GB 1TB 2TB Apple A20 Pro,https://shopee.co.id/Apple-iPhone-18-Pro-MAX-5G-256GB-512GB-1TB-2TB-Apple-A20-Pro-i.168851519.45217908709,Rp40790000,,,,,shop_168851519,Kab. Bekasi,2026-10-03 12:06:43.943986
Apple iPhone 18 Pro Max,IP 14 128GB 256GB SECOND LIKE NEW 100% ORIGINAL Bergaransi,https://shopee.co.id/IP-14-128GB-256GB-SECOND-LIKE-NEW-100-ORIGINAL-Bergaransi-i.1632622093.42619631833,Rp20000,Rp6799000,-16%,4.7,137,shop_1632622093,Jakarta Barat,2026-10-03 12:06:43.948150
Apple iPhone 18 Pro Max,IP 15 PRO MAX 256GB  512GB SECOND LIKE NEW 100% ORIGINAL Bergaransi,https://shopee.co.id/IP-15-PRO-MAX-256GB-512GB-SECOND-LIKE-NEW-100-ORIGINAL-Bergaransi-i.1632622093.50054778527,Rp20000,Rp18499000,-36%,4.9,23,shop_1632622093,Jakarta Barat,2026-10-03 12:06:43.951189
Apple iPhone Duo,Apple iPhone Duo 256GB 512GB 1TB 2TB,https://shopee.co.id/Apple-iPhone-Duo-256GB-512GB-1TB-2TB-i.303149238.48217771525,Rp49999000,,,,,shop_303149238,Bekasi,2026-10-03 12:06:15.577105
Apple iPhone Duo,[PREORDER / JASTIP] iPhone Duo atau iPhone 18 Pro / 18 Pro Max -- Apple Resmi - Hand Carry,https://shopee.co.id/-PREORDER-JASTIP-iPhone-Duo-atau-iPhone-18-Pro-18-Pro-Max-Apple-Resmi-Hand-Carry-i.46914434.51517749587,Rp27000000,,,5.0,,shop_46914434,Jakarta Barat,2026-10-03 12:06:15.607510
Apple iPhone Duo,iPhone Duo 5G 2TB Apple A20 Pro,https://shopee.co.id/iPhone-Duo-5G-2TB-Apple-A20-Pro-i.41695198.44917708829,Rp94999000,,,5.0,,shop_41695198,Jakarta Barat,2026-10-03 12:06:15.615343
Apple iPhone Duo,PRE ORDER iPhone Duo Brand New Garansi Resmi,https://shopee.co.id/PRE-ORDER-iPhone-Duo-Brand-New-Garansi-Resmi-i.1930115300.56167857491,Rp75000000,,,,,shop_1930115300,Jakarta Barat,2026-10-03 12:06:15.619601
Apple iPhone Duo,iPhone Duo 5G 256GB Apple A20 Pro,https://shopee.co.id/iPhone-Duo-5G-256GB-Apple-A20-Pro-i.41695198.46267718483,Rp64999000,,,5.0,,shop_41695198,Jakarta Barat,2026-10-03 12:06:15.622374
Apple iPhone Duo,iPhone 12 ex iBox Beacukai IMEI Permanen Garansi 12 Bln 100% Original Second Resmi FULLSET BC 128GB 256GB 512GB 1TB,https://shopee.co.id/iPhone-12-ex-iBox-Beacukai-IMEI-Permanen-Garansi-12-Bln-100-Original-Second-Resmi-FULLSET-BC-128GB-256GB-512GB-1TB-i.1437255344.25591856419,Rp5749000,Rp8158800,-30%,4.9,2RB+,shop_1437255344,Jakarta Selatan,2026-10-03 12:06:15.624780
Apple iPhone Duo,iPhone 13 Pro Max ex iBox Beacukai IMEI Permanen Garansi 12 Bln 100% Original Second iPhone FULLSET 128GB 256GB 512GB 1TB,https://shopee.co.id/iPhone-13-Pro-Max-ex-iBox-Beacukai-IMEI-Permanen-Garansi-12-Bln-100-Original-Second-iPhone-FULLSET-128GB-256GB-512GB-1TB-i.1437255344.26077462969,Rp10699000,Rp15478800,-31%,4.9,2RB+,shop_1437255344,Jakarta Selatan,2026-10-03 12:06:15.627802
Apple iPhone Duo,iPhone 15 Pro ex iBox Beacukai IMEI Permanen Garansi 12 Bln 100% Original Second iPhone FULLSET 128GB 256GB 512GB 1TB,https://shopee.co.id/iPhone-15-Pro-ex-iBox-Beacukai-IMEI-Permanen-Garansi-12-Bln-100-Original-Second-iPhone-FULLSET-128GB-256GB-512GB-1TB-i.1437255344.43604359389,Rp15549000,Rp20038800,-22%,4.9,298,shop_1437255344,Jakarta Selatan,2026-10-03 12:06:15.630443
Apple iPhone Duo,APPLE IPHONE 13 128GB 256GB  SECOND FULLSET MULUS ORIGINAL GARANSI,https://shopee.co.id/APPLE-IPHONE-13-128GB-256GB-SECOND-FULLSET-MULUS-ORIGINAL-GARANSI-i.1632731327.49361323181,Rp25000,Rp5899000,-23%,4.5,346,shop_1632731327,Jakarta Barat,2026-10-03 12:06:15.634624
Huawei MatePad Air Z,SIRKELS Tablet MatePad Air | Android 15 | RAM 22GB + 128GB ROM Memori operasi ekstra besar | 11.6 inci | 5G Wifi | 8800mAh |  Layar besar,https://shopee.co.id/SIRKELS-Tablet-MatePad-Air-Android-15-RAM-22GB-128GB-ROM-Memori-operasi-ekstra-besar-11.6-inci-5G-Wifi-8800mAh-Layar-besar-i.1520912212.48052629577,Rp1900000,,-46%,,9,shop_1520912212,,2026-10-03 12:20:46.367800
Huawei MatePad Air Z Enjoy,SIRKELS Tablet MatePad Air | Android 15 | RAM 22GB + 128GB ROM Memori operasi ekstra besar | 11.6 inci | 5G Wifi | 8800mAh |  Layar besar,https://shopee.co.id/SIRKELS-Tablet-MatePad-Air-Android-15-RAM-22GB-128GB-ROM-Memori-operasi-ekstra-besar-11.6-inci-5G-Wifi-8800mAh-Layar-besar-i.1520912212.48052629577,Rp1900000,,-46%,,9,shop_1520912212,,2026-10-04 11:04:26.455416
Huawei MatePad Pro Max,"Huawei Matepad Mini / Mate Pad Mini 12GB + 256GB PaperMate Display Ultra Slim 52mm Ultra Thin 8.8"" Flexible OLED PaperMatte",https://shopee.co.id/Huawei-Matepad-Mini-Mate-Pad-Mini-12GB-256GB-PaperMate-Display-Ultra-Slim-52mm-Ultra-Thin-8.8-Flexible-OLED-PaperMatte-i.898467586.52862794869,Rp9899010,,-1%,,4,shop_898467586,,2026-10-03 12:11:28.300339
Huawei MatePad Pro Max,Anker Soundcore R50i NC Adaptive Noise Cancelling ANC TWS - A3959,https://shopee.co.id/Anker-Soundcore-R50i-NC-Adaptive-Noise-Cancelling-ANC-TWS-A3959-i.898467586.26251052471,Rp294030,,-1%,,10RB+,shop_898467586,,2026-10-03 12:11:28.302929
Huawei Pura 90,"[10.10 s/d 20%*  | FREE PEN & KEYBOARD] HUAWEI MatePad 11.5 Standard Tablet | Produktivitas WPS Setara PC ditenagai AI | 10,100 mAh 40W HUAWEI SuperCharge",https://shopee.co.id/-10.10-s-d-20-*-FREE-PEN-KEYBOARD-HUAWEI-MatePad-11.5-Standard-Tablet-Produktivitas-WPS-Setara-PC-ditenagai-AI-10-100-mAh-40W-HUAWEI-SuperCharge-i.39372120.49554410513,Rp6998000,,-30%,,10RB+,shop_39372120,,2026-10-03 13:41:53.498922
Huawei Pura 90,[10.10 s/d 20%*] HUAWEI WATCH FIT 5 Series | Titanium* | Studi Risiko Diabetes & ECG* | Olahraga Outdoor Tingkat Lanjut*,https://shopee.co.id/-10.10-s-d-20-*-HUAWEI-WATCH-FIT-5-Series-Titanium*-Studi-Risiko-Diabetes-ECG*-Olahraga-Outdoor-Tingkat-Lanjut*-i.39372120.57259931145,Rp2098000,,-22%,,10RB+,shop_39372120,,2026-10-03 13:41:53.504428
Huawei Pura 90 Pro,"[10.10 s/d 20%*  | FREE PEN & KEYBOARD] HUAWEI MatePad 11.5 Standard Tablet | Produktivitas WPS Setara PC ditenagai AI | 10,100 mAh 40W HUAWEI SuperCharge",https://shopee.co.id/-10.10-s-d-20-*-FREE-PEN-KEYBOARD-HUAWEI-MatePad-11.5-Standard-Tablet-Produktivitas-WPS-Setara-PC-ditenagai-AI-10-100-mAh-40W-HUAWEI-SuperCharge-i.39372120.49554410513,Rp6998000,,-30%,,10RB+,shop_39372120,,2026-10-03 13:40:02.817679
Huawei Pura 90 Pro,[10.10 s/d 20%*] HUAWEI WATCH FIT 5 Series | Titanium* | Studi Risiko Diabetes & ECG* | Olahraga Outdoor Tingkat Lanjut*,https://shopee.co.id/-10.10-s-d-20-*-HUAWEI-WATCH-FIT-5-Series-Titanium*-Studi-Risiko-Diabetes-ECG*-Olahraga-Outdoor-Tingkat-Lanjut*-i.39372120.57259931145,Rp2098000,,-22%,,10RB+,shop_39372120,,2026-10-03 13:40:02.821417
Huawei Pura 90 Pro Max,"[10.10 s/d 20%*  | FREE PEN & KEYBOARD] HUAWEI MatePad 11.5 Standard Tablet | Produktivitas WPS Setara PC ditenagai AI | 10,100 mAh 40W HUAWEI SuperCharge",https://shopee.co.id/-10.10-s-d-20-*-FREE-PEN-KEYBOARD-HUAWEI-MatePad-11.5-Standard-Tablet-Produktivitas-WPS-Setara-PC-ditenagai-AI-10-100-mAh-40W-HUAWEI-SuperCharge-i.39372120.49554410513,Rp6998000,,-30%,,10RB+,shop_39372120,,2026-10-03 13:39:29.678049
Huawei Pura 90 Pro Max,[10.10 s/d 20%*] HUAWEI WATCH FIT 5 Series | Titanium* | Studi Risiko Diabetes & ECG* | Olahraga Outdoor Tingkat Lanjut*,https://shopee.co.id/-10.10-s-d-20-*-HUAWEI-WATCH-FIT-5-Series-Titanium*-Studi-Risiko-Diabetes-ECG*-Olahraga-Outdoor-Tingkat-Lanjut*-i.39372120.57259931145,Rp2098000,,-22%,,10RB+,shop_39372120,,2026-10-03 13:39:29.681243
Huawei Pura 90s Pro Max,"[10.10 s/d 20%*  | FREE PEN & KEYBOARD] HUAWEI MatePad 11.5 Standard Tablet | Produktivitas WPS Setara PC ditenagai AI | 10,100 mAh 40W HUAWEI SuperCharge",https://shopee.co.id/-10.10-s-d-20-*-FREE-PEN-KEYBOARD-HUAWEI-MatePad-11.5-Standard-Tablet-Produktivitas-WPS-Setara-PC-ditenagai-AI-10-100-mAh-40W-HUAWEI-SuperCharge-i.39372120.49554410513,Rp6999000,,-30%,,10RB+,shop_39372120,,2026-10-04 10:41:49.861697
Huawei Pura 90s Pro Max,[10.10 s/d 20%*] HUAWEI WATCH FIT 5 Series | Titanium* | Studi Risiko Diabetes & ECG* | Olahraga Outdoor Tingkat Lanjut*,https://shopee.co.id/-10.10-s-d-20-*-HUAWEI-WATCH-FIT-5-Series-Titanium*-Studi-Risiko-Diabetes-ECG*-Olahraga-Outdoor-Tingkat-Lanjut*-i.39372120.57259931145,Rp2098000,,-22%,,10RB+,shop_39372120,,2026-10-04 10:41:49.867813
Huawei Pura X Max,iPhone XS Max ex iBox Beacukai IMEI Permanen Garansi 12 Bln 100% Original Second iPhone FULLSET 64GB 256GB,https://shopee.co.id/iPhone-XS-Max-ex-iBox-Beacukai-IMEI-Permanen-Garansi-12-Bln-100-Original-Second-iPhone-FULLSET-64GB-256GB-i.1437255344.48153592590,Rp4749000,,-16%,,124,shop_1437255344,,2026-10-04 10:43:06.170537
Huawei Pura X Max,iPhone 13 ex iBox Beacukai IMEI Permanen Garansi 12 Bln 100% Original Second IP Fullset,https://shopee.co.id/iPhone-13-ex-iBox-Beacukai-IMEI-Permanen-Garansi-12-Bln-100-Original-Second-IP-Fullset-i.1437255344.26827366384,Rp8099000,,-19%,,8RB+,shop_1437255344,,2026-10-04 10:43:06.174580
Huawei Pura X Max,iPhone 11 ex iBox Beacukai IMEI Permanen Garansi 12 Bln 100% Original Second iPhone FULLSET 64GB 128GB 256GB,https://shopee.co.id/iPhone-11-ex-iBox-Beacukai-IMEI-Permanen-Garansi-12-Bln-100-Original-Second-iPhone-FULLSET-64GB-128GB-256GB-i.1437255344.28377371619,Rp4949000,,-31%,,5RB+,shop_1437255344,,2026-10-04 10:43:06.177089
Huawei nova 15 Max,"TECNO POVA 8 PRO 5G 8+8GB*/256GB, Dual Gaming Chipset Mediatek D7400 Ultimate 5G + P1 Graphic Chip up to 144 FPS, 50MP Sony’s LYT 700C Main Camera with OIS, 8MP Ultra Wide, 1.5K 144Hz HyperLux AMOLED Display, IP69K, Android 16 - HiOS 16  - POVA8PRO",https://shopee.co.id/TECNO-POVA-8-PRO-5G-8-8GB*-256GB-Dual-Gaming-Chipset-Mediatek-D7400-Ultimate-5G-P1-Graphic-Chip-up-to-144-FPS-50MP-Sony’s-LYT-700C-Main-Camera-with-OIS-8MP-Ultra-Wide-1.5K-144Hz-HyperLux-AMOLED-Display-IP69K-Android-16-HiOS-16-POVA8PRO-i.333261179.51516190107,Rp6159000,Rp6499000,-5%,4.9,197,shop_333261179,Jakarta Utara,2026-10-03 12:11:59.589505
Huawei nova 15 Max,Huawei Pura 70 Ultra NEW Resmi Indonesia,https://shopee.co.id/Huawei-Pura-70-Ultra-NEW-Resmi-Indonesia-i.551897469.57864442212,Rp8800000,,,5.0,4,shop_551897469,Jakarta Timur,2026-10-03 12:11:59.592820
Huawei nova 15 Max,Huawei nova 14 pro 512gb Rom 12gb ram smartphone original,https://shopee.co.id/Huawei-nova-14-pro-512gb-Rom-12gb-ram-smartphone-original-i.1642951240.48618003811,Rp5800000,,,5.0,10,shop_1642951240,Kab. Kulon Progo,2026-10-03 12:11:59.595162
Huawei nova 15 Max,Hi Nova 10 8/128GB 8/256GB Second Original 5G OLED 120Hz,https://shopee.co.id/Hi-Nova-10-8-128GB-8-256GB-Second-Original-5G-OLED-120Hz-i.1741875018.26845193428,Rp2676000,Rp2691000,-1%,5.0,5,shop_1741875018,Jakarta Pusat,2026-10-03 12:11:59.597870
Huawei nova 15 Max,Huawei Nova 14 Pro • 512GB • mulus likenewwww,https://shopee.co.id/Huawei-Nova-14-Pro-•-512GB-•-mulus-likenewwww-i.1676475663.48068415760,Rp5750000,,,5.0,,shop_1676475663,Kab. Gresik,2026-10-03 12:11:59.599964
Huawei nova 16,OPPO Reno16 5G (8/256) (12/256) Snapdragon® 7 Gen 4 - Garansi Resmi OPPO Indonesia,https://shopee.co.id/OPPO-Reno16-5G-(8-256)-(12-256)-Snapdragon®-7-Gen-4-Garansi-Resmi-OPPO-Indonesia-i.131726527.27375890721,Rp7487040,,-25%,,66,shop_131726527,,2026-10-03 12:10:51.183515
Huawei nova 16,realme Note 80 (4/64)(4/128) - Garansi Resmi Realme Indonesia,https://shopee.co.id/realme-Note-80-(4-64)(4-128)-Garansi-Resmi-Realme-Indonesia-i.131726527.28127435565,Rp2169000,,-28%,,944,shop_131726527,,2026-10-03 12:10:51.187137
Huawei nova 16,[ Official Store ] OPPO A6x 4/64 4/128 6/128 IP64 WaterProof - Garansi Resmi OPPO Indonesia,https://shopee.co.id/-Official-Store-OPPO-A6x-4-64-4-128-6-128-IP64-WaterProof-Garansi-Resmi-OPPO-Indonesia-i.131726527.10412364825,Rp3399000,,-32%,,676,shop_131726527,,2026-10-03 12:10:51.189726
Huawei nova 16 Pro,OPPO Reno16 5G (8/256) (12/256) Snapdragon® 7 Gen 4 - Garansi Resmi OPPO Indonesia,https://shopee.co.id/OPPO-Reno16-5G-(8-256)-(12-256)-Snapdragon®-7-Gen-4-Garansi-Resmi-OPPO-Indonesia-i.131726527.27375890721,Rp7487040,,-25%,,66,shop_131726527,,2026-10-03 12:10:16.584686
Huawei nova 16 Pro,realme Note 80 (4/64)(4/128) - Garansi Resmi Realme Indonesia,https://shopee.co.id/realme-Note-80-(4-64)(4-128)-Garansi-Resmi-Realme-Indonesia-i.131726527.28127435565,Rp2169000,,-28%,,944,shop_131726527,,2026-10-03 12:10:16.587819
Huawei nova 16 Pro,[ Official Store ] OPPO A6x 4/64 4/128 6/128 IP64 WaterProof - Garansi Resmi OPPO Indonesia,https://shopee.co.id/-Official-Store-OPPO-A6x-4-64-4-128-6-128-IP64-WaterProof-Garansi-Resmi-OPPO-Indonesia-i.131726527.10412364825,Rp3399000,,-32%,,676,shop_131726527,,2026-10-03 12:10:16.591216
Huawei nova 16 Ultra,Huawei Pura 70 Ultra NEW Resmi Indonesia,https://shopee.co.id/Huawei-Pura-70-Ultra-NEW-Resmi-Indonesia-i.551897469.57864442212,Rp8800000,,,5.0,4,shop_551897469,Jakarta Timur,2026-10-03 13:38:23.732536
Huawei nova 16 Ultra,Huawei Nova 14 Pro • 512GB • mulus likenewwww,https://shopee.co.id/Huawei-Nova-14-Pro-•-512GB-•-mulus-likenewwww-i.1676475663.48068415760,Rp5750000,,,5.0,,shop_1676475663,Kab. Gresik,2026-10-03 13:38:23.735247
Huawei nova 16 Ultra,huawei nova 14 pro ram 12 512 gb garansi resmi indonesia,https://shopee.co.id/huawei-nova-14-pro-ram-12-512-gb-garansi-resmi-indonesia-i.612055717.45368119574,Rp5500000,,,5.0,,shop_612055717,Kab. Tangerang,2026-10-03 13:38:23.738515
Huawei nova 16 Ultra,HUAWEI NOVA 14 PRO LIKENEW RESMI,https://shopee.co.id/HUAWEI-NOVA-14-PRO-LIKENEW-RESMI-i.623260169.46368186715,Rp5500000,,,,,shop_623260169,Kab. Cilacap,2026-10-03 13:38:23.741175
Huawei nova 16 Ultra,"HUAWEI Nova 14 Pro RAM 12/256GB, 512GB resmi Indonesia",https://shopee.co.id/HUAWEI-Nova-14-Pro-RAM-12-256GB-512GB-resmi-Indonesia-i.268781784.21592455848,Rp5350000,,,5.0,2,shop_268781784,Kab. Tangerang,2026-10-03 13:38:23.743223
Huawei nova 16 Ultra,HUAWEI NOVA 13 PRO RAM 12+3/512GB,https://shopee.co.id/HUAWEI-NOVA-13-PRO-RAM-12-3-512GB-i.259954982.53707024113,Rp5750000,,,5.0,9,shop_259954982,Jakarta Selatan,2026-10-03 13:38:23.746381
Huawei nova 16 Ultra,HUAWEI PURA 80 PRO 80 ULTRA 16/512GB 12/512GB SECOND RESMI INDONESIA LIKE NEW,https://shopee.co.id/HUAWEI-PURA-80-PRO-80-ULTRA-16-512GB-12-512GB-SECOND-RESMI-INDONESIA-LIKE-NEW-i.210866880.47507235377,Rp9080000,,,5.0,9,shop_210866880,Jakarta Timur,2026-10-03 13:38:23.748935
Huawei nova 16 Ultra,HUAWEI NOVA 14 PRO 12/512GB RESMI INDO,https://shopee.co.id/HUAWEI-NOVA-14-PRO-12-512GB-RESMI-INDO-i.163896970.57218624192,Rp5850000,,,4.8,,shop_163896970,Kab. Sleman,2026-10-03 13:38:23.751291
Huawei nova 16 Ultra,HUAWEI nova 10 Smartphone l True-to-Life Color Camera | 60 MP f/2.4.  l Smart AI | 66W second ori,https://shopee.co.id/HUAWEI-nova-10-Smartphone-l-True-to-Life-Color-Camera-60-MP-f-2.4.-l-Smart-AI-66W-second-ori-i.34915584.41682213195,Rp2821900,Rp2826900,-1%,4.9,41,shop_34915584,Jakarta Pusat,2026-10-03 13:38:23.753305
Huawei nova 16s,[ Official Store ] OPPO Reno16 F 5G 8/256GB 50MP Ultra Wide Selfie Camera Garansi resmi 1 Tahun,https://shopee.co.id/-Official-Store-OPPO-Reno16-F-5G-8-256GB-50MP-Ultra-Wide-Selfie-Camera-Garansi-resmi-1-Tahun-i.131726527.40778148749,Rp7487040,,-25%,,62,shop_131726527,,2026-10-04 10:40:02.857282
Huawei nova 16s,realme Note 80 (4/64)(4/128) - Garansi Resmi Realme Indonesia,https://shopee.co.id/realme-Note-80-(4-64)(4-128)-Garansi-Resmi-Realme-Indonesia-i.131726527.28127435565,Rp2169000,,-28%,,944,shop_131726527,,2026-10-04 10:40:02.861062
Huawei nova 16s,[ Official Store ] OPPO A6x 4/64 4/128 6/128 IP64 WaterProof - Garansi Resmi OPPO Indonesia,https://shopee.co.id/-Official-Store-OPPO-A6x-4-64-4-128-6-128-IP64-WaterProof-Garansi-Resmi-OPPO-Indonesia-i.131726527.10412364825,Rp3399000,,-32%,,676,shop_131726527,,2026-10-04 10:40:02.864103
Huawei nova 16s Pro,OPPO Reno16 5G (8/256) (12/256) Snapdragon® 7 Gen 4 - Garansi Resmi OPPO Indonesia,https://shopee.co.id/OPPO-Reno16-5G-(8-256)-(12-256)-Snapdragon®-7-Gen-4-Garansi-Resmi-OPPO-Indonesia-i.131726527.27375890721,Rp7487040,,-25%,,66,shop_131726527,,2026-10-03 12:08:23.278371
Huawei nova 16s Pro,realme Note 80 (4/64)(4/128) - Garansi Resmi Realme Indonesia,https://shopee.co.id/realme-Note-80-(4-64)(4-128)-Garansi-Resmi-Realme-Indonesia-i.131726527.28127435565,Rp2169000,,-28%,,944,shop_131726527,,2026-10-03 12:08:23.281132
Huawei nova 16s Pro,[ Official Store ] OPPO A6x 4/64 4/128 6/128 IP64 WaterProof - Garansi Resmi OPPO Indonesia,https://shopee.co.id/-Official-Store-OPPO-A6x-4-64-4-128-6-128-IP64-WaterProof-Garansi-Resmi-OPPO-Indonesia-i.131726527.10412364825,Rp3399000,,-32%,,676,shop_131726527,,2026-10-03 12:08:23.284279
Infinix GT 50 Pro,Infinix Note Edge 5G+ 8/128GB - Up to 16GB Extended RAM - Dimensity 7100 5G - 6.78” 3D Curved Amoled - 50MP - 6500 mAh - NFC,https://shopee.co.id/Infinix-Note-Edge-5G-8-128GB-Up-to-16GB-Extended-RAM-Dimensity-7100-5G-6.78”-3D-Curved-Amoled-50MP-6500-mAh-NFC-i.342033216.54006504629,Rp4019100,,-2%,,2RB+,shop_342033216,,2026-10-03 13:42:57.551599
Infinix GT 50 Pro,Infinix Note Edge 5G+ 8/256GB - Up to 16GB Extended RAM - Dimensity 7100 5G - 6.78” 3D Curved Amoled - 50MP - 6500 mAh - NFC,https://shopee.co.id/Infinix-Note-Edge-5G-8-256GB-Up-to-16GB-Extended-RAM-Dimensity-7100-5G-6.78”-3D-Curved-Amoled-50MP-6500-mAh-NFC-i.342033216.47504049878,Rp4369000,,-1%,,9RB+,shop_342033216,,2026-10-03 13:42:57.554138
Infinix GT 50 Pro,Infinix Note 60 Pro 12/256GB - Up to 24GB Extended RAM - Snapdragon 7s Gen 4 - 6.78” 1.5K Amoled - 50MP - 6500 mAh - 90W Charging - NFC,https://shopee.co.id/Infinix-Note-60-Pro-12-256GB-Up-to-24GB-Extended-RAM-Snapdragon-7s-Gen-4-6.78”-1.5K-Amoled-50MP-6500-mAh-90W-Charging-NFC-i.342033216.49405876183,Rp6779000,,-3%,,4RB+,shop_342033216,,2026-10-03 13:42:57.556424
Infinix GT 50 Pro,Infinix Note 60 Pro 8/256GB - Up to 16GB Extended RAM - Snapdragon 7s Gen 4 - 6.78” 1.5K Amoled - 50MP - 6500 mAh - 90W Charging - NFC,https://shopee.co.id/Infinix-Note-60-Pro-8-256GB-Up-to-16GB-Extended-RAM-Snapdragon-7s-Gen-4-6.78”-1.5K-Amoled-50MP-6500-mAh-90W-Charging-NFC-i.342033216.41678610108,Rp5819000,,-3%,,5RB+,shop_342033216,,2026-10-03 13:42:57.558815
Infinix Hot 60,Infinix Hot 60i 6/128 8/256 Second Fullset Bekas Resmi,https://shopee.co.id/Infinix-Hot-60i-6-128-8-256-Second-Fullset-Bekas-Resmi-i.845119748.55801216823,Rp2399000,,,,11,shop_845119748,,2026-10-04 09:58:59.112839
Infinix Hot 60,Infinix Hot 50 8/128 6/256 Second Fullset Bekas Resmi,https://shopee.co.id/Infinix-Hot-50-8-128-6-256-Second-Fullset-Bekas-Resmi-i.845119748.26779172433,Rp2349000,,,,88,shop_845119748,,2026-10-04 09:58:59.116411
Infinix Hot 60,Infinix Hot 60 Pro Plus 8/128 | 8/256 Second Fullset Bekas Resmi,https://shopee.co.id/Infinix-Hot-60-Pro-Plus-8-128-8-256-Second-Fullset-Bekas-Resmi-i.845119748.52356896067,Rp3399000,,,,1,shop_845119748,,2026-10-04 09:58:59.119737
Infinix Hot 60,Infinix Hot 50 Pro Plus 8/256 Second Fullset Bekas Resmi NO MINUS,https://shopee.co.id/Infinix-Hot-50-Pro-Plus-8-256-Second-Fullset-Bekas-Resmi-NO-MINUS-i.845119748.26425839456,Rp2799000,,,,27,shop_845119748,,2026-10-04 09:58:59.122837
Infinix Hot 60 Pro,Infinix Note 60 Pro 8/256GB - Up to 16GB Extended RAM - Snapdragon 7s Gen 4 - 6.78” 1.5K Amoled - 50MP - 6500 mAh - 90W Charging - NFC,https://shopee.co.id/Infinix-Note-60-Pro-8-256GB-Up-to-16GB-Extended-RAM-Snapdragon-7s-Gen-4-6.78”-1.5K-Amoled-50MP-6500-mAh-90W-Charging-NFC-i.342033216.41678610108,Rp5819000,,-3%,,5RB+,shop_342033216,,2026-10-04 09:44:05.535627
Infinix Hot 60 Pro,Infinix Hot 70 4/128GB - Up to 8GB Extended RAM - Helio G100 Ultimate - 6.78 inch 120Hz - 50MP - 6000 mAh - NFC,https://shopee.co.id/Infinix-Hot-70-4-128GB-Up-to-8GB-Extended-RAM-Helio-G100-Ultimate-6.78-inch-120Hz-50MP-6000-mAh-NFC-i.342033216.40580799086,Rp2839000,,-2%,,10RB+,shop_342033216,,2026-10-04 09:44:05.538955
Infinix Hot 60 Pro,Infinix Smart 20 4/64GB - Up to 8GB Extended RAM - Mediatek Helio G81 - 6.78” - 8MP - 5200 mAh - IP64,https://shopee.co.id/Infinix-Smart-20-4-64GB-Up-to-8GB-Extended-RAM-Mediatek-Helio-G81-6.78”-8MP-5200-mAh-IP64-i.342033216.46906666616,Rp2039000,,-3%,,10RB+,shop_342033216,,2026-10-04 09:44:05.541317
Infinix Hot 60 Pro,Infinix Hot 70 8/128GB - Up to 16GB Extended RAM - Helio G100 Ultimate - 6.78 inch 120Hz - 50MP - 6000 mAh - NFC,https://shopee.co.id/Infinix-Hot-70-8-128GB-Up-to-16GB-Extended-RAM-Helio-G100-Ultimate-6.78-inch-120Hz-50MP-6000-mAh-NFC-i.342033216.45110369310,Rp3434000,,-2%,,5RB+,shop_342033216,,2026-10-04 09:44:05.544179
Infinix Hot 60 Pro+,"INFINIX HOT 70 4GB 128GB NIGHT PULSE, QUIET VIOLET, SILVER DANCER,THERMO ORANGE",https://shopee.co.id/INFINIX-HOT-70-4GB-128GB-NIGHT-PULSE-QUIET-VIOLET-SILVER-DANCER-THERMO-ORANGE-i.1471949508.28284815675,Rp3027030,,,,182,shop_1471949508,,2026-10-03 12:26:47.867222
Infinix Hot 60 Pro+,TAMBAHAN PACKING EXTRA BUBBLE WRAP,https://shopee.co.id/TAMBAHAN-PACKING-EXTRA-BUBBLE-WRAP-i.1471949508.28585614853,Rp7000,,,,576,shop_1471949508,,2026-10-03 12:26:47.869824
Infinix Hot 60 Pro+,"INFINIX SMART 20 4GB 128GB CLOUDLINE BLUE, POLARIS TITANIUM, SHADOW BLACK, SHADOW BLACK, SUNLIKE ORANGE",https://shopee.co.id/INFINIX-SMART-20-4GB-128GB-CLOUDLINE-BLUE-POLARIS-TITANIUM-SHADOW-BLACK-SHADOW-BLACK-SUNLIKE-ORANGE-i.1471949508.42220752837,Rp2164447,,,,551,shop_1471949508,,2026-10-03 12:26:47.872360
Infinix Hot 60i,Infinix Hot 70 4/128GB - Up to 8GB Extended RAM - Helio G100 Ultimate - 6.78 inch 120Hz - 50MP - 6000 mAh - NFC,https://shopee.co.id/Infinix-Hot-70-4-128GB-Up-to-8GB-Extended-RAM-Helio-G100-Ultimate-6.78-inch-120Hz-50MP-6000-mAh-NFC-i.342033216.40580799086,Rp2839000,,-2%,,10RB+,shop_342033216,,2026-10-04 09:58:21.314310
Infinix Hot 60i,Infinix Smart 20 4/64GB - Up to 8GB Extended RAM - Mediatek Helio G81 - 6.78” - 8MP - 5200 mAh - IP64,https://shopee.co.id/Infinix-Smart-20-4-64GB-Up-to-8GB-Extended-RAM-Mediatek-Helio-G81-6.78”-8MP-5200-mAh-IP64-i.342033216.46906666616,Rp2039000,,-3%,,10RB+,shop_342033216,,2026-10-04 09:58:21.317793
Infinix Hot 60i,Infinix Hot 70 8/128GB - Up to 16GB Extended RAM - Helio G100 Ultimate - 6.78 inch 120Hz - 50MP - 6000 mAh - NFC,https://shopee.co.id/Infinix-Hot-70-8-128GB-Up-to-16GB-Extended-RAM-Helio-G100-Ultimate-6.78-inch-120Hz-50MP-6000-mAh-NFC-i.342033216.45110369310,Rp3434000,,-2%,,5RB+,shop_342033216,,2026-10-04 09:58:21.320686
Infinix Hot 60i,Infinix Smart 20 4/256GB - Up to 8GB Extended RAM - Mediatek Helio G81 - 6.78” - 8MP - 5200 mAh - IP64,https://shopee.co.id/Infinix-Smart-20-4-256GB-Up-to-8GB-Extended-RAM-Mediatek-Helio-G81-6.78”-8MP-5200-mAh-IP64-i.342033216.43880438432,Rp2279000,,-1%,,10RB+,shop_342033216,,2026-10-04 09:58:21.323517
Infinix Hot 60i 4G,Infinix Smart 20 4/64GB - Up to 8GB Extended RAM - Mediatek Helio G81 - 6.78” - 8MP - 5200 mAh - IP64,https://shopee.co.id/Infinix-Smart-20-4-64GB-Up-to-8GB-Extended-RAM-Mediatek-Helio-G81-6.78”-8MP-5200-mAh-IP64-i.342033216.46906666616,Rp2039000,,-3%,,10RB+,shop_342033216,,2026-10-04 11:27:42.234235
Infinix Hot 60i 4G,Infinix Hot 70 4/128GB - Up to 8GB Extended RAM - Helio G100 Ultimate - 6.78 inch 120Hz - 50MP - 6000 mAh - NFC,https://shopee.co.id/Infinix-Hot-70-4-128GB-Up-to-8GB-Extended-RAM-Helio-G100-Ultimate-6.78-inch-120Hz-50MP-6000-mAh-NFC-i.342033216.40580799086,Rp2839000,,-2%,,10RB+,shop_342033216,,2026-10-04 11:27:42.237326
Infinix Hot 60i 4G,Infinix Smart 20 4/256GB - Up to 8GB Extended RAM - Mediatek Helio G81 - 6.78” - 8MP - 5200 mAh - IP64,https://shopee.co.id/Infinix-Smart-20-4-256GB-Up-to-8GB-Extended-RAM-Mediatek-Helio-G81-6.78”-8MP-5200-mAh-IP64-i.342033216.43880438432,Rp2279000,,-1%,,10RB+,shop_342033216,,2026-10-04 11:27:42.240242
Infinix Hot 60i 4G,"Infinix GT 50 Pro 12/256GB Special Box - Up to 24GB Extended RAM - Dimensity 8400 Ultimate - 6.78"" Amoled 1.5KHz - 50MP - 6500 mAh - NFC",https://shopee.co.id/Infinix-GT-50-Pro-12-256GB-Special-Box-Up-to-24GB-Extended-RAM-Dimensity-8400-Ultimate-6.78-Amoled-1.5KHz-50MP-6500-mAh-NFC-i.342033216.28994488897,Rp6849000,,-2%,,754,shop_342033216,,2026-10-04 11:27:42.242638
Infinix Hot 60i 4G,Infinix Hot 60i (8/256) 1.5K AMOLED Display,https://shopee.co.id/Infinix-Hot-60i-(8-256)-1.5K-AMOLED-Display-i.1078704088.47050946917,Rp2190000,,,5.0,11,shop_1078704088,Kab. Tangerang,2026-10-04 11:27:42.244890
Infinix Hot 60i 4G,"Infinix Hot 60i Ram 8/256GB CPU: Mediatek Helio G81 Ultimate (12 nm), Octa",https://shopee.co.id/Infinix-Hot-60i-Ram-8-256GB-CPU-Mediatek-Helio-G81-Ultimate-(12-nm)-Octa-i.1310127569.41459923513,Rp1990000,,,4.7,123,shop_1310127569,Jakarta Barat,2026-10-04 11:27:42.247405
Infinix Hot 60i 4G,Infinix Hot 60i 4G ram 8/256gb Mediatek Helio G81 Ultimate (12 nm) 8/256gb Garansi,https://shopee.co.id/Infinix-Hot-60i-4G-ram-8-256gb-Mediatek-Helio-G81-Ultimate-(12-nm)-8-256gb-Garansi-i.1434563178.42315639086,Rp2340000,,,5.0,5,shop_1434563178,Kab. Tangerang,2026-10-04 11:27:42.250020
Infinix Hot 60i 4G,INFINIX HOT 60i 6/128GB & 8/256GB SECOND FULLSET,https://shopee.co.id/INFINIX-HOT-60i-6-128GB-8-256GB-SECOND-FULLSET-i.329854774.50500087560,Rp2199000,,,5.0,14,shop_329854774,Jakarta Barat,2026-10-04 11:27:42.252879
Infinix Hot 60i 4G,Infinix Hot 60i 6/128 8/256 GB Garansi Resmi Indonesia second,https://shopee.co.id/Infinix-Hot-60i-6-128-8-256-GB-Garansi-Resmi-Indonesia-second-i.42718474.53259801848,Rp2095000,,,3.6,19,shop_42718474,Kab. Purwakarta,2026-10-04 11:27:42.255320
Infinix Hot 60i 4G,Infinix Hot 60i Ram 8/256Gb Original & Garansi Resmi Infinix,https://shopee.co.id/Infinix-Hot-60i-Ram-8-256Gb-Original-Garansi-Resmi-Infinix-i.1306199448.50652164396,Rp2580000,,,4.8,131,shop_1306199448,Surabaya,2026-10-04 11:27:42.257824
Infinix Hot 70,Infinix Hot 70 4/128GB - Up to 8GB Extended RAM - Helio G100 Ultimate - 6.78 inch 120Hz - 50MP - 6000 mAh - NFC,https://shopee.co.id/Infinix-Hot-70-4-128GB-Up-to-8GB-Extended-RAM-Helio-G100-Ultimate-6.78-inch-120Hz-50MP-6000-mAh-NFC-i.342033216.40580799086,Rp2839000,,-2%,,10RB+,shop_342033216,,2026-10-04 10:45:14.748306
Infinix Hot 70,Infinix Hot 70 8/128GB - Up to 16GB Extended RAM - Helio G100 Ultimate - 6.78 inch 120Hz - 50MP - 6000 mAh - NFC,https://shopee.co.id/Infinix-Hot-70-8-128GB-Up-to-16GB-Extended-RAM-Helio-G100-Ultimate-6.78-inch-120Hz-50MP-6000-mAh-NFC-i.342033216.45110369310,Rp3434000,,-2%,,5RB+,shop_342033216,,2026-10-04 10:45:14.751225
Infinix Hot 70,Infinix Hot 70 6/256GB - Up to 12GB Extended RAM - Helio G100 Ultimate - 6.78 inch 120Hz - 50MP - 6000 mAh - NFC,https://shopee.co.id/Infinix-Hot-70-6-256GB-Up-to-12GB-Extended-RAM-Helio-G100-Ultimate-6.78-inch-120Hz-50MP-6000-mAh-NFC-i.342033216.44610375696,Rp3669000,,-1%,,1RB+,shop_342033216,,2026-10-04 10:45:14.753517
Infinix Hot 70,Infinix Smart 20 4/256GB - Up to 8GB Extended RAM - Mediatek Helio G81 - 6.78” - 8MP - 5200 mAh - IP64,https://shopee.co.id/Infinix-Smart-20-4-256GB-Up-to-8GB-Extended-RAM-Mediatek-Helio-G81-6.78”-8MP-5200-mAh-IP64-i.342033216.43880438432,Rp2279000,,-1%,,10RB+,shop_342033216,,2026-10-04 10:45:14.756191
Infinix Hot 70 Pro,Infinix Hot 70 4/128GB - Up to 8GB Extended RAM - Helio G100 Ultimate - 6.78 inch 120Hz - 50MP - 6000 mAh - NFC,https://shopee.co.id/Infinix-Hot-70-4-128GB-Up-to-8GB-Extended-RAM-Helio-G100-Ultimate-6.78-inch-120Hz-50MP-6000-mAh-NFC-i.342033216.40580799086,Rp2839000,,-2%,,10RB+,shop_342033216,,2026-10-04 10:44:28.326707
Infinix Hot 70 Pro,Infinix Hot 70 8/128GB - Up to 16GB Extended RAM - Helio G100 Ultimate - 6.78 inch 120Hz - 50MP - 6000 mAh - NFC,https://shopee.co.id/Infinix-Hot-70-8-128GB-Up-to-16GB-Extended-RAM-Helio-G100-Ultimate-6.78-inch-120Hz-50MP-6000-mAh-NFC-i.342033216.45110369310,Rp3434000,,-2%,,5RB+,shop_342033216,,2026-10-04 10:44:28.331073
Infinix Hot 70 Pro,Infinix Smart 20 4/64GB - Up to 8GB Extended RAM - Mediatek Helio G81 - 6.78” - 8MP - 5200 mAh - IP64,https://shopee.co.id/Infinix-Smart-20-4-64GB-Up-to-8GB-Extended-RAM-Mediatek-Helio-G81-6.78”-8MP-5200-mAh-IP64-i.342033216.46906666616,Rp2039000,,-3%,,10RB+,shop_342033216,,2026-10-04 10:44:28.334469
Infinix Hot 70 Pro,Infinix Note 60 Pro 12/256GB Pininfaria Edition - Up to 24GB Extended RAM - Snapdragon 7s Gen 4 - 6.78” 1.5K Amoled - 50MP - 6500 mAh - 90W Charging - NFC,https://shopee.co.id/Infinix-Note-60-Pro-12-256GB-Pininfaria-Edition-Up-to-24GB-Extended-RAM-Snapdragon-7s-Gen-4-6.78”-1.5K-Amoled-50MP-6500-mAh-90W-Charging-NFC-i.342033216.57309220722,Rp6839000,,-2%,,387,shop_342033216,,2026-10-04 10:44:28.337568
Infinix Note 50 4G,CAMERA BELAKANG / BACK INFINIX NOTE 50 4G BIG ORI ORIGINAL 100%,https://shopee.co.id/CAMERA-BELAKANG-BACK-INFINIX-NOTE-50-4G-BIG-ORI-ORIGINAL-100--i.1506868683.56414263203,Rp270000,,,,6,shop_1506868683,,2026-10-03 12:30:06.694065
Infinix Note 50 Pro+,Infinix Note 60 Pro 8/256GB - Up to 16GB Extended RAM - Snapdragon 7s Gen 4 - 6.78” 1.5K Amoled - 50MP - 6500 mAh - 90W Charging - NFC,https://shopee.co.id/Infinix-Note-60-Pro-8-256GB-Up-to-16GB-Extended-RAM-Snapdragon-7s-Gen-4-6.78”-1.5K-Amoled-50MP-6500-mAh-90W-Charging-NFC-i.342033216.41678610108,Rp5819000,,-3%,,5RB+,shop_342033216,,2026-10-04 11:29:17.044500
Infinix Note 50 Pro+,Infinix Smart 20 4/64GB - Up to 8GB Extended RAM - Mediatek Helio G81 - 6.78” - 8MP - 5200 mAh - IP64,https://shopee.co.id/Infinix-Smart-20-4-64GB-Up-to-8GB-Extended-RAM-Mediatek-Helio-G81-6.78”-8MP-5200-mAh-IP64-i.342033216.46906666616,Rp2039000,,-3%,,10RB+,shop_342033216,,2026-10-04 11:29:17.047464
Infinix Note 50 Pro+,Infinix Note 60 Pro 12/256GB Pininfaria Edition - Up to 24GB Extended RAM - Snapdragon 7s Gen 4 - 6.78” 1.5K Amoled - 50MP - 6500 mAh - 90W Charging - NFC,https://shopee.co.id/Infinix-Note-60-Pro-12-256GB-Pininfaria-Edition-Up-to-24GB-Extended-RAM-Snapdragon-7s-Gen-4-6.78”-1.5K-Amoled-50MP-6500-mAh-90W-Charging-NFC-i.342033216.57309220722,Rp6839000,,-2%,,387,shop_342033216,,2026-10-04 11:29:17.050166
Infinix Note 50 Pro+,Infinix Note 60 8/256GB - Up to 16GB Extended RAM - Dimensity 7400 Ultimate - 6.78” 1.5K Amoled - 50MP - 6500 mAh - NFC,https://shopee.co.id/Infinix-Note-60-8-256GB-Up-to-16GB-Extended-RAM-Dimensity-7400-Ultimate-6.78”-1.5K-Amoled-50MP-6500-mAh-NFC-i.342033216.55605849636,Rp4909000,,-2%,,6RB+,shop_342033216,,2026-10-04 11:29:17.053269
Infinix Note 50 Pro+,Infinix Note 50 Pro TAIL gantungan 8+256GB Smartphone Baru 100% Original 50MP OIS NFC AMOLED 144Hz #KD2,https://shopee.co.id/Infinix-Note-50-Pro-TAIL-gantungan-8-256GB-Smartphone-Baru-100-Original-50MP-OIS-NFC-AMOLED-144Hz-KD2-i.1879731223.49667155321,Rp1499000,Rp3198000,-53%,3.0,52,shop_1879731223,Jakarta Utara,2026-10-04 11:29:17.056259
Infinix Note 50 Pro+,INFINIX NOTE 50 PRO  8+8/256 GB BNOB GARANSI RESMI INDONESIA,https://shopee.co.id/INFINIX-NOTE-50-PRO-8-8-256-GB-BNOB-GARANSI-RESMI-INDONESIA-i.450251256.46906361159,Rp3599999,,,5.0,10,shop_450251256,Surabaya,2026-10-04 11:29:17.059553
Infinix Note 50 Pro+,"Infinix Note 50 Pro - 8/256GB - AMOLED, 120Hz - MediaTek Dimensity 7050 Pluss Wireless",https://shopee.co.id/Infinix-Note-50-Pro-8-256GB-AMOLED-120Hz-MediaTek-Dimensity-7050-Pluss-Wireless-i.1065531130.42461669148,Rp3400000,,,4.5,22,shop_1065531130,Jakarta Selatan,2026-10-04 11:29:17.062616
Infinix Note 50 Pro+,INFINIX Note 50 Pro 8/256GB ( +8GB Extended RAM ) Garansi Resmi INFINIX,https://shopee.co.id/INFINIX-Note-50-Pro-8-256GB-(-8GB-Extended-RAM-)-Garansi-Resmi-INFINIX-i.227051022.26576489633,Rp4799000,,,4.9,2RB+,shop_227051022,Bekasi,2026-10-04 11:29:17.065672
Infinix Note 50 Pro+,Infinix Note 50 Pro 8/256GB - Up to 16GB Extended RAM - Helio G100 Ultimate - 6.78” FHD+ Amoled,https://shopee.co.id/Infinix-Note-50-Pro-8-256GB-Up-to-16GB-Extended-RAM-Helio-G100-Ultimate-6.78”-FHD-Amoled-i.1418432927.27790185413,Rp3550000,,,,,shop_1418432927,Jakarta Barat,2026-10-04 11:29:17.068634
Infinix Note 50 Pro+,Infinix Note 50 Pro 4G Nfc 8GB+256GB Garansi Resmi Infinix indonesia,https://shopee.co.id/Infinix-Note-50-Pro-4G-Nfc-8GB-256GB-Garansi-Resmi-Infinix-indonesia-i.177974962.28136893765,Rp4939000,,,5.0,44,shop_177974962,Jakarta Barat,2026-10-04 11:29:17.071500
Infinix Note 60,Infinix Note 60 Pro 8/256GB - Up to 16GB Extended RAM - Snapdragon 7s Gen 4 - 6.78” 1.5K Amoled - 50MP - 6500 mAh - 90W Charging - NFC,https://shopee.co.id/Infinix-Note-60-Pro-8-256GB-Up-to-16GB-Extended-RAM-Snapdragon-7s-Gen-4-6.78”-1.5K-Amoled-50MP-6500-mAh-90W-Charging-NFC-i.342033216.41678610108,Rp5819000,,-3%,,5RB+,shop_342033216,,2026-10-04 10:46:34.949190
Infinix Note 60,Infinix Note 60 8/256GB - Up to 16GB Extended RAM - Dimensity 7400 Ultimate - 6.78” 1.5K Amoled - 50MP - 6500 mAh - NFC,https://shopee.co.id/Infinix-Note-60-8-256GB-Up-to-16GB-Extended-RAM-Dimensity-7400-Ultimate-6.78”-1.5K-Amoled-50MP-6500-mAh-NFC-i.342033216.55605849636,Rp4909000,,-2%,,6RB+,shop_342033216,,2026-10-04 10:46:35.882127
Infinix Note 60,Infinix Note 60 Pro 12/256GB Pininfaria Edition - Up to 24GB Extended RAM - Snapdragon 7s Gen 4 - 6.78” 1.5K Amoled - 50MP - 6500 mAh - 90W Charging - NFC,https://shopee.co.id/Infinix-Note-60-Pro-12-256GB-Pininfaria-Edition-Up-to-24GB-Extended-RAM-Snapdragon-7s-Gen-4-6.78”-1.5K-Amoled-50MP-6500-mAh-90W-Charging-NFC-i.342033216.57309220722,Rp6839000,,-2%,,387,shop_342033216,,2026-10-04 10:46:36.361540
Infinix Note 60,Infinix Note Edge 5G+ 8/256GB - Up to 16GB Extended RAM - Dimensity 7100 5G - 6.78” 3D Curved Amoled - 50MP - 6500 mAh - NFC,https://shopee.co.id/Infinix-Note-Edge-5G-8-256GB-Up-to-16GB-Extended-RAM-Dimensity-7100-5G-6.78”-3D-Curved-Amoled-50MP-6500-mAh-NFC-i.342033216.47504049878,Rp4369000,,-1%,,9RB+,shop_342033216,,2026-10-04 10:46:36.907711
Infinix Note 60 Pro,Infinix Note 60 Pro 8/256GB - Up to 16GB Extended RAM - Snapdragon 7s Gen 4 - 6.78” 1.5K Amoled - 50MP - 6500 mAh - 90W Charging - NFC,https://shopee.co.id/Infinix-Note-60-Pro-8-256GB-Up-to-16GB-Extended-RAM-Snapdragon-7s-Gen-4-6.78”-1.5K-Amoled-50MP-6500-mAh-90W-Charging-NFC-i.342033216.41678610108,Rp5819000,,-3%,,5RB+,shop_342033216,,2026-10-04 10:45:54.588347
Infinix Note 60 Pro,Infinix Note 60 Pro 12/256GB Pininfaria Edition - Up to 24GB Extended RAM - Snapdragon 7s Gen 4 - 6.78” 1.5K Amoled - 50MP - 6500 mAh - 90W Charging - NFC,https://shopee.co.id/Infinix-Note-60-Pro-12-256GB-Pininfaria-Edition-Up-to-24GB-Extended-RAM-Snapdragon-7s-Gen-4-6.78”-1.5K-Amoled-50MP-6500-mAh-90W-Charging-NFC-i.342033216.57309220722,Rp6839000,,-2%,,387,shop_342033216,,2026-10-04 10:45:54.592749
Infinix Note 60 Pro,Infinix Note 60 8/256GB - Up to 16GB Extended RAM - Dimensity 7400 Ultimate - 6.78” 1.5K Amoled - 50MP - 6500 mAh - NFC,https://shopee.co.id/Infinix-Note-60-8-256GB-Up-to-16GB-Extended-RAM-Dimensity-7400-Ultimate-6.78”-1.5K-Amoled-50MP-6500-mAh-NFC-i.342033216.55605849636,Rp4909000,,-2%,,6RB+,shop_342033216,,2026-10-04 10:45:54.596169
Infinix Note 60 Pro,Infinix Note 60 Pro 12/256GB - Up to 24GB Extended RAM - Snapdragon 7s Gen 4 - 6.78” 1.5K Amoled - 50MP - 6500 mAh - 90W Charging - NFC,https://shopee.co.id/Infinix-Note-60-Pro-12-256GB-Up-to-24GB-Extended-RAM-Snapdragon-7s-Gen-4-6.78”-1.5K-Amoled-50MP-6500-mAh-90W-Charging-NFC-i.342033216.49405876183,Rp6779000,,-3%,,4RB+,shop_342033216,,2026-10-04 10:45:54.599707
Infinix Note 60 Ultra,Infinix Note 60 Pro 8/256GB - Up to 16GB Extended RAM - Snapdragon 7s Gen 4 - 6.78” 1.5K Amoled - 50MP - 6500 mAh - 90W Charging - NFC,https://shopee.co.id/Infinix-Note-60-Pro-8-256GB-Up-to-16GB-Extended-RAM-Snapdragon-7s-Gen-4-6.78”-1.5K-Amoled-50MP-6500-mAh-90W-Charging-NFC-i.342033216.41678610108,Rp5819000,,-3%,,5RB+,shop_342033216,,2026-10-04 10:21:11.822078
Infinix Note 60 Ultra,Infinix Note 60 Pro 12/256GB Pininfaria Edition - Up to 24GB Extended RAM - Snapdragon 7s Gen 4 - 6.78” 1.5K Amoled - 50MP - 6500 mAh - 90W Charging - NFC,https://shopee.co.id/Infinix-Note-60-Pro-12-256GB-Pininfaria-Edition-Up-to-24GB-Extended-RAM-Snapdragon-7s-Gen-4-6.78”-1.5K-Amoled-50MP-6500-mAh-90W-Charging-NFC-i.342033216.57309220722,Rp6839000,,-2%,,387,shop_342033216,,2026-10-04 10:21:11.825284
Infinix Note 60 Ultra,Infinix Note 60 Pro 12/256GB - Up to 24GB Extended RAM - Snapdragon 7s Gen 4 - 6.78” 1.5K Amoled - 50MP - 6500 mAh - 90W Charging - NFC,https://shopee.co.id/Infinix-Note-60-Pro-12-256GB-Up-to-24GB-Extended-RAM-Snapdragon-7s-Gen-4-6.78”-1.5K-Amoled-50MP-6500-mAh-90W-Charging-NFC-i.342033216.49405876183,Rp6779000,,-3%,,4RB+,shop_342033216,,2026-10-04 10:21:11.828686
Infinix Note 60 Ultra,Infinix Note 60 8/256GB - Up to 16GB Extended RAM - Dimensity 7400 Ultimate - 6.78” 1.5K Amoled - 50MP - 6500 mAh - NFC,https://shopee.co.id/Infinix-Note-60-8-256GB-Up-to-16GB-Extended-RAM-Dimensity-7400-Ultimate-6.78”-1.5K-Amoled-50MP-6500-mAh-NFC-i.342033216.55605849636,Rp4909000,,-2%,,6RB+,shop_342033216,,2026-10-04 10:21:11.831535
Infinix Note 60 Ultra,Infinix Note 60 Ultra [12GB+512GB] - Garansi Resmi 1 Tahun,https://shopee.co.id/Infinix-Note-60-Ultra-12GB-512GB-Garansi-Resmi-1-Tahun-i.1053062682.45467850671,Rp10749000,,,4.9,,shop_1053062682,Jakarta Utara,2026-10-04 10:21:11.833815
Infinix Note 60 Ultra,"INFINIX NOTE 60 Ultra 5G [12/512GB] - Design By Pininfarina Edition, MediaTek Dimensity 8400 | GARANSI RESMI INFINIX INDONESIA",https://shopee.co.id/INFINIX-NOTE-60-Ultra-5G-12-512GB-Design-By-Pininfarina-Edition-MediaTek-Dimensity-8400-GARANSI-RESMI-INFINIX-INDONESIA-i.216046779.43830044210,Rp11199000,Rp12999000,-14%,4.7,17,shop_216046779,Jakarta Barat,2026-10-04 10:21:11.835847
Infinix Note 60 Ultra,"INFINIX NOTE 60 5G, NOTE 60 PRO 5G, NOTE 60 ULTRA 5G (8/256GB) (12/256GB) (12/512GB) (PININFARINA EDITION)",https://shopee.co.id/INFINIX-NOTE-60-5G-NOTE-60-PRO-5G-NOTE-60-ULTRA-5G-(8-256GB)-(12-256GB)-(12-512GB)-(PININFARINA-EDITION)-i.15514363.21480602512,Rp6999000,,,4.9,47,shop_15514363,Padang,2026-10-04 10:21:11.838026
Infinix Note 60 Ultra,INFINIX Note 60 ULTRA 12/256GB Garansi Resmi 1th Infinix Indonesia,https://shopee.co.id/INFINIX-Note-60-ULTRA-12-256GB-Garansi-Resmi-1th-Infinix-Indonesia-i.3434676.3695757218,Rp11380000,,,5.0,4,shop_3434676,Bandar Lampung,2026-10-04 10:21:11.840207
Infinix Note 60 Ultra,Infinix Note 60 Ultra ( 12/512GB ) - Dimensity 8400 Ultimate 200MP 144Hz 7000mAh 100W IP64 Garansi Resmi,https://shopee.co.id/Infinix-Note-60-Ultra-(-12-512GB-)-Dimensity-8400-Ultimate-200MP-144Hz-7000mAh-100W-IP64-Garansi-Resmi-i.1491513665.56609459312,Rp10899000,,,3.0,1,shop_1491513665,Jakarta Pusat,2026-10-04 10:21:11.842327
Infinix Note Edge,Infinix Note Edge 5G RAM 6/128GB  8/ 256GB Garansi Resmi Infinix,https://shopee.co.id/Infinix-Note-Edge-5G-RAM-6-128GB-8-256GB-Garansi-Resmi-Infinix-i.1517186678.45654896035,Rp3959000,,-49%,,11,shop_1517186678,,2026-10-03 13:44:48.481644
Infinix Note Edge,Infinix GT 50 PRO RAM 12GB | 256GB - 512GB Garansi Resmi Infinix - Infinix GT50 Pro,https://shopee.co.id/Infinix-GT-50-PRO-RAM-12GB-256GB-512GB-Garansi-Resmi-Infinix-Infinix-GT50-Pro-i.1517186678.43802038992,Rp6799000,,-49%,,67,shop_1517186678,,2026-10-03 13:44:48.494499
Infinix Note Edge,Infinix Note 60 RAM 8GB | 256GB Garansi Resmi Infinix,https://shopee.co.id/Infinix-Note-60-RAM-8GB-256GB-Garansi-Resmi-Infinix-i.1517186678.49453740864,Rp4849000,,-25%,,10,shop_1517186678,,2026-10-03 13:44:48.498223
Infinix Smart 10,INFINIX SMART 10 PLUS 8/128 SECOND FULLSET BEKAS RESMI,https://shopee.co.id/INFINIX-SMART-10-PLUS-8-128-SECOND-FULLSET-BEKAS-RESMI-i.845119748.51509232802,Rp2049000,,,,3,shop_845119748,,2026-10-04 09:59:31.297280
Infinix Smart 10,Infinix Smart 8 4/64 4/128 Second Fullset Bekas Resmi,https://shopee.co.id/Infinix-Smart-8-4-64-4-128-Second-Fullset-Bekas-Resmi-i.845119748.25568480765,Rp1499000,,,,56,shop_845119748,,2026-10-04 09:59:31.300910
Infinix Smart 10,Infinix Smart 10 3/64 4/64 4/128 Second Fullset Bekas Resmi,https://shopee.co.id/Infinix-Smart-10-3-64-4-64-4-128-Second-Fullset-Bekas-Resmi-i.845119748.40779111349,Rp1525000,,,,1,shop_845119748,,2026-10-04 09:59:31.303425
Infinix Smart 10,Infinix Hot 50i 6/128 Second Fullset Bekas Resmi,https://shopee.co.id/Infinix-Hot-50i-6-128-Second-Fullset-Bekas-Resmi-i.845119748.25941303575,Rp1999000,,,,54,shop_845119748,,2026-10-04 09:59:31.305712
Infinix Smart 10 HD,Infinix Smart 20 4/64GB - Up to 8GB Extended RAM - Mediatek Helio G81 - 6.78” - 8MP - 5200 mAh - IP64,https://shopee.co.id/Infinix-Smart-20-4-64GB-Up-to-8GB-Extended-RAM-Mediatek-Helio-G81-6.78”-8MP-5200-mAh-IP64-i.342033216.46906666616,Rp2039000,,-3%,,10RB+,shop_342033216,,2026-10-04 11:28:12.333131
Infinix Smart 10 HD,Infinix Smart 20 4/128GB - Up to 8GB Extended RAM - Mediatek Helio G81 - 6.78” - 8MP - 5200 mAh - IP64,https://shopee.co.id/Infinix-Smart-20-4-128GB-Up-to-8GB-Extended-RAM-Mediatek-Helio-G81-6.78”-8MP-5200-mAh-IP64-i.342033216.40428983454,Rp2260000,,-2%,,10RB+,shop_342033216,,2026-10-04 11:28:12.336859
Infinix Smart 10 HD,Infinix Smart 20 4/256GB - Up to 8GB Extended RAM - Mediatek Helio G81 - 6.78” - 8MP - 5200 mAh - IP64,https://shopee.co.id/Infinix-Smart-20-4-256GB-Up-to-8GB-Extended-RAM-Mediatek-Helio-G81-6.78”-8MP-5200-mAh-IP64-i.342033216.43880438432,Rp2279000,,-1%,,10RB+,shop_342033216,,2026-10-04 11:28:12.340151
Infinix Smart 10 HD,Infinix Hot 70 4/128GB - Up to 8GB Extended RAM - Helio G100 Ultimate - 6.78 inch 120Hz - 50MP - 6000 mAh - NFC,https://shopee.co.id/Infinix-Hot-70-4-128GB-Up-to-8GB-Extended-RAM-Helio-G100-Ultimate-6.78-inch-120Hz-50MP-6000-mAh-NFC-i.342033216.40580799086,Rp2839000,,-2%,,10RB+,shop_342033216,,2026-10-04 11:28:12.343564
Infinix Smart 10 HD,Infinix Smart 10 HD 4GB + 64GB | Smart 10 Ram 4GB + 128GB Garansi Resmi,https://shopee.co.id/Infinix-Smart-10-HD-4GB-64GB-Smart-10-Ram-4GB-128GB-Garansi-Resmi-i.177974962.25339418142,Rp1889000,,,4.9,272,shop_177974962,Jakarta Barat,2026-10-04 11:28:12.347150
Infinix Smart 10 HD,Infinix Smart 10 HD 4/64GB,https://shopee.co.id/Infinix-Smart-10-HD-4-64GB-i.1026106170.44455205388,Rp5299000,,,,,shop_1026106170,Kab. Sidoarjo,2026-10-04 11:28:12.350598
Infinix Smart 10 HD,infinix Smart 10 HD 4/64GB | 4/128GB | Smart10 Plus Nfc 8/128GB Garansi Resmi indonesia,https://shopee.co.id/infinix-Smart-10-HD-4-64GB-4-128GB-Smart10-Plus-Nfc-8-128GB-Garansi-Resmi-indonesia-i.267821952.9749537597,Rp1993000,Rp1999000,-1%,5.0,119,shop_267821952,Jakarta Barat,2026-10-04 11:28:12.354023
Infinix Smart 10 HD,Infinix Smart 10 4/128GB - Up to 8GB Extended RAM - 6.67 inch 120Hz HD+ - T7250 - 5000 mAh - GARANSI 1 TAHUN!!!,https://shopee.co.id/Infinix-Smart-10-4-128GB-Up-to-8GB-Extended-RAM-6.67-inch-120Hz-HD-T7250-5000-mAh-GARANSI-1-TAHUN!!!-i.1568198895.50212408976,Rp30000,Rp1650000,,,8,shop_1568198895,Jakarta Barat,2026-10-04 11:28:12.357152
Infinix Smart 10 HD,Infinix Smart 10 4/128GB - Up to 8GB Extended RAM - 6.67 inch 120Hz HD+ - T7250 - 5000 mAh,https://shopee.co.id/Infinix-Smart-10-4-128GB-Up-to-8GB-Extended-RAM-6.67-inch-120Hz-HD-T7250-5000-mAh-i.1336665569.54701020845,Rp1579000,,,4.8,313,shop_1336665569,Jakarta Barat,2026-10-04 11:28:12.360117
Infinix Smart 10 Plus,Infinix Smart 20 4/128GB - Up to 8GB Extended RAM - Mediatek Helio G81 - 6.78” - 8MP - 5200 mAh - IP64,https://shopee.co.id/Infinix-Smart-20-4-128GB-Up-to-8GB-Extended-RAM-Mediatek-Helio-G81-6.78”-8MP-5200-mAh-IP64-i.342033216.40428983454,Rp2260000,,-2%,,10RB+,shop_342033216,,2026-10-04 09:44:39.787429
Infinix Smart 10 Plus,Infinix Smart 20 4/64GB - Up to 8GB Extended RAM - Mediatek Helio G81 - 6.78” - 8MP - 5200 mAh - IP64,https://shopee.co.id/Infinix-Smart-20-4-64GB-Up-to-8GB-Extended-RAM-Mediatek-Helio-G81-6.78”-8MP-5200-mAh-IP64-i.342033216.46906666616,Rp2039000,,-3%,,10RB+,shop_342033216,,2026-10-04 09:44:39.790927
Infinix Smart 10 Plus,Infinix Smart 20 4/256GB - Up to 8GB Extended RAM - Mediatek Helio G81 - 6.78” - 8MP - 5200 mAh - IP64,https://shopee.co.id/Infinix-Smart-20-4-256GB-Up-to-8GB-Extended-RAM-Mediatek-Helio-G81-6.78”-8MP-5200-mAh-IP64-i.342033216.43880438432,Rp2279000,,-1%,,10RB+,shop_342033216,,2026-10-04 09:44:39.794498
Infinix Smart 10 Plus,Infinix Hot 70 4/128GB - Up to 8GB Extended RAM - Helio G100 Ultimate - 6.78 inch 120Hz - 50MP - 6000 mAh - NFC,https://shopee.co.id/Infinix-Hot-70-4-128GB-Up-to-8GB-Extended-RAM-Helio-G100-Ultimate-6.78-inch-120Hz-50MP-6000-mAh-NFC-i.342033216.40580799086,Rp2839000,,-2%,,10RB+,shop_342033216,,2026-10-04 09:44:39.796764
Infinix Smart 20,Infinix Hot 70 6/256GB - Up to 12GB Extended RAM - Helio G100 Ultimate - 6.78 inch 120Hz - 50MP - 6000 mAh - NFC,https://shopee.co.id/Infinix-Hot-70-6-256GB-Up-to-12GB-Extended-RAM-Helio-G100-Ultimate-6.78-inch-120Hz-50MP-6000-mAh-NFC-i.342033216.44610375696,Rp3669000,,-1%,,1RB+,shop_342033216,,2026-10-03 13:43:27.267504
Infinix Smart 20,Infinix Smart 20 4/128GB - Up to 8GB Extended RAM - Mediatek Helio G81 - 6.78” - 8MP - 5200 mAh - IP64,https://shopee.co.id/Infinix-Smart-20-4-128GB-Up-to-8GB-Extended-RAM-Mediatek-Helio-G81-6.78”-8MP-5200-mAh-IP64-i.342033216.40428983454,Rp2260000,,-2%,,10RB+,shop_342033216,,2026-10-03 13:43:27.270574
Infinix Smart 20,Infinix Smart 20 4/256GB - Up to 8GB Extended RAM - Mediatek Helio G81 - 6.78” - 8MP - 5200 mAh - IP64,https://shopee.co.id/Infinix-Smart-20-4-256GB-Up-to-8GB-Extended-RAM-Mediatek-Helio-G81-6.78”-8MP-5200-mAh-IP64-i.342033216.43880438432,Rp2279000,,-1%,,10RB+,shop_342033216,,2026-10-03 13:43:27.272998
Infinix Smart 20,Infinix Smart 20 4/64GB - Up to 8GB Extended RAM - Mediatek Helio G81 - 6.78” - 8MP - 5200 mAh - IP64,https://shopee.co.id/Infinix-Smart-20-4-64GB-Up-to-8GB-Extended-RAM-Mediatek-Helio-G81-6.78”-8MP-5200-mAh-IP64-i.342033216.46906666616,Rp2039000,,-3%,,10RB+,shop_342033216,,2026-10-03 13:43:27.275296
Infinix Xpad 20,"Infinix XPAD 20 Pro 8/128GB - Mediatek G100 Ultimate - 12"" 2K 90Hz  - 8000 mAh - 4G LTE",https://shopee.co.id/Infinix-XPAD-20-Pro-8-128GB-Mediatek-G100-Ultimate-12-2K-90Hz-8000-mAh-4G-LTE-i.342033216.42872434782,Rp3849000,,,,10RB+,shop_342033216,,2026-10-04 09:45:14.202669
Infinix Xpad 20,"Infinix XPAD 30E 4/128GB - MediaTek Helio G80 - 11"" FHD+ 60Hz  - 7200 mAh - 4G LTE",https://shopee.co.id/Infinix-XPAD-30E-4-128GB-MediaTek-Helio-G80-11-FHD-60Hz-7200-mAh-4G-LTE-i.342033216.46256050620,Rp2749000,,,,5RB+,shop_342033216,,2026-10-04 09:45:14.205749
Infinix Xpad 20,"Infinix XPAD 30 Pro 4/128GB - MediaTek Helio G200 Ultimate - 11"" FHD+ 90Hz - 8200 mAh - 4G LTE",https://shopee.co.id/Infinix-XPAD-30-Pro-4-128GB-MediaTek-Helio-G200-Ultimate-11-FHD-90Hz-8200-mAh-4G-LTE-i.342033216.29845219032,Rp3489000,,-1%,,305,shop_342033216,,2026-10-04 09:45:14.208430
Infinix Xpad 20,"Infinix XPAD 30 Pro 8/128GB - MediaTek Helio G200 Ultimate - 11"" FHD+ 90Hz - 8200 mAh - 4G LTE",https://shopee.co.id/Infinix-XPAD-30-Pro-8-128GB-MediaTek-Helio-G200-Ultimate-11-FHD-90Hz-8200-mAh-4G-LTE-i.342033216.53213499444,Rp4559000,,-1%,,233,shop_342033216,,2026-10-04 09:45:14.211561
Infinix Xpad 20 Pro,"[COD] Infinix Pad Tablet 5G 10.1"" 16GB+1TBSnapdragon 888 120Hz OLED AndroidGaming Kencang Layar Besar BelajarZoom COD Bayar di Tempat GaransiResmi Original Free Stand",https://shopee.co.id/-COD-Infinix-Pad-Tablet-5G-10.1-16GB-1TBSnapdragon-888-120Hz-OLED-AndroidGaming-Kencang-Layar-Besar-BelajarZoom-COD-Bayar-di-Tempat-GaransiResmi-Original-Free-Stand-i.1731651294.51418404437,Rp1349996,,-79%,,,shop_1731651294,,2026-10-03 12:25:37.531318
Infinix Xpad 20 Pro,[COD+Garansi 5 Tahun]  Samsung Galaxy Tab 10.1 Pro Tablet Android RAM 16GB ROM 512GB Layar 4K Ultra HD | 4G 5G LTE Dual SIM Bisa Telepon | Tablet Main Game Belajar Online Kerja | Layar Besar 10.1 Inch | Ready Stock Garansi Toko Dikirim Hari Ini,https://shopee.co.id/-COD-Garansi-5-Tahun-Samsung-Galaxy-Tab-10.1-Pro-Tablet-Android-RAM-16GB-ROM-512GB-Layar-4K-Ultra-HD-4G-5G-LTE-Dual-SIM-Bisa-Telepon-Tablet-Main-Game-Belajar-Online-Kerja-Layar-Besar-10.1-Inch-Ready-Stock-Garansi-Toko-Dikirim-Hari-Ini-i.1731651294.51263659583,Rp1349996,,-79%,,102,shop_1731651294,,2026-10-03 12:25:37.533726
Infinix Xpad 30 Pro,"[COD] Infinix Pad Tablet 5G 10.1"" 16GB+1TBSnapdragon 888 120Hz OLED AndroidGaming Kencang Layar Besar BelajarZoom COD Bayar di Tempat GaransiResmi Original Free Stand",https://shopee.co.id/-COD-Infinix-Pad-Tablet-5G-10.1-16GB-1TBSnapdragon-888-120Hz-OLED-AndroidGaming-Kencang-Layar-Besar-BelajarZoom-COD-Bayar-di-Tempat-GaransiResmi-Original-Free-Stand-i.1731651294.51418404437,Rp1349996,,-79%,,,shop_1731651294,,2026-10-03 13:42:26.022691
Infinix Xpad 30 Pro,[COD+Garansi 5 Tahun]  Samsung Galaxy Tab 10.1 Pro Tablet Android RAM 16GB ROM 512GB Layar 4K Ultra HD | 4G 5G LTE Dual SIM Bisa Telepon | Tablet Main Game Belajar Online Kerja | Layar Besar 10.1 Inch | Ready Stock Garansi Toko Dikirim Hari Ini,https://shopee.co.id/-COD-Garansi-5-Tahun-Samsung-Galaxy-Tab-10.1-Pro-Tablet-Android-RAM-16GB-ROM-512GB-Layar-4K-Ultra-HD-4G-5G-LTE-Dual-SIM-Bisa-Telepon-Tablet-Main-Game-Belajar-Online-Kerja-Layar-Besar-10.1-Inch-Ready-Stock-Garansi-Toko-Dikirim-Hari-Ini-i.1731651294.51263659583,Rp1349996,,-79%,,102,shop_1731651294,,2026-10-03 13:42:26.025535
Infinix Xpad GT,"Infinix XPAD 30E 4/128GB - MediaTek Helio G80 - 11"" FHD+ 60Hz  - 7200 mAh - 4G LTE",https://shopee.co.id/Infinix-XPAD-30E-4-128GB-MediaTek-Helio-G80-11-FHD-60Hz-7200-mAh-4G-LTE-i.342033216.46256050620,Rp2749000,,,,5RB+,shop_342033216,,2026-10-04 11:28:46.257497
Infinix Xpad GT,"Infinix XPAD Edge 8/256GB - Qualcomm SD685 - 13.2"" 2.4K 60Hz  - 8000 mAh - 4G LTE",https://shopee.co.id/Infinix-XPAD-Edge-8-256GB-Qualcomm-SD685-13.2-2.4K-60Hz-8000-mAh-4G-LTE-i.342033216.54854029783,Rp4649000,,,,610,shop_342033216,,2026-10-04 11:28:46.263336
Infinix Xpad GT,"Infinix XPAD 30 Pro 8/128GB - MediaTek Helio G200 Ultimate - 11"" FHD+ 90Hz - 8200 mAh - 4G LTE",https://shopee.co.id/Infinix-XPAD-30-Pro-8-128GB-MediaTek-Helio-G200-Ultimate-11-FHD-90Hz-8200-mAh-4G-LTE-i.342033216.53213499444,Rp4559000,,-1%,,235,shop_342033216,,2026-10-04 11:28:46.266802
Infinix Xpad GT,"Infinix XPAD 20 Pro 8/128GB - Mediatek G100 Ultimate - 12"" 2K 90Hz  - 8000 mAh - 4G LTE",https://shopee.co.id/Infinix-XPAD-20-Pro-8-128GB-Mediatek-G100-Ultimate-12-2K-90Hz-8000-mAh-4G-LTE-i.342033216.42872434782,Rp3849000,,,,10RB+,shop_342033216,,2026-10-04 11:28:46.270378
Infinix Xpad GT,"Infinix XPad GT 8/256GB Qualcomm Snapdragon 888 - 13"" 144Hz - 10000 mAh Garansi Resmi",https://shopee.co.id/Infinix-XPad-GT-8-256GB-Qualcomm-Snapdragon-888-13-144Hz-10000-mAh-Garansi-Resmi-i.1784011338.55368292321,Rp6471000,,,,,shop_1784011338,Jakarta Pusat,2026-10-04 11:28:46.273237
Infinix Xpad GT,Infinix XPAD GT 256GB [ RAM 8GB ] - Wifi Only - Stellar Grey - Garansi Resmi Indonesia,https://shopee.co.id/Infinix-XPAD-GT-256GB-RAM-8GB-Wifi-Only-Stellar-Grey-Garansi-Resmi-Indonesia-i.175053773.28126546953,Rp6471000,,,5.0,26,shop_175053773,Jakarta Pusat,2026-10-04 11:28:46.275616
Infinix Xpad GT,Infinix Xpad GT 8/256GB Stellar Grey FREE Keyboard & Pen Tab Android Tablet Garansi Resmi Not 20 30 Pro,https://shopee.co.id/Infinix-Xpad-GT-8-256GB-Stellar-Grey-FREE-Keyboard-Pen-Tab-Android-Tablet-Garansi-Resmi-Not-20-30-Pro-i.1639279615.28245956872,Rp6483500,Rp9999000,-35%,4.9,,shop_1639279615,Jakarta Pusat,2026-10-04 11:28:46.277961
Infinix Xpad GT,Infinix XPAD GT 8/256GB + Keyboard + Pen Garansi Resmi,https://shopee.co.id/Infinix-XPAD-GT-8-256GB-Keyboard-Pen-Garansi-Resmi-i.102896867.40657742834,Rp6467000,Rp8639000,-25%,4.9,,shop_102896867,Jakarta Pusat,2026-10-04 11:28:46.280967
Infinix Xpad GT,Infinix XPAD GT 8/256 - Qualcomm SM8350 Snapdragon 888 5G - Dengan Garansi Resmi,https://shopee.co.id/Infinix-XPAD-GT-8-256-Qualcomm-SM8350-Snapdragon-888-5G-Dengan-Garansi-Resmi-i.1831145130.52212521934,Rp5400000,,,,1,shop_1831145130,Jakarta Barat,2026-10-04 11:28:46.283152
Oppo A7 Pro,[HANYA UANG MUKA] OPPO A7 PRO MAX 5G,https://shopee.co.id/-HANYA-UANG-MUKA-OPPO-A7-PRO-MAX-5G-i.13140292.40434742001,Rp200000,,,,1,shop_13140292,,2026-10-04 10:50:00.732283
Oppo A7 Pro Max,[HANYA UANG MUKA] OPPO A7 PRO MAX 5G,https://shopee.co.id/-HANYA-UANG-MUKA-OPPO-A7-PRO-MAX-5G-i.13140292.40434742001,Rp200000,,,,1,shop_13140292,,2026-10-04 10:21:47.501905
Oppo Find N6,OPPO Find X8 16GB/512GB & 12GB/256GB,https://shopee.co.id/OPPO-Find-X8-16GB-512GB-12GB-256GB-i.13140292.26114892173,Rp15999000,,,,182,shop_13140292,,2026-10-04 10:53:38.233775
Oppo Find N6,OPPO Find X8 Pro 16GB/512GB,https://shopee.co.id/OPPO-Find-X8-Pro-16GB-512GB-i.13140292.24887372225,Rp18999000,,-5%,,24,shop_13140292,,2026-10-04 10:53:38.238348
Oppo Find X10,OPPO Find X8 16GB/512GB & 12GB/256GB,https://shopee.co.id/OPPO-Find-X8-16GB-512GB-12GB-256GB-i.13140292.26114892173,Rp15999000,,,,182,shop_13140292,,2026-10-03 12:12:36.009086
Oppo Find X10 E,OPPO Find X8 16GB/512GB & 12GB/256GB,https://shopee.co.id/OPPO-Find-X8-16GB-512GB-12GB-256GB-i.13140292.26114892173,Rp15999000,,,,182,shop_13140292,,2026-10-04 10:48:08.332596
Oppo Find X10 E,OPPO Find X8 Pro 16GB/512GB,https://shopee.co.id/OPPO-Find-X8-Pro-16GB-512GB-i.13140292.24887372225,Rp18999000,,-5%,,24,shop_13140292,,2026-10-04 10:48:08.336478
Oppo Find X10 Pro Max,OPPO Find X8 16GB/512GB & 12GB/256GB,https://shopee.co.id/OPPO-Find-X8-16GB-512GB-12GB-256GB-i.13140292.26114892173,Rp15999000,,,,182,shop_13140292,,2026-10-03 13:46:25.685083
Oppo Find X9 Ultra,[NEW] OPPO Hasselblad Earth Explorer Kit For Find X9 Ultra,https://shopee.co.id/-NEW-OPPO-Hasselblad-Earth-Explorer-Kit-For-Find-X9-Ultra-i.13140292.58112375004,Rp6999000,,,,35,shop_13140292,,2026-10-03 12:14:54.344179
Oppo K14 Lite,[ Official Store ] OPPO Reno16 F 5G 8/256GB 50MP Ultra Wide Selfie Camera Garansi resmi 1 Tahun,https://shopee.co.id/-Official-Store-OPPO-Reno16-F-5G-8-256GB-50MP-Ultra-Wide-Selfie-Camera-Garansi-resmi-1-Tahun-i.131726527.40778148749,Rp7487040,,-25%,,62,shop_131726527,,2026-10-04 10:49:23.293145
Oppo K14 Lite,OPPO Reno16 5G (8/256) (12/256) Snapdragon® 7 Gen 4 - Garansi Resmi OPPO Indonesia,https://shopee.co.id/OPPO-Reno16-5G-(8-256)-(12-256)-Snapdragon®-7-Gen-4-Garansi-Resmi-OPPO-Indonesia-i.131726527.27375890721,Rp7487040,,-25%,,68,shop_131726527,,2026-10-04 10:49:23.296105
Oppo K14 Lite,realme Note 80 (4/64)(4/128) - Garansi Resmi Realme Indonesia,https://shopee.co.id/realme-Note-80-(4-64)(4-128)-Garansi-Resmi-Realme-Indonesia-i.131726527.28127435565,Rp2169000,,-28%,,944,shop_131726527,,2026-10-04 10:49:23.298708
Oppo Reno16,"[NEW] OPPO Reno16 F 5G Eco Pack 8GB+256GB [3D Pop Planet Design, AI Remix Collage, 50MP Ultra-wide Selfie Camera]",https://shopee.co.id/-NEW-OPPO-Reno16-F-5G-Eco-Pack-8GB-256GB-3D-Pop-Planet-Design-AI-Remix-Collage-50MP-Ultra-wide-Selfie-Camera--i.13140292.49213995316,Rp7799000,,-3%,,911,shop_13140292,,2026-10-03 12:13:51.514406
Oppo Reno16 (China),"[NEW] OPPO Reno16 F 5G Eco Pack 8GB+256GB [3D Pop Planet Design, AI Remix Collage, 50MP Ultra-wide Selfie Camera]",https://shopee.co.id/-NEW-OPPO-Reno16-F-5G-Eco-Pack-8GB-256GB-3D-Pop-Planet-Design-AI-Remix-Collage-50MP-Ultra-wide-Selfie-Camera--i.13140292.49213995316,Rp7799000,,-3%,,911,shop_13140292,,2026-10-03 12:14:23.002457
Oppo Reno16 (China),"[NEW] OPPO Reno16 F 5G 8GB+128/256GB [3D Pop Planet Design, AI Remix Collage, 50MP Ultra-wide Selfie Camera]",https://shopee.co.id/-NEW-OPPO-Reno16-F-5G-8GB-128-256GB-3D-Pop-Planet-Design-AI-Remix-Collage-50MP-Ultra-wide-Selfie-Camera--i.13140292.56861592688,Rp7799000,,-3%,,1RB+,shop_13140292,,2026-10-03 12:14:23.006076
Oppo Reno16 F,"[NEW] OPPO Reno16 Pro 5G 12GB+256GB [3D Pop Planet Design, AI Remix Collage, 200MP Ultra-clear Main Camera]",https://shopee.co.id/-NEW-OPPO-Reno16-Pro-5G-12GB-256GB-3D-Pop-Planet-Design-AI-Remix-Collage-200MP-Ultra-clear-Main-Camera--i.13140292.55361595246,Rp14999000,,,,110,shop_13140292,,2026-10-03 13:47:42.816335
Oppo Reno16 F,"[NEW] OPPO Reno16 5G 8GB+256GB/12GB+256GB [3D Pop Planet Design, AI Remix Collage, 50MP Ultra Wide Selfie Camera]",https://shopee.co.id/-NEW-OPPO-Reno16-5G-8GB-256GB-12GB-256GB-3D-Pop-Planet-Design-AI-Remix-Collage-50MP-Ultra-Wide-Selfie-Camera--i.13140292.48061613663,Rp11999000,,,,240,shop_13140292,,2026-10-03 13:47:42.822026
Oppo Reno16 FS,"[NEW] OPPO Reno16 F 5G 8GB+128/256GB [3D Pop Planet Design, AI Remix Collage, 50MP Ultra-wide Selfie Camera]",https://shopee.co.id/-NEW-OPPO-Reno16-F-5G-8GB-128-256GB-3D-Pop-Planet-Design-AI-Remix-Collage-50MP-Ultra-wide-Selfie-Camera--i.13140292.56861592688,Rp7799000,,-3%,,1RB+,shop_13140292,,2026-10-03 13:47:10.339891
Oppo Reno16 FS,"[NEW] OPPO Reno16 F 5G Eco Pack 8GB+256GB [3D Pop Planet Design, AI Remix Collage, 50MP Ultra-wide Selfie Camera]",https://shopee.co.id/-NEW-OPPO-Reno16-F-5G-Eco-Pack-8GB-256GB-3D-Pop-Planet-Design-AI-Remix-Collage-50MP-Ultra-wide-Selfie-Camera--i.13140292.49213995316,Rp7799000,,-3%,,911,shop_13140292,,2026-10-03 13:47:10.345174
Oppo Reno16 Pro,"[NEW] OPPO Reno16 Pro 5G 12GB+256GB [3D Pop Planet Design, AI Remix Collage, 200MP Ultra-clear Main Camera]",https://shopee.co.id/-NEW-OPPO-Reno16-Pro-5G-12GB-256GB-3D-Pop-Planet-Design-AI-Remix-Collage-200MP-Ultra-clear-Main-Camera--i.13140292.55361595246,Rp14999000,,,,110,shop_13140292,,2026-10-03 12:13:12.093673
Oppo Reno16 Pro,"[NEW] OPPO Reno16 5G 8GB+256GB/12GB+256GB [3D Pop Planet Design, AI Remix Collage, 50MP Ultra Wide Selfie Camera]",https://shopee.co.id/-NEW-OPPO-Reno16-5G-8GB-256GB-12GB-256GB-3D-Pop-Planet-Design-AI-Remix-Collage-50MP-Ultra-Wide-Selfie-Camera--i.13140292.48061613663,Rp11999000,,,,240,shop_13140292,,2026-10-03 12:13:12.097036
Oppo Reno16 Pro,"[NEW] OPPO Reno16 F 5G Eco Pack 8GB+256GB [3D Pop Planet Design, AI Remix Collage, 50MP Ultra-wide Selfie Camera]",https://shopee.co.id/-NEW-OPPO-Reno16-F-5G-Eco-Pack-8GB-256GB-3D-Pop-Planet-Design-AI-Remix-Collage-50MP-Ultra-wide-Selfie-Camera--i.13140292.49213995316,Rp7799000,,-3%,,911,shop_13140292,,2026-10-03 12:13:12.099811
Oppo Reno16 Pro (China),"[NEW] OPPO Reno16 Pro 5G 12GB+256GB [3D Pop Planet Design, AI Remix Collage, 200MP Ultra-clear Main Camera]",https://shopee.co.id/-NEW-OPPO-Reno16-Pro-5G-12GB-256GB-3D-Pop-Planet-Design-AI-Remix-Collage-200MP-Ultra-clear-Main-Camera--i.13140292.55361595246,Rp14999000,,,,111,shop_13140292,,2026-10-04 10:51:10.374454
Oppo Reno16 Pro (China),"[NEW] OPPO Reno16 F 5G 8GB+128/256GB [3D Pop Planet Design, AI Remix Collage, 50MP Ultra-wide Selfie Camera]",https://shopee.co.id/-NEW-OPPO-Reno16-F-5G-8GB-128-256GB-3D-Pop-Planet-Design-AI-Remix-Collage-50MP-Ultra-wide-Selfie-Camera--i.13140292.56861592688,Rp7799000,,-3%,,1RB+,shop_13140292,,2026-10-04 10:51:10.378507
Oppo Reno16 Pro (China),"[NEW] OPPO Reno16 F 5G Eco Pack 8GB+256GB [3D Pop Planet Design, AI Remix Collage, 50MP Ultra-wide Selfie Camera]",https://shopee.co.id/-NEW-OPPO-Reno16-F-5G-Eco-Pack-8GB-256GB-3D-Pop-Planet-Design-AI-Remix-Collage-50MP-Ultra-wide-Selfie-Camera--i.13140292.49213995316,Rp7799000,,-3%,,921,shop_13140292,,2026-10-04 10:51:10.380970
Oppo Reno16c,"[NEW] OPPO Reno16 F 5G 8GB+128/256GB [3D Pop Planet Design, AI Remix Collage, 50MP Ultra-wide Selfie Camera]",https://shopee.co.id/-NEW-OPPO-Reno16-F-5G-8GB-128-256GB-3D-Pop-Planet-Design-AI-Remix-Collage-50MP-Ultra-wide-Selfie-Camera--i.13140292.56861592688,Rp7799000,,-3%,,1RB+,shop_13140292,,2026-10-04 09:51:10.098131
Oppo Reno16c,"[NEW] OPPO Reno16 Pro 5G 12GB+256GB [3D Pop Planet Design, AI Remix Collage, 200MP Ultra-clear Main Camera]",https://shopee.co.id/-NEW-OPPO-Reno16-Pro-5G-12GB-256GB-3D-Pop-Planet-Design-AI-Remix-Collage-200MP-Ultra-clear-Main-Camera--i.13140292.55361595246,Rp14999000,,,,110,shop_13140292,,2026-10-04 09:51:10.101161
Realme 16 Pro,"[NEW] OPPO Reno16 F 5G Eco Pack 8GB+256GB [3D Pop Planet Design, AI Remix Collage, 50MP Ultra-wide Selfie Camera]",https://shopee.co.id/-NEW-OPPO-Reno16-F-5G-Eco-Pack-8GB-256GB-3D-Pop-Planet-Design-AI-Remix-Collage-50MP-Ultra-wide-Selfie-Camera--i.13140292.49213995316,Rp7799000,,-3%,,921,shop_13140292,,2026-10-04 10:57:50.661398
Realme 16 Pro+,"[NEW] OPPO Reno16 F 5G Eco Pack 8GB+256GB [3D Pop Planet Design, AI Remix Collage, 50MP Ultra-wide Selfie Camera]",https://shopee.co.id/-NEW-OPPO-Reno16-F-5G-Eco-Pack-8GB-256GB-3D-Pop-Planet-Design-AI-Remix-Collage-50MP-Ultra-wide-Selfie-Camera--i.13140292.49213995316,Rp7799000,,-3%,,911,shop_13140292,,2026-10-03 12:15:26.911819
Realme C100,"realme C100 6/128GB 8/256GB 7 Tahun Daya Tahan, 10W Reverse, Tahan Banting & Debu, IP69 Pro",https://shopee.co.id/realme-C100-6-128GB-8-256GB-7-Tahun-Daya-Tahan-10W-Reverse-Tahan-Banting-Debu-IP69-Pro-i.265051986.41165272845,Rp3399000,,-15%,,179,shop_265051986,,2026-10-04 10:03:36.348738
Realme C100i,Realme C100I  4GB 128GB | 6GB 256GB Garansi Resmi,https://shopee.co.id/Realme-C100I-4GB-128GB-6GB-256GB-Garansi-Resmi-i.1039970542.57362527407,Rp2579000,,,,12,shop_1039970542,,2026-10-04 10:13:43.127995
Realme C100i,Tambahan Packing Kayu,https://shopee.co.id/Tambahan-Packing-Kayu-i.1039970542.11499646359,Rp100000,,,,722,shop_1039970542,,2026-10-04 10:13:43.131659
Realme C100i,Asus Vivobook Go 14 E1404FA RYZEN 3 7320 8GB 256GB 14.0FHD Windows 11 + Office Garansi Resmi,https://shopee.co.id/Asus-Vivobook-Go-14-E1404FA-RYZEN-3-7320-8GB-256GB-14.0FHD-Windows-11-Office-Garansi-Resmi-i.1039970542.22785007271,Rp16245000,,,,536,shop_1039970542,,2026-10-04 10:13:43.134403
Realme C100i (India),realme C100i (4/128)(4/256)(6/128) - Garansi Resmi realme Indonesia,https://shopee.co.id/realme-C100i-(4-128)(4-256)(6-128)-Garansi-Resmi-realme-Indonesia-i.131726527.28777393758,Rp2699000,,-10%,,414,shop_131726527,,2026-10-04 10:22:27.229777
Realme C100x,realme C100x 6/128GB (6+12GB Extended RAM) Garansi Resmi Indonesia Hp Android Murah Terbaru 2026 Ori,https://shopee.co.id/realme-C100x-6-128GB-(6-12GB-Extended-RAM)-Garansi-Resmi-Indonesia-Hp-Android-Murah-Terbaru-2026-Ori-i.131698265.40604653540,Rp3399000,,-28%,,302,shop_131698265,,2026-10-04 10:22:58.410358
Realme C100x,realme C100x 6/256GB (6GB+12GB Extended RAM) Official Store HP Android Murah Terbaru 2026 Handphone,https://shopee.co.id/realme-C100x-6-256GB-(6GB-12GB-Extended-RAM)-Official-Store-HP-Android-Murah-Terbaru-2026-Handphone-i.131698265.42830694395,Rp3799000,,-24%,,6,shop_131698265,,2026-10-04 10:22:58.413936
Realme Narzo Power,voltyfon - [READY] realme note 80 dynamic ram 4GB+64GB Ultra slim Tahan benturan Millitary Shock ORI,https://shopee.co.id/voltyfon-READY-realme-note-80-dynamic-ram-4GB-64GB-Ultra-slim-Tahan-benturan-Millitary-Shock-ORI-i.1745188769.46607321267,Rp1950000,,-61%,,537,shop_1745188769,,2026-10-04 10:32:26.420001
Realme P4 Lite,Jual REALME P4 LITE 4GB 64GB/128GB Garansi Resmi Indonesia,https://shopee.co.id/Jual-REALME-P4-LITE-4GB-64GB-128GB-Garansi-Resmi-Indonesia-i.1465113863.40306795512,Rp2349000,,,,7,shop_1465113863,,2026-10-04 10:31:52.711889
Realme P4 Lite,Realme P4 Lite - 4/64GB | 4/128,https://shopee.co.id/Realme-P4-Lite-4-64GB-4-128-i.1465113863.51567620500,Rp2349000,,,,,shop_1465113863,,2026-10-04 10:31:52.718459
Realme P4 Lite,Jual REALME P4X 4GB/6GB 128GB/256GB Garasni Resmi Indonesia,https://shopee.co.id/Jual-REALME-P4X-4GB-6GB-128GB-256GB-Garasni-Resmi-Indonesia-i.1465113863.47966984124,Rp2739000,,,,10,shop_1465113863,,2026-10-04 10:31:52.721622
Realme P4 Lite 4G,Jual REALME P4 LITE 4GB 64GB/128GB Garansi Resmi Indonesia,https://shopee.co.id/Jual-REALME-P4-LITE-4GB-64GB-128GB-Garansi-Resmi-Indonesia-i.1465113863.40306795512,Rp2349000,,,,7,shop_1465113863,,2026-10-04 10:56:36.438253
Realme P4 Lite 4G,Jual REALME P4X 4GB/6GB 128GB/256GB Garasni Resmi Indonesia,https://shopee.co.id/Jual-REALME-P4X-4GB-6GB-128GB-256GB-Garasni-Resmi-Indonesia-i.1465113863.47966984124,Rp2739000,,,,10,shop_1465113863,,2026-10-04 10:56:36.441722
Realme P4 Lite 4G,Infinix Smart 20 4GB 128GB Garansi Resmi Indonesia,https://shopee.co.id/Infinix-Smart-20-4GB-128GB-Garansi-Resmi-Indonesia-i.1465113863.40055860512,Rp2069000,,-48%,,851,shop_1465113863,,2026-10-04 10:56:36.444271
Realme P4R,voltyfon - [READY] realme note 80 dynamic ram 4GB+64GB Ultra slim Tahan benturan Millitary Shock ORI,https://shopee.co.id/voltyfon-READY-realme-note-80-dynamic-ram-4GB-64GB-Ultra-slim-Tahan-benturan-Millitary-Shock-ORI-i.1745188769.46607321267,Rp1950000,,-61%,,537,shop_1745188769,,2026-10-04 10:37:42.731055
Realme P4s,voltyfon - [READY] realme note 80 dynamic ram 4GB+64GB Ultra slim Tahan benturan Millitary Shock ORI,https://shopee.co.id/voltyfon-READY-realme-note-80-dynamic-ram-4GB-64GB-Ultra-slim-Tahan-benturan-Millitary-Shock-ORI-i.1745188769.46607321267,Rp1950000,,-61%,,537,shop_1745188769,,2026-10-04 10:36:00.189970
Realme P4x,voltyfon realme C100i 6GB RAM 128GB NFC 7000mAh Fast charging 45W Layar 120Hz Tahan banting BNIB ORIGINAL,https://shopee.co.id/voltyfon-realme-C100i-6GB-RAM-128GB-NFC-7000mAh-Fast-charging-45W-Layar-120Hz-Tahan-banting-BNIB-ORIGINAL-i.1745188769.28495785850,Rp2949899,,-67%,,,shop_1745188769,,2026-10-04 10:38:18.387619
Samsung Galaxy A07,SAMSUNG Galaxy A07 4GB/64GB 4GB/128GB Garansi Resmi Samsung Indonesia,https://shopee.co.id/SAMSUNG-Galaxy-A07-4GB-64GB-4GB-128GB-Garansi-Resmi-Samsung-Indonesia-i.1453838073.44961117204,Rp2225255,,-1%,,33,shop_1453838073,,2026-10-03 12:19:03.144226
Samsung Galaxy A07,SAMSUNG GALAXY A 07 4GB/64GB 4GB/128GB GARANSI RESMI SAMSUNG,https://shopee.co.id/SAMSUNG-GALAXY-A-07-4GB-64GB-4GB-128GB-GARANSI-RESMI-SAMSUNG-i.1453838073.55317273509,Rp2241579,,-1%,,,shop_1453838073,,2026-10-03 12:19:03.147730
Samsung Galaxy A07,SAMSUNG GALAXY A57 5G 8/12GB 128/256GB,https://shopee.co.id/SAMSUNG-GALAXY-A57-5G-8-12GB-128-256GB-i.1453838073.46611031736,Rp6989000,,-1%,,70,shop_1453838073,,2026-10-03 12:19:03.150206
Samsung Galaxy A07s,Samsung A07 4G Second Resmi ex SEIN BC Beacukai IMEI Permanen 100% Original FULLSET 4 64GB 4 128GB 6 128GB 6 256GB,https://shopee.co.id/Samsung-A07-4G-Second-Resmi-ex-SEIN-BC-Beacukai-IMEI-Permanen-100-Original-FULLSET-4-64GB-4-128GB-6-128GB-6-256GB-i.1437255344.40033268552,Rp1749000,,-24%,,112,shop_1437255344,,2026-10-03 13:50:02.091296
Samsung Galaxy A07s,iPhone 13 ex iBox Beacukai IMEI Permanen Garansi 12 Bln 100% Original Second IP Fullset,https://shopee.co.id/iPhone-13-ex-iBox-Beacukai-IMEI-Permanen-Garansi-12-Bln-100-Original-Second-IP-Fullset-i.1437255344.26827366384,Rp8049000,,-19%,,8RB+,shop_1437255344,,2026-10-03 13:50:02.097038
Samsung Galaxy A07s,iPhone 11 ex iBox Beacukai IMEI Permanen Garansi 12 Bln 100% Original Second iPhone FULLSET 64GB 128GB 256GB,https://shopee.co.id/iPhone-11-ex-iBox-Beacukai-IMEI-Permanen-Garansi-12-Bln-100-Original-Second-iPhone-FULLSET-64GB-128GB-256GB-i.1437255344.28377371619,Rp4949000,,-31%,,5RB+,shop_1437255344,,2026-10-03 13:50:02.099191
Samsung Galaxy A08 4G,Samsung A07 4G Second Resmi ex SEIN BC Beacukai IMEI Permanen 100% Original FULLSET 4 64GB 4 128GB 6 128GB 6 256GB,https://shopee.co.id/Samsung-A07-4G-Second-Resmi-ex-SEIN-BC-Beacukai-IMEI-Permanen-100-Original-FULLSET-4-64GB-4-128GB-6-128GB-6-256GB-i.1437255344.40033268552,Rp1749000,,-24%,,117,shop_1437255344,,2026-10-04 10:58:26.244248
Samsung Galaxy A08 4G,iPhone 13 ex iBox Beacukai IMEI Permanen Garansi 12 Bln 100% Original Second IP Fullset,https://shopee.co.id/iPhone-13-ex-iBox-Beacukai-IMEI-Permanen-Garansi-12-Bln-100-Original-Second-IP-Fullset-i.1437255344.26827366384,Rp8099000,,-19%,,8RB+,shop_1437255344,,2026-10-04 10:58:26.247652
Samsung Galaxy A08 4G,iPhone 11 ex iBox Beacukai IMEI Permanen Garansi 12 Bln 100% Original Second iPhone FULLSET 64GB 128GB 256GB,https://shopee.co.id/iPhone-11-ex-iBox-Beacukai-IMEI-Permanen-Garansi-12-Bln-100-Original-Second-iPhone-FULLSET-64GB-128GB-256GB-i.1437255344.28377371619,Rp4949000,,-31%,,5RB+,shop_1437255344,,2026-10-04 10:58:26.249854
Samsung Galaxy A17,"Samsung Galaxy A17 5G 8GB/256GB & LTE 4GB/128GB (Non Bundling TA), Garansi Resmi",https://shopee.co.id/Samsung-Galaxy-A17-5G-8GB-256GB-LTE-4GB-128GB-(Non-Bundling-TA)-Garansi-Resmi-i.1101386382.56062866328,Rp3949000,,-1%,,1RB+,shop_1101386382,,2026-10-04 09:49:19.368608
Samsung Galaxy A17,"Samsung Galaxy A07 LTE 6/128GB, 4/128GB, 4/64GB Original, Garansi Resmi SEIN",https://shopee.co.id/Samsung-Galaxy-A07-LTE-6-128GB-4-128GB-4-64GB-Original-Garansi-Resmi-SEIN-i.1101386382.24392721076,Rp2599000,,,,2RB+,shop_1101386382,,2026-10-04 09:49:19.372803
Samsung Galaxy A17,"[NEW] Samsung Galaxy A27 5G - 6/128GB & 8/256GB Original, GARANSI SEIN",https://shopee.co.id/-NEW-Samsung-Galaxy-A27-5G-6-128GB-8-256GB-Original-GARANSI-SEIN-i.1101386382.47964236944,Rp5599000,,,,567,shop_1101386382,,2026-10-04 09:49:19.375346
Samsung Galaxy A17 4G,Samsung Galaxy A17 [8/256GB] [8/128GB][4/128] Garansi Resmi Samsung 1 Tahun,https://shopee.co.id/Samsung-Galaxy-A17-8-256GB-8-128GB-4-128-Garansi-Resmi-Samsung-1-Tahun-i.133736627.3882969665,Rp3699000,,,,417,shop_133736627,,2026-10-04 09:46:57.487948
Samsung Galaxy A17 4G,Samsung Galaxy A17 5G [8/256GB] A17 4G [8/256GB] [8/128GB] [4/128GB] Garansi Resmi Samsung 1 Tahun,https://shopee.co.id/Samsung-Galaxy-A17-5G-8-256GB-A17-4G-8-256GB-8-128GB-4-128GB-Garansi-Resmi-Samsung-1-Tahun-i.133736627.6673624364,Rp3699000,,,,2RB+,shop_133736627,,2026-10-04 09:46:57.492141
Samsung Galaxy A18 4G,Samsung Galaxy A17 5G [8/256GB] A17 4G [8/256GB] [8/128GB] [4/128GB] Garansi Resmi Samsung 1 Tahun,https://shopee.co.id/Samsung-Galaxy-A17-5G-8-256GB-A17-4G-8-256GB-8-128GB-4-128GB-Garansi-Resmi-Samsung-1-Tahun-i.133736627.6673624364,Rp3699000,,,,2RB+,shop_133736627,,2026-10-04 09:53:29.095534
Samsung Galaxy A18 4G,Samsung Galaxy A17 [8/256GB] [8/128GB][4/128] Garansi Resmi Samsung 1 Tahun,https://shopee.co.id/Samsung-Galaxy-A17-8-256GB-8-128GB-4-128-Garansi-Resmi-Samsung-1-Tahun-i.133736627.3882969665,Rp3699000,,,,417,shop_133736627,,2026-10-04 09:53:29.099111
Samsung Galaxy A18 4G,Samsung Galaxy A07 [8/256GB] [6/128GB] [4/128GB] [4/64GB] Garansi Resmi Samsung Indonesia 1 Tahun,https://shopee.co.id/Samsung-Galaxy-A07-8-256GB-6-128GB-4-128GB-4-64GB-Garansi-Resmi-Samsung-Indonesia-1-Tahun-i.133736627.21805686861,Rp2149000,,,,3RB+,shop_133736627,,2026-10-04 09:53:29.101700
Samsung Galaxy A27,Samsung Galaxy A26 Second Resmi ex SEIN Beacukai IMEI Permanen 100% Original FULLSET 128GB 256GB,https://shopee.co.id/Samsung-Galaxy-A26-Second-Resmi-ex-SEIN-Beacukai-IMEI-Permanen-100-Original-FULLSET-128GB-256GB-i.1437255344.46717965838,Rp3599000,,-18%,,24,shop_1437255344,,2026-10-03 12:17:17.070757
Samsung Galaxy A27,iPhone 13 ex iBox Beacukai IMEI Permanen Garansi 12 Bln 100% Original Second IP Fullset,https://shopee.co.id/iPhone-13-ex-iBox-Beacukai-IMEI-Permanen-Garansi-12-Bln-100-Original-Second-IP-Fullset-i.1437255344.26827366384,Rp8099000,,-19%,,8RB+,shop_1437255344,,2026-10-03 12:17:17.073933
Samsung Galaxy A27,iPhone 11 ex iBox Beacukai IMEI Permanen Garansi 12 Bln 100% Original Second iPhone FULLSET 64GB 128GB 256GB,https://shopee.co.id/iPhone-11-ex-iBox-Beacukai-IMEI-Permanen-Garansi-12-Bln-100-Original-Second-iPhone-FULLSET-64GB-128GB-256GB-i.1437255344.28377371619,Rp4949000,,-31%,,5RB+,shop_1437255344,,2026-10-03 12:17:17.077263
Samsung Galaxy A37,Samsung A37 Second Resmi ex SEIN Beacukai IMEI Permanen 100% Original FULLSET 128GB 256GB,https://shopee.co.id/Samsung-A37-Second-Resmi-ex-SEIN-Beacukai-IMEI-Permanen-100-Original-FULLSET-128GB-256GB-i.1437255344.44916743305,Rp5019000,,-26%,,2,shop_1437255344,,2026-10-03 12:18:24.904417
Samsung Galaxy A37,Samsung Galaxy A26 Second Resmi ex SEIN Beacukai IMEI Permanen 100% Original FULLSET 128GB 256GB,https://shopee.co.id/Samsung-Galaxy-A26-Second-Resmi-ex-SEIN-Beacukai-IMEI-Permanen-100-Original-FULLSET-128GB-256GB-i.1437255344.46717965838,Rp3599000,,-18%,,24,shop_1437255344,,2026-10-03 12:18:24.908021
Samsung Galaxy A37,Samsung A35 Second Resmi ex SEIN Beacukai IMEI Permanen 100% Original FULLSET 128GB 256GB,https://shopee.co.id/Samsung-A35-Second-Resmi-ex-SEIN-Beacukai-IMEI-Permanen-100-Original-FULLSET-128GB-256GB-i.1437255344.48416634878,Rp3650000,,-18%,,31,shop_1437255344,,2026-10-03 12:18:24.910431
Samsung Galaxy A57,SAMSUNG GALAXY A57 5G 8GB 256GB 12GB/256GB - GARANSI RESMI SAMSUNG,https://shopee.co.id/SAMSUNG-GALAXY-A57-5G-8GB-256GB-12GB-256GB-GARANSI-RESMI-SAMSUNG-i.1453838073.57717267584,Rp7252105,,-1%,,,shop_1453838073,,2026-10-03 12:17:53.471734
Samsung Galaxy A57,SAMSUNG GALAXY A57 5G 8/12GB 128/256GB- FOR SALE,https://shopee.co.id/SAMSUNG-GALAXY-A57-5G-8-12GB-128-256GB-FOR-SALE-i.1453838073.47767587478,Rp8889000,,-1%,,,shop_1453838073,,2026-10-03 12:17:53.475306
Samsung Galaxy A57,SAMSUNG GALAXY A57 5G 8/12GB 128/256GB,https://shopee.co.id/SAMSUNG-GALAXY-A57-5G-8-12GB-128-256GB-i.1453838073.46611031736,Rp6989000,,-1%,,70,shop_1453838073,,2026-10-03 12:17:53.478473
Samsung Galaxy F07,Samsung Galaxy A17 8/128GB - Gray,https://shopee.co.id/Samsung-Galaxy-A17-8-128GB-Gray-i.52635036.42719020924,Rp5019000,,-2%,,7RB+,shop_52635036,,2026-10-03 12:33:15.792278
Samsung Galaxy F07,Samsung Galaxy A37 5G 8/256GB - Awesome Lavender | Hp AI | IP68 | 5000 mAh,https://shopee.co.id/Samsung-Galaxy-A37-5G-8-256GB-Awesome-Lavender-Hp-AI-IP68-5000-mAh-i.52635036.25498046836,Rp7159000,,-2%,,324,shop_52635036,,2026-10-03 12:33:15.799211
Samsung Galaxy F17,Samsung Galaxy A17 5G [8/256GB] A17 4G [8/256GB] [8/128GB] [4/128GB] Garansi Resmi Samsung 1 Tahun,https://shopee.co.id/Samsung-Galaxy-A17-5G-8-256GB-A17-4G-8-256GB-8-128GB-4-128GB-Garansi-Resmi-Samsung-1-Tahun-i.133736627.6673624364,Rp3699000,,,,2RB+,shop_133736627,,2026-10-04 09:47:31.659926
Samsung Galaxy F17,Samsung Galaxy A37 5G [8/256GB] [8/128GB] Garansi Resmi Samsung Indonesia 1 Tahun,https://shopee.co.id/Samsung-Galaxy-A37-5G-8-256GB-8-128GB-Garansi-Resmi-Samsung-Indonesia-1-Tahun-i.133736627.16743469155,Rp6299000,,,,347,shop_133736627,,2026-10-04 09:47:31.663629
Samsung Galaxy F17,Samsung Galaxy A07 [8/256GB] [6/128GB] [4/128GB] [4/64GB] Garansi Resmi Samsung Indonesia 1 Tahun,https://shopee.co.id/Samsung-Galaxy-A07-8-256GB-6-128GB-4-128GB-4-64GB-Garansi-Resmi-Samsung-Indonesia-1-Tahun-i.133736627.21805686861,Rp2149000,,,,3RB+,shop_133736627,,2026-10-04 09:47:31.687429
Samsung Galaxy F36,Samsung Galaxy A07 4/64GB - Green,https://shopee.co.id/Samsung-Galaxy-A07-4-64GB-Green-i.52635036.40712256070,Rp2359000,,-9%,,10RB+,shop_52635036,,2026-10-03 12:34:59.390828
Samsung Galaxy F36,Samsung Galaxy A07 4/128GB - Black,https://shopee.co.id/Samsung-Galaxy-A07-4-128GB-Black-i.52635036.44412247669,Rp3259000,,-1%,,10RB+,shop_52635036,,2026-10-03 12:34:59.394597
Samsung Galaxy F70 Pro,Samsung Galaxy A57 5G 8/128GB | 8/256GB | 12/256GB,https://shopee.co.id/Samsung-Galaxy-A57-5G-8-128GB-8-256GB-12-256GB-i.1545261615.50408053100,Rp7299000,,-4%,,201,shop_1545261615,,2026-10-03 13:51:21.657011
Samsung Galaxy F70 Pro,"Samsung Galaxy A17 LTE/5G 8/128GB 8/256GB, Original, Bergaransi Resmi",https://shopee.co.id/Samsung-Galaxy-A17-LTE-5G-8-128GB-8-256GB-Original-Bergaransi-Resmi-i.1545261615.29240603494,Rp4368329,,-5%,,456,shop_1545261615,,2026-10-03 13:51:21.660817
Samsung Galaxy F70 Pro,"Samsung Travel Adapter 25Watt, 45Watt, 50Watt, 65Watt",https://shopee.co.id/Samsung-Travel-Adapter-25Watt-45Watt-50Watt-65Watt-i.1545261615.44002799656,Rp249000,,-17%,,347,shop_1545261615,,2026-10-03 13:51:21.663475
Samsung Galaxy F70e,Samsung A37 Second Resmi ex SEIN Beacukai IMEI Permanen 100% Original FULLSET 128GB 256GB,https://shopee.co.id/Samsung-A37-Second-Resmi-ex-SEIN-Beacukai-IMEI-Permanen-100-Original-FULLSET-128GB-256GB-i.1437255344.44916743305,Rp5019000,,-26%,,2,shop_1437255344,,2026-10-03 13:52:01.976345
Samsung Galaxy F70e,Samsung Galaxy A26 Second Resmi ex SEIN Beacukai IMEI Permanen 100% Original FULLSET 128GB 256GB,https://shopee.co.id/Samsung-Galaxy-A26-Second-Resmi-ex-SEIN-Beacukai-IMEI-Permanen-100-Original-FULLSET-128GB-256GB-i.1437255344.46717965838,Rp3599000,,-18%,,24,shop_1437255344,,2026-10-03 13:52:01.979369
Samsung Galaxy F70e,iPhone 13 ex iBox Beacukai IMEI Permanen Garansi 12 Bln 100% Original Second IP Fullset,https://shopee.co.id/iPhone-13-ex-iBox-Beacukai-IMEI-Permanen-Garansi-12-Bln-100-Original-Second-IP-Fullset-i.1437255344.26827366384,Rp8049000,,-19%,,8RB+,shop_1437255344,,2026-10-03 13:52:01.981867
Samsung Galaxy M07,Samsung Galaxy A37 5G [8/256GB] [8/128GB] Garansi Resmi Samsung Indonesia 1 Tahun,https://shopee.co.id/Samsung-Galaxy-A37-5G-8-256GB-8-128GB-Garansi-Resmi-Samsung-Indonesia-1-Tahun-i.133736627.16743469155,Rp6299000,,,,347,shop_133736627,,2026-10-04 09:46:23.081149
Samsung Galaxy M07,Samsung A57 5G [12/256GB] [8/256GB] [8/128GB] Garansi Resmi Samsung 1 Tahun,https://shopee.co.id/Samsung-A57-5G-12-256GB-8-256GB-8-128GB-Garansi-Resmi-Samsung-1-Tahun-i.133736627.12720608860,Rp7999000,,,,1RB+,shop_133736627,,2026-10-04 09:46:23.084528
Samsung Galaxy M07,Samsung Galaxy A07 [8/256GB] [6/128GB] [4/128GB] [4/64GB] Garansi Resmi Samsung Indonesia 1 Tahun,https://shopee.co.id/Samsung-Galaxy-A07-8-256GB-6-128GB-4-128GB-4-64GB-Garansi-Resmi-Samsung-Indonesia-1-Tahun-i.133736627.21805686861,Rp2149000,,,,3RB+,shop_133736627,,2026-10-04 09:46:23.086732
Samsung Galaxy M17,Samsung Galaxy A17 8/128GB - Gray,https://shopee.co.id/Samsung-Galaxy-A17-8-128GB-Gray-i.52635036.42719020924,Rp5019000,,-2%,,7RB+,shop_52635036,,2026-10-03 12:32:39.556615
Samsung Galaxy M17,Samsung Galaxy A57 5G 8/128GB - Awesome Lilac | Hp AI | IP68 | 5000 mAh,https://shopee.co.id/Samsung-Galaxy-A57-5G-8-128GB-Awesome-Lilac-Hp-AI-IP68-5000-mAh-i.52635036.54207356600,Rp6999000,,-10%,,405,shop_52635036,,2026-10-03 12:32:39.561146
Samsung Galaxy M17,Samsung Galaxy A57 5G 12/256GB - Awesome Navy | Hp AI | IP68 | 5000 mAh,https://shopee.co.id/Samsung-Galaxy-A57-5G-12-256GB-Awesome-Navy-Hp-AI-IP68-5000-mAh-i.52635036.45607367962,Rp7829000,,-23%,,1RB+,shop_52635036,,2026-10-03 12:32:39.569320
Samsung Galaxy M17e,Samsung S23 Second Resmi ex SEIN BC Beacukai IMEI Permanen 100% Original FULLSET 128GB 256GB 512GB,https://shopee.co.id/Samsung-S23-Second-Resmi-ex-SEIN-BC-Beacukai-IMEI-Permanen-100-Original-FULLSET-128GB-256GB-512GB-i.1437255344.26186184778,Rp6699000,,-17%,,423,shop_1437255344,,2026-10-04 11:00:10.497515
Samsung Galaxy M17e,Samsung A37 Second Resmi ex SEIN Beacukai IMEI Permanen 100% Original FULLSET 128GB 256GB,https://shopee.co.id/Samsung-A37-Second-Resmi-ex-SEIN-Beacukai-IMEI-Permanen-100-Original-FULLSET-128GB-256GB-i.1437255344.44916743305,Rp5019000,,-26%,,3,shop_1437255344,,2026-10-04 11:00:10.501149
Samsung Galaxy M17e,Samsung Galaxy A26 Second Resmi ex SEIN Beacukai IMEI Permanen 100% Original FULLSET 128GB 256GB,https://shopee.co.id/Samsung-Galaxy-A26-Second-Resmi-ex-SEIN-Beacukai-IMEI-Permanen-100-Original-FULLSET-128GB-256GB-i.1437255344.46717965838,Rp3599000,,-18%,,25,shop_1437255344,,2026-10-04 11:00:10.504193
Samsung Galaxy M47,SAMSUNG Galaxy A07 4GB/64GB 4GB/128GB Garansi Resmi Samsung Indonesia,https://shopee.co.id/SAMSUNG-Galaxy-A07-4GB-64GB-4GB-128GB-Garansi-Resmi-Samsung-Indonesia-i.1453838073.44961117204,Rp2225255,,-1%,,33,shop_1453838073,,2026-10-03 12:16:40.252623
Samsung Galaxy M47,SAMSUNG Galaxy A07 4GB/64GB 4GB/128GB Garansi Resmi Samsung Indonesia- FOR SALE,https://shopee.co.id/SAMSUNG-Galaxy-A07-4GB-64GB-4GB-128GB-Garansi-Resmi-Samsung-Indonesia-FOR-SALE-i.1453838073.51867571084,Rp4129000,,-1%,,,shop_1453838073,,2026-10-03 12:16:40.255961
Samsung Galaxy M47,SAMSUNG GALAXY A57 5G 8/12GB 128/256GB,https://shopee.co.id/SAMSUNG-GALAXY-A57-5G-8-12GB-128-256GB-i.1453838073.46611031736,Rp6989000,,-1%,,70,shop_1453838073,,2026-10-03 12:16:40.258103
Samsung Galaxy S25 FE,"Samsung Galaxy S25 FE 8/256GB 8/512GB, Original, Garansi Resmi SEIN",https://shopee.co.id/Samsung-Galaxy-S25-FE-8-256GB-8-512GB-Original-Garansi-Resmi-SEIN-i.1566607272.29792033220,Rp11699000,,-3%,,55,shop_1566607272,,2026-10-04 09:48:08.463658
Samsung Galaxy S25 FE,NEW Samsung Galaxy S26 FE 8/256GB 8/512GB | 100% Original | Garansi Resmi SEIN,https://shopee.co.id/NEW-Samsung-Galaxy-S26-FE-8-256GB-8-512GB-100-Original-Garansi-Resmi-SEIN-i.1566607272.51967565992,Rp13999000,,,,,shop_1566607272,,2026-10-04 09:48:08.468064
Samsung Galaxy S25 FE,"Samsung Galaxy S25 Series | S25 Ultra | S25 Plus | S25 Basic Smart AI, Original, Garansi Resmi SEIN",https://shopee.co.id/Samsung-Galaxy-S25-Series-S25-Ultra-S25-Plus-S25-Basic-Smart-AI-Original-Garansi-Resmi-SEIN-i.1566607272.28939106159,Rp12498000,,-11%,,78,shop_1566607272,,2026-10-04 09:48:08.470639
Samsung Galaxy S26,"Samsung Galaxy S26 12/256GB| 12/512GB, Original, Garansi Resmi",https://shopee.co.id/Samsung-Galaxy-S26-12-256GB-12-512GB-Original-Garansi-Resmi-i.1101386382.54211906971,Rp13999000,,-15%,,343,shop_1101386382,,2026-10-04 11:01:59.804975
Samsung Galaxy S26,[NEW]  Samsung Galaxy S26 Ultra 12/256GB I 12/512GB | Hp AI | Privacy Display i 5000 mAh I Garansi Sein,https://shopee.co.id/-NEW-Samsung-Galaxy-S26-Ultra-12-256GB-I-12-512GB-Hp-AI-Privacy-Display-i-5000-mAh-I-Garansi-Sein-i.1101386382.52806459542,Rp21749000,,-11%,,70,shop_1101386382,,2026-10-04 11:01:59.808016
Samsung Galaxy S26,"[NEW] Samsung Galaxy S26 FE 8/256GB, Original, Garansi Resmi SEIN",https://shopee.co.id/-NEW-Samsung-Galaxy-S26-FE-8-256GB-Original-Garansi-Resmi-SEIN-i.1101386382.27995761127,Rp13499000,,-4%,,5,shop_1101386382,,2026-10-04 11:01:59.810557
Samsung Galaxy S26 FE,Samsung Galaxy A57 5G 8/128GB | 8/256GB | 12/256GB,https://shopee.co.id/Samsung-Galaxy-A57-5G-8-128GB-8-256GB-12-256GB-i.1101386382.52458060594,Rp7299000,,-4%,,1RB+,shop_1101386382,,2026-10-03 13:50:50.350849
Samsung Galaxy S26 FE,"[NEW] Samsung Galaxy S26 FE 8/256GB, Original, Garansi Resmi SEIN",https://shopee.co.id/-NEW-Samsung-Galaxy-S26-FE-8-256GB-Original-Garansi-Resmi-SEIN-i.1101386382.27995761127,Rp13999000,,,,5,shop_1101386382,,2026-10-03 13:50:50.356353
Samsung Galaxy S26 FE,"Samsung Galaxy Z Flip 7 12/256GB 12/512GB, Handphone Lipat, Original, Garansi Resmi",https://shopee.co.id/Samsung-Galaxy-Z-Flip-7-12-256GB-12-512GB-Handphone-Lipat-Original-Garansi-Resmi-i.1101386382.40811107405,Rp18949000,,-10%,,311,shop_1101386382,,2026-10-03 13:50:50.361440
Samsung Galaxy S26 Ultra,Samsung S25 Ultra Second Resmi ex SEIN Beacukai IMEI Permanen 100% Original FULLSET 256GB 512GB 1TB,https://shopee.co.id/Samsung-S25-Ultra-Second-Resmi-ex-SEIN-Beacukai-IMEI-Permanen-100-Original-FULLSET-256GB-512GB-1TB-i.1437255344.56662606470,Rp16449000,,-17%,,27,shop_1437255344,,2026-10-04 11:00:46.681111
Samsung Galaxy S26 Ultra,Samsung S22 Ultra Second Resmi ex SEIN BC Beacukai IMEI Permanen 100% Original FULLSET 128GB 256GB,https://shopee.co.id/Samsung-S22-Ultra-Second-Resmi-ex-SEIN-BC-Beacukai-IMEI-Permanen-100-Original-FULLSET-128GB-256GB-i.1437255344.41364988388,Rp9099000,,-15%,,115,shop_1437255344,,2026-10-04 11:00:46.685040
Samsung Galaxy S26 Ultra,iPhone 13 ex iBox Beacukai IMEI Permanen Garansi 12 Bln 100% Original Second IP Fullset,https://shopee.co.id/iPhone-13-ex-iBox-Beacukai-IMEI-Permanen-Garansi-12-Bln-100-Original-Second-IP-Fullset-i.1437255344.26827366384,Rp8099000,,-19%,,8RB+,shop_1437255344,,2026-10-04 11:00:46.688454
Samsung Galaxy S26+,"Samsung Galaxy S26 12/256GB| 12/512GB, Original, Garansi Resmi",https://shopee.co.id/Samsung-Galaxy-S26-12-256GB-12-512GB-Original-Garansi-Resmi-i.1101386382.54211906971,Rp13999000,,-15%,,343,shop_1101386382,,2026-10-04 11:01:21.277946
Samsung Galaxy S26+,[NEW] Samsung Galaxy S26 Plus 12/256GB I 12/512GB I Smart AI I Photo Assist I 4900 mAh I Original Garans Sein,https://shopee.co.id/-NEW-Samsung-Galaxy-S26-Plus-12-256GB-I-12-512GB-I-Smart-AI-I-Photo-Assist-I-4900-mAh-I-Original-Garans-Sein-i.1101386382.48256487981,Rp16999000,,-13%,,26,shop_1101386382,,2026-10-04 11:01:21.281412
Samsung Galaxy S26+,"Samsung Galaxy S26 Series S26 Basic S26 Ultra S26 Plus 12/256GB | Smart AI, Original, Garansi (MHI)",https://shopee.co.id/Samsung-Galaxy-S26-Series-S26-Basic-S26-Ultra-S26-Plus-12-256GB-Smart-AI-Original-Garansi-(MHI)-i.1101386382.54007346328,Rp16999000,,-13%,,84,shop_1101386382,,2026-10-04 11:01:21.284886
Samsung Galaxy Z Flip8,"Samsung Galaxy Z Fold8/Fold8 Wide 12/256GB 12/512GB 16/1TB | Smartphone AI | 4800mAh | Desain paling Ringan Smartphone AI, Original, Garansi Resmi SEIN",https://shopee.co.id/Samsung-Galaxy-Z-Fold8-Fold8-Wide-12-256GB-12-512GB-16-1TB-Smartphone-AI-4800mAh-Desain-paling-Ringan-Smartphone-AI-Original-Garansi-Resmi-SEIN-i.1101386382.40933541762,Rp28499000,,,,5,shop_1101386382,,2026-10-03 12:16:06.308491
Samsung Galaxy Z Flip8,"Samsung Galaxy Z Fold8 Ultra 12/256GB, 12/512GB, 16/1TB I Handphone Lipat, Smartphone AI, Original, Garansi Resmi SEIN",https://shopee.co.id/Samsung-Galaxy-Z-Fold8-Ultra-12-256GB-12-512GB-16-1TB-I-Handphone-Lipat-Smartphone-AI-Original-Garansi-Resmi-SEIN-i.1101386382.45166020044,Rp32499000,,,,4,shop_1101386382,,2026-10-03 12:16:06.311581
Samsung Galaxy Z Flip8,"Samsung Galaxy Z Flip 8 12/256GB 12/512GB Handphone Lipat, Original, Garansi Resmi SEIN",https://shopee.co.id/Samsung-Galaxy-Z-Flip-8-12-256GB-12-512GB-Handphone-Lipat-Original-Garansi-Resmi-SEIN-i.1101386382.52415985967,Rp19999000,,,,33,shop_1101386382,,2026-10-03 12:16:06.314342
Samsung Galaxy Z Fold7,Samsung Galaxy Z Fold8 Ultra [16GB/1TB] - Cream | Hp AI | 5000mAh | Desain Lebih Tipis,https://shopee.co.id/Samsung-Galaxy-Z-Fold8-Ultra-16GB-1TB-Cream-Hp-AI-5000mAh-Desain-Lebih-Tipis-i.52635036.46963995653,Rp40499000,,-9%,,3,shop_52635036,,2026-10-03 12:35:31.675576
Samsung Galaxy Z Fold7,Samsung Galaxy A57 5G 12/256GB - Awesome Navy | Hp AI | IP68 | 5000 mAh,https://shopee.co.id/Samsung-Galaxy-A57-5G-12-256GB-Awesome-Navy-Hp-AI-IP68-5000-mAh-i.52635036.45607367962,Rp7829000,,-23%,,1RB+,shop_52635036,,2026-10-03 12:35:31.681701
Samsung Galaxy Z Fold7,Samsung Galaxy Z Fold8 Ultra [12GB/512GB] - Graphite | Desain Lebih Tipis,https://shopee.co.id/Samsung-Galaxy-Z-Fold8-Ultra-12GB-512GB-Graphite-Desain-Lebih-Tipis-i.52635036.42782571623,Rp33862200,,-7%,,30,shop_52635036,,2026-10-03 12:35:31.684600
Samsung Galaxy Z Fold7,Samsung Galaxy Z Fold8 Ultra [16GB/1TB] - Violet Shadow | Hp AI | 5000mAh | Desain Lebih Tipis,https://shopee.co.id/Samsung-Galaxy-Z-Fold8-Ultra-16GB-1TB-Violet-Shadow-Hp-AI-5000mAh-Desain-Lebih-Tipis-i.52635036.41782563906,Rp40499000,,-9%,,8,shop_52635036,,2026-10-03 12:35:31.687071
Samsung Galaxy Z Fold8,"Samsung Galaxy Z Fold8 Wide 12/256GB 12/512GB 16/1TB | Smartphone AI | 4800mAh | Desain paling Ringan  Smartphone AI, Original, Garansi Resmi SEIN",https://shopee.co.id/Samsung-Galaxy-Z-Fold8-Wide-12-256GB-12-512GB-16-1TB-Smartphone-AI-4800mAh-Desain-paling-Ringan-Smartphone-AI-Original-Garansi-Resmi-SEIN-i.1545261615.46366013582,Rp28499000,,,,,shop_1545261615,,2026-10-04 10:59:33.035973
Samsung Galaxy Z Fold8,"Samsung Galaxy Z Fold8 Ultra 12/256GB 12/512GB 16/1TB, Handphone Lipat, Smartphone AI, Original, Garansi Resmi SEIN",https://shopee.co.id/Samsung-Galaxy-Z-Fold8-Ultra-12-256GB-12-512GB-16-1TB-Handphone-Lipat-Smartphone-AI-Original-Garansi-Resmi-SEIN-i.1545261615.48466013794,Rp32499000,,,,,shop_1545261615,,2026-10-04 10:59:33.040189
Samsung Galaxy Z Fold8,"Samsung Galaxy S25 FE 8/256GB 8/512, Original Samsung",https://shopee.co.id/Samsung-Galaxy-S25-FE-8-256GB-8-512-Original-Samsung-i.1545261615.42870854982,Rp10898000,,-9%,,219,shop_1545261615,,2026-10-04 10:59:33.042496
Tecno Camon 50 4G,TECNO CAMON 50 8GB/128 8GB/256GB GARANSI RESMI,https://shopee.co.id/TECNO-CAMON-50-8GB-128-8GB-256GB-GARANSI-RESMI-i.1453838073.49014664765,Rp4465000,,-1%,,6,shop_1453838073,,2026-10-03 12:20:09.172403
Tecno Camon 50 4G,TECNO CAMON 50 PRO 5G 8/12GB 256GB,https://shopee.co.id/TECNO-CAMON-50-PRO-5G-8-12GB-256GB-i.1453838073.57966958982,Rp5489000,,-1%,,2,shop_1453838073,,2026-10-03 12:20:09.178857
Tecno Camon 50 4G,TECNO CAMON 50 8GB/256GB 12GB/256GB GARANSI RESMI TECNO,https://shopee.co.id/TECNO-CAMON-50-8GB-256GB-12GB-256GB-GARANSI-RESMI-TECNO-i.1453838073.48817310794,Rp4700526,,-1%,,,shop_1453838073,,2026-10-03 12:20:09.181322
Tecno Camon 50 Pro,TECNO CAMON 50 Pro 5G - RAM 8+8GB* & 12+12GB*- Internal Penyimpanan 256GB & 512GB - Layar 6.78” FHD+144HZ 3D -  Garansi Resmi 12+1 Bulan,https://shopee.co.id/TECNO-CAMON-50-Pro-5G-RAM-8-8GB*-12-12GB*-Internal-Penyimpanan-256GB-512GB-Layar-6.78”-FHD-144HZ-3D-Garansi-Resmi-12-1-Bulan-i.1275118734.27486560572,Rp5798000,,-1%,,254,shop_1275118734,,2026-10-04 11:03:50.949913
Tecno Camon 50 Pro,"TECNO CAMON 50 - RAM 8+8GB*/128GB & 8+8GB*/256GB - Layar 6.78"" AMOLED 144Hz Ultra-Bright | 45W Super Charge | MediaTek Helio G200 | Kamera 50MP Sony's Super-Zoom | IP69K - Garansi Resmi",https://shopee.co.id/TECNO-CAMON-50-RAM-8-8GB*-128GB-8-8GB*-256GB-Layar-6.78-AMOLED-144Hz-Ultra-Bright-45W-Super-Charge-MediaTek-Helio-G200-Kamera-50MP-Sony's-Super-Zoom-IP69K-Garansi-Resmi-i.1275118734.27380811543,Rp4398000,,-1%,,486,shop_1275118734,,2026-10-04 11:03:50.953795
Tecno Camon 50 Pro,"TECNO CAMON 50 - RAM 8+8GB*/128GB, 256GB & RAM 12+12GB* / 256GB - Layar 6.78"" AMOLED 144Hz Ultra-Bright - 45W Super Charge | MediaTek Helio G200|50MP Sony's Super-Zoom |IP69K - GARANSI RESMI",https://shopee.co.id/TECNO-CAMON-50-RAM-8-8GB*-128GB-256GB-RAM-12-12GB*-256GB-Layar-6.78-AMOLED-144Hz-Ultra-Bright-45W-Super-Charge-MediaTek-Helio-G200-50MP-Sony's-Super-Zoom-IP69K-GARANSI-RESMI-i.1275118734.29102769894,Rp4398000,,-1%,,391,shop_1275118734,,2026-10-04 11:03:50.956808
Tecno Camon 50 Ultra,"TECNO CAMON 50 - RAM 8+8GB*/128GB, 256GB & RAM 12+12GB* / 256GB - Layar 6.78"" AMOLED 144Hz Ultra-Bright - 45W Super Charge | MediaTek Helio G200|50MP Sony's Super-Zoom |IP69K - GARANSI RESMI",https://shopee.co.id/TECNO-CAMON-50-RAM-8-8GB*-128GB-256GB-RAM-12-12GB*-256GB-Layar-6.78-AMOLED-144Hz-Ultra-Bright-45W-Super-Charge-MediaTek-Helio-G200-50MP-Sony's-Super-Zoom-IP69K-GARANSI-RESMI-i.1275118734.29102769894,Rp4398000,,-1%,,391,shop_1275118734,,2026-10-04 11:03:15.965544
Tecno Camon 50 Ultra,"TECNO CAMON 50 - RAM 8+8GB*/128GB & 8+8GB*/256GB - Layar 6.78"" AMOLED 144Hz Ultra-Bright | 45W Super Charge | MediaTek Helio G200 | Kamera 50MP Sony's Super-Zoom | IP69K - Garansi Resmi",https://shopee.co.id/TECNO-CAMON-50-RAM-8-8GB*-128GB-8-8GB*-256GB-Layar-6.78-AMOLED-144Hz-Ultra-Bright-45W-Super-Charge-MediaTek-Helio-G200-Kamera-50MP-Sony's-Super-Zoom-IP69K-Garansi-Resmi-i.1275118734.27380811543,Rp4398000,,-1%,,486,shop_1275118734,,2026-10-04 11:03:15.968362
Tecno Camon 50 Ultra,TECNO CAMON 50 Pro 5G - RAM 8+8GB* & 12+12GB*- Internal Penyimpanan 256GB & 512GB - Layar 6.78” FHD+144HZ 3D -  Garansi Resmi 12+1 Bulan,https://shopee.co.id/TECNO-CAMON-50-Pro-5G-RAM-8-8GB*-12-12GB*-Internal-Penyimpanan-256GB-512GB-Layar-6.78”-FHD-144HZ-3D-Garansi-Resmi-12-1-Bulan-i.1275118734.27486560572,Rp5798000,,-1%,,254,shop_1275118734,,2026-10-04 11:03:15.971416
Tecno Camon 50 Ultra,Tecno Camon 50 Pro 5G [12GB+512GB] - Garansi Resmi 1 Tahun,https://shopee.co.id/Tecno-Camon-50-Pro-5G-12GB-512GB-Garansi-Resmi-1-Tahun-i.1053062682.48357023533,Rp5499000,,,4.9,29,shop_1053062682,Jakarta Utara,2026-10-04 11:03:15.974231
Tecno Camon 50 Ultra,Tecno Camon 50 [8GB+128GB] [8GB+256GB] [12GB+256GB] Display AMOLED 6.78'' - Helio G200 Ultimate - 6150mAh - Garansi resmi 1 Tahun,https://shopee.co.id/Tecno-Camon-50-8GB-128GB-8GB-256GB-12GB-256GB-Display-AMOLED-6.78''-Helio-G200-Ultimate-6150mAh-Garansi-resmi-1-Tahun-i.1516969716.53806369109,Rp4299000,Rp4399000,-2%,5.0,528,shop_1516969716,Jakarta Barat,2026-10-04 11:03:15.976732
Tecno Camon 50 Ultra,TECNO CAMON  50 GARANSI RESMI INDONESIA,https://shopee.co.id/TECNO-CAMON-50-GARANSI-RESMI-INDONESIA-i.398316665.55409156391,Rp4799000,,,5.0,1,shop_398316665,Mataram,2026-10-04 11:03:15.979487
Tecno Camon 50 Ultra,Tecno Camon 50 NFC AMOLED [8/256 GB] [12/256 GB] - Garansi Resmi,https://shopee.co.id/Tecno-Camon-50-NFC-AMOLED-8-256-GB-12-256-GB-Garansi-Resmi-i.1273198518.50260431669,Rp4458825,Rp6999000,-36%,4.9,,shop_1273198518,Jakarta Utara,2026-10-04 11:03:15.981563
Tecno Camon 50 Ultra,Tecno Camon 50 & 50 Pro 5G Video Selfie 4K Stabil Performa Gaming Dimensity 7400 Ultimate RAM 8/256GB,https://shopee.co.id/Tecno-Camon-50-50-Pro-5G-Video-Selfie-4K-Stabil-Performa-Gaming-Dimensity-7400-Ultimate-RAM-8-256GB-i.755201975.40978782266,Rp4901143,Rp4951143,-1%,4.9,50,shop_755201975,Sukabumi,2026-10-04 11:03:15.983634
Tecno Camon 50 Ultra,Tecno Camon 50 8GB + 128/256GB Garansi Resmi Indonesia,https://shopee.co.id/Tecno-Camon-50-8GB-128-256GB-Garansi-Resmi-Indonesia-i.1345303945.46806353343,Rp4190000,Rp5999000,-30%,5.0,102,shop_1345303945,Jakarta Pusat,2026-10-04 11:03:15.985815
Tecno Camon Slim,TECNO CAMON 50 8GB/128 8GB/256GB GARANSI RESMI,https://shopee.co.id/TECNO-CAMON-50-8GB-128-8GB-256GB-GARANSI-RESMI-i.1453838073.49014664765,Rp4465000,,-1%,,6,shop_1453838073,,2026-10-03 12:19:34.053450
Tecno Camon Slim,TECNO CAMON 50 PRO 5G 8/12GB 256GB,https://shopee.co.id/TECNO-CAMON-50-PRO-5G-8-12GB-256GB-i.1453838073.57966958982,Rp5489000,,-1%,,2,shop_1453838073,,2026-10-03 12:19:34.059585
Tecno Camon Slim,TECNO CAMON 50 8GB/256GB 12GB/256GB GARANSI RESMI TECNO,https://shopee.co.id/TECNO-CAMON-50-8GB-256GB-12GB-256GB-GARANSI-RESMI-TECNO-i.1453838073.48817310794,Rp4700526,,-1%,,,shop_1453838073,,2026-10-03 12:19:34.062514
Tecno Megapad Pro,EXTRA BUBBLEWRAP PACKING LEBIH AMAN,https://shopee.co.id/EXTRA-BUBBLEWRAP-PACKING-LEBIH-AMAN-i.720467008.29567378777,Rp500,,,,343,shop_720467008,,2026-10-04 10:27:46.372405
Tecno Megapad SE,TECNO MEGAPAD SE 2 [4/128GB] Garansi Resmi 13 Bulan,https://shopee.co.id/TECNO-MEGAPAD-SE-2-4-128GB-Garansi-Resmi-13-Bulan-i.133736627.54106213248,Rp3199000,,,,20,shop_133736627,,2026-10-04 10:04:45.151741
Tecno Megapad SE,TECNO Spark 50 [8/128GB] [6/128GB] [4/128GB] Garansi Resmi Tecno 13 Bulan,https://shopee.co.id/TECNO-Spark-50-8-128GB-6-128GB-4-128GB-Garansi-Resmi-Tecno-13-Bulan-i.133736627.22251350647,Rp2599000,,,,454,shop_133736627,,2026-10-04 10:04:45.156782
Tecno Pop X,TECNO Spark 50 [8/128GB] [6/128GB] [4/128GB] Garansi Resmi Tecno 13 Bulan,https://shopee.co.id/TECNO-Spark-50-8-128GB-6-128GB-4-128GB-Garansi-Resmi-Tecno-13-Bulan-i.133736627.22251350647,Rp2599000,,,,454,shop_133736627,,2026-10-04 10:14:20.536814
Tecno Pop X,Tecno Camon 50 [12/256GB] [8/256GB] [8/128GB] Garansi Resmi Tecno Indonesia 13 Bulan,https://shopee.co.id/Tecno-Camon-50-12-256GB-8-256GB-8-128GB-Garansi-Resmi-Tecno-Indonesia-13-Bulan-i.133736627.20862782085,Rp4599000,,,,877,shop_133736627,,2026-10-04 10:14:20.541026
Tecno Pop X 4G,TECNO Spark 50 [8/128GB] [6/128GB] [4/128GB] Garansi Resmi Tecno 13 Bulan,https://shopee.co.id/TECNO-Spark-50-8-128GB-6-128GB-4-128GB-Garansi-Resmi-Tecno-13-Bulan-i.133736627.22251350647,Rp2599000,,,,454,shop_133736627,,2026-10-04 10:23:37.518120
Tecno Pova 7,Tecno Pova 8 5G [8GB/256GB] [8GB/128GB] [6/128GB] Garansi Resmi Tecno Indonesia 13 Bulan,https://shopee.co.id/Tecno-Pova-8-5G-8GB-256GB-8GB-128GB-6-128GB-Garansi-Resmi-Tecno-Indonesia-13-Bulan-i.133736627.23270158564,Rp4999000,,,,660,shop_133736627,,2026-10-04 10:02:29.391116
Tecno Pova 8,Tecno Pova 8 5G [8GB/256GB] [8GB/128GB] [6/128GB] Garansi Resmi Tecno Indonesia 13 Bulan,https://shopee.co.id/Tecno-Pova-8-5G-8GB-256GB-8GB-128GB-6-128GB-Garansi-Resmi-Tecno-Indonesia-13-Bulan-i.133736627.23270158564,Rp4999000,,,,660,shop_133736627,,2026-10-04 10:33:38.185262
Tecno Pova 8,TECNO Spark 50 [8/128GB] [6/128GB] [4/128GB] Garansi Resmi Tecno 13 Bulan,https://shopee.co.id/TECNO-Spark-50-8-128GB-6-128GB-4-128GB-Garansi-Resmi-Tecno-13-Bulan-i.133736627.22251350647,Rp2599000,,,,454,shop_133736627,,2026-10-04 10:33:38.188430
Tecno Pova 8,Tecno Camon 50 [12/256GB] [8/256GB] [8/128GB] Garansi Resmi Tecno Indonesia 13 Bulan,https://shopee.co.id/Tecno-Camon-50-12-256GB-8-256GB-8-128GB-Garansi-Resmi-Tecno-Indonesia-13-Bulan-i.133736627.20862782085,Rp4599000,,,,877,shop_133736627,,2026-10-04 10:33:38.191597
Tecno Pova 8 Pro,Tecno Pova 8 5G [8GB/256GB] [8GB/128GB] [6/128GB] Garansi Resmi Tecno Indonesia 13 Bulan,https://shopee.co.id/Tecno-Pova-8-5G-8GB-256GB-8GB-128GB-6-128GB-Garansi-Resmi-Tecno-Indonesia-13-Bulan-i.133736627.23270158564,Rp4999000,,,,660,shop_133736627,,2026-10-04 09:54:13.264944
Tecno Pova Curve 2,HANDPHONE TECNO POVA 8 5G GARANSI RESMI,https://shopee.co.id/HANDPHONE-TECNO-POVA-8-5G-GARANSI-RESMI-i.1306576837.43851415624,Rp4139000,,-1%,,22,shop_1306576837,,2026-10-04 10:15:00.799731
Tecno Pova Curve 2,Extra Packing Bubble Wrap  - TIDAK DIJUAL TERPISAH,https://shopee.co.id/Extra-Packing-Bubble-Wrap-TIDAK-DIJUAL-TERPISAH-i.1306576837.29743008844,Rp7000,,,,382,shop_1306576837,,2026-10-04 10:15:00.803778
Tecno Pova Curve 2,Starlink Standard V4 X Dual Wifi System W/ 2 Lan Port RJ45 - Garansi Resmi,https://shopee.co.id/Starlink-Standard-V4-X-Dual-Wifi-System-W-2-Lan-Port-RJ45-Garansi-Resmi-i.1306576837.28867786083,Rp6299000,,,,295,shop_1306576837,,2026-10-04 10:15:00.806327
Tecno Spark 40,Infinix Smart 20 4/64GB - Up to 8GB Extended RAM - Mediatek Helio G81 - 6.78” - 8MP - 5200 mAh - IP64,https://shopee.co.id/Infinix-Smart-20-4-64GB-Up-to-8GB-Extended-RAM-Mediatek-Helio-G81-6.78”-8MP-5200-mAh-IP64-i.342033216.46906666616,Rp2039000,,-3%,,10RB+,shop_342033216,,2026-10-04 10:01:53.708099
Tecno Spark 40,Infinix Hot 70 4/128GB - Up to 8GB Extended RAM - Helio G100 Ultimate - 6.78 inch 120Hz - 50MP - 6000 mAh - NFC,https://shopee.co.id/Infinix-Hot-70-4-128GB-Up-to-8GB-Extended-RAM-Helio-G100-Ultimate-6.78-inch-120Hz-50MP-6000-mAh-NFC-i.342033216.40580799086,Rp2839000,,-2%,,10RB+,shop_342033216,,2026-10-04 10:01:53.711043
Tecno Spark 40,Infinix Smart 20 4/128GB - Up to 8GB Extended RAM - Mediatek Helio G81 - 6.78” - 8MP - 5200 mAh - IP64,https://shopee.co.id/Infinix-Smart-20-4-128GB-Up-to-8GB-Extended-RAM-Mediatek-Helio-G81-6.78”-8MP-5200-mAh-IP64-i.342033216.40428983454,Rp2260000,,-2%,,10RB+,shop_342033216,,2026-10-04 10:01:53.714115
Tecno Spark 40,Infinix Smart 20 4/256GB - Up to 8GB Extended RAM - Mediatek Helio G81 - 6.78” - 8MP - 5200 mAh - IP64,https://shopee.co.id/Infinix-Smart-20-4-256GB-Up-to-8GB-Extended-RAM-Mediatek-Helio-G81-6.78”-8MP-5200-mAh-IP64-i.342033216.43880438432,Rp2279000,,-1%,,10RB+,shop_342033216,,2026-10-04 10:01:53.716921
Tecno Spark 40 4G,Infinix Smart 20 4/64GB - Up to 8GB Extended RAM - Mediatek Helio G81 - 6.78” - 8MP - 5200 mAh - IP64,https://shopee.co.id/Infinix-Smart-20-4-64GB-Up-to-8GB-Extended-RAM-Mediatek-Helio-G81-6.78”-8MP-5200-mAh-IP64-i.342033216.46906666616,Rp2039000,,-3%,,10RB+,shop_342033216,,2026-10-04 10:03:04.560643
Tecno Spark 40 4G,Infinix Hot 70 4/128GB - Up to 8GB Extended RAM - Helio G100 Ultimate - 6.78 inch 120Hz - 50MP - 6000 mAh - NFC,https://shopee.co.id/Infinix-Hot-70-4-128GB-Up-to-8GB-Extended-RAM-Helio-G100-Ultimate-6.78-inch-120Hz-50MP-6000-mAh-NFC-i.342033216.40580799086,Rp2839000,,-2%,,10RB+,shop_342033216,,2026-10-04 10:03:04.563741
Tecno Spark 40 4G,Infinix Smart 20 4/128GB - Up to 8GB Extended RAM - Mediatek Helio G81 - 6.78” - 8MP - 5200 mAh - IP64,https://shopee.co.id/Infinix-Smart-20-4-128GB-Up-to-8GB-Extended-RAM-Mediatek-Helio-G81-6.78”-8MP-5200-mAh-IP64-i.342033216.40428983454,Rp2260000,,-2%,,10RB+,shop_342033216,,2026-10-04 10:03:04.566134
Tecno Spark 40 4G,Infinix Smart 20 4/256GB - Up to 8GB Extended RAM - Mediatek Helio G81 - 6.78” - 8MP - 5200 mAh - IP64,https://shopee.co.id/Infinix-Smart-20-4-256GB-Up-to-8GB-Extended-RAM-Mediatek-Helio-G81-6.78”-8MP-5200-mAh-IP64-i.342033216.43880438432,Rp2279000,,-1%,,10RB+,shop_342033216,,2026-10-04 10:03:04.568395
Tecno Spark 50,TECNO Spark 50 [8/128GB] [6/128GB] [4/128GB] Garansi Resmi Tecno 13 Bulan,https://shopee.co.id/TECNO-Spark-50-8-128GB-6-128GB-4-128GB-Garansi-Resmi-Tecno-13-Bulan-i.133736627.22251350647,Rp2599000,,,,454,shop_133736627,,2026-10-04 09:55:22.272171
Tecno Spark 50,Tecno Spark Go 3  [4/128GB] [4/64GB] Garansi Resmi Tecno Indonesia 13 Bulan,https://shopee.co.id/Tecno-Spark-Go-3-4-128GB-4-64GB-Garansi-Resmi-Tecno-Indonesia-13-Bulan-i.133736627.22870796965,Rp1999000,,,,1RB+,shop_133736627,,2026-10-04 09:55:22.276155
Tecno Spark 50,Tecno Camon 50 [12/256GB] [8/256GB] [8/128GB] Garansi Resmi Tecno Indonesia 13 Bulan,https://shopee.co.id/Tecno-Camon-50-12-256GB-8-256GB-8-128GB-Garansi-Resmi-Tecno-Indonesia-13-Bulan-i.133736627.20862782085,Rp4599000,,,,877,shop_133736627,,2026-10-04 09:55:22.278786
Tecno Spark 50 4G,TECNO Spark 50 [8/128GB] [6/128GB] [4/128GB] Garansi Resmi Tecno 13 Bulan,https://shopee.co.id/TECNO-Spark-50-8-128GB-6-128GB-4-128GB-Garansi-Resmi-Tecno-13-Bulan-i.133736627.22251350647,Rp2599000,,,,454,shop_133736627,,2026-10-04 10:04:13.011293
Tecno Spark 50 4G,Tecno Spark Go 3  [4/128GB] [4/64GB] Garansi Resmi Tecno Indonesia 13 Bulan,https://shopee.co.id/Tecno-Spark-Go-3-4-128GB-4-64GB-Garansi-Resmi-Tecno-Indonesia-13-Bulan-i.133736627.22870796965,Rp1999000,,,,1RB+,shop_133736627,,2026-10-04 10:04:13.014516
Tecno Spark 50 Pro,TECNO Spark 50 [8/128GB] [6/128GB] [4/128GB] Garansi Resmi Tecno 13 Bulan,https://shopee.co.id/TECNO-Spark-50-8-128GB-6-128GB-4-128GB-Garansi-Resmi-Tecno-13-Bulan-i.133736627.22251350647,Rp2599000,,,,454,shop_133736627,,2026-10-04 09:54:51.103114
Tecno Spark 50 Pro,Tecno Camon 50 [12/256GB] [8/256GB] [8/128GB] Garansi Resmi Tecno Indonesia 13 Bulan,https://shopee.co.id/Tecno-Camon-50-12-256GB-8-256GB-8-128GB-Garansi-Resmi-Tecno-Indonesia-13-Bulan-i.133736627.20862782085,Rp4599000,,,,877,shop_133736627,,2026-10-04 09:54:51.107519
Tecno Spark Go,Tecno Spark Go 3  [4/128GB] [4/64GB] Garansi Resmi Tecno Indonesia 13 Bulan,https://shopee.co.id/Tecno-Spark-Go-3-4-128GB-4-64GB-Garansi-Resmi-Tecno-Indonesia-13-Bulan-i.133736627.22870796965,Rp1999000,,,,1RB+,shop_133736627,,2026-10-04 09:48:42.109064
Tecno Spark Go,TECNO Spark 50 [8/128GB] [6/128GB] [4/128GB] Garansi Resmi Tecno 13 Bulan,https://shopee.co.id/TECNO-Spark-50-8-128GB-6-128GB-4-128GB-Garansi-Resmi-Tecno-13-Bulan-i.133736627.22251350647,Rp2599000,,,,454,shop_133736627,,2026-10-04 09:48:42.113925
Tecno Spark Go,Tecno Pova 8 5G [8GB/256GB] [8GB/128GB] [6/128GB] Garansi Resmi Tecno Indonesia 13 Bulan,https://shopee.co.id/Tecno-Pova-8-5G-8GB-256GB-8GB-128GB-6-128GB-Garansi-Resmi-Tecno-Indonesia-13-Bulan-i.133736627.23270158564,Rp4999000,,,,660,shop_133736627,,2026-10-04 09:48:42.116589
Tecno Spark Go 3,"Tecno Spark Go 3 (4GB+4GB*/128GB) IP64, 6.75"" HD+ / 120Hz Smooth Display / 5000mAh",https://shopee.co.id/Tecno-Spark-Go-3-(4GB-4GB*-128GB)-IP64-6.75-HD-120Hz-Smooth-Display-5000mAh-i.217781231.26074668129,Rp2009000,,-1%,,74,shop_217781231,,2026-10-03 13:54:40.550843
Tecno Spark Go 3,BONUS EXTRA BUBBLE WRAP,https://shopee.co.id/BONUS-EXTRA-BUBBLE-WRAP-i.217781231.50155895344,Rp99000,,,,1RB+,shop_217781231,,2026-10-03 13:54:40.553877
Tecno Spark Go 3,BONUS PEMBELIAN UNTUK LAPTOP,https://shopee.co.id/BONUS-PEMBELIAN-UNTUK-LAPTOP-i.217781231.49005914448,Rp99000,,,,1RB+,shop_217781231,,2026-10-03 13:54:40.556115
Tecno Spark Go 3 Pro,"TECNO SPARK Go 3 –RAM 4+4GB/ 64GB, 128GB - 4/64 - 4/128 Spark Go3 - RAM 4GB - GARANSI RESMI",https://shopee.co.id/TECNO-SPARK-Go-3-–RAM-4-4GB-64GB-128GB-4-64-4-128-Spark-Go3-RAM-4GB-GARANSI-RESMI-i.1275118734.25736641990,Rp1998000,,-1%,,203,shop_1275118734,,2026-10-04 11:02:36.203001
Tecno Spark Go 3 Pro,TECNO SPARK GO 3 - 4+4GB* + 64GB & 128GB | 18W Charging | Android 15 Go Edition IP64 - Go3 4/64GB - 4/128GB - Garansi Resmi,https://shopee.co.id/TECNO-SPARK-GO-3-4-4GB*-64GB-128GB-18W-Charging-Android-15-Go-Edition-IP64-Go3-4-64GB-4-128GB-Garansi-Resmi-i.1275118734.28915601246,Rp1998000,,-1%,,160,shop_1275118734,,2026-10-04 11:02:36.207054
Tecno Spark Go 3 Pro,"Tecno Spark 50  - 4+128, 6+128 & 8+128 - layar 6,78 inci 120Hz - Kamera 50MP - MediaTek Helio G81 - IP64 (tahan percikan air) - 7000mAh - Garansi Resmi",https://shopee.co.id/Tecno-Spark-50-4-128-6-128-8-128-layar-6-78-inci-120Hz-Kamera-50MP-MediaTek-Helio-G81-IP64-(tahan-percikan-air)-7000mAh-Garansi-Resmi-i.1275118734.26666408423,Rp2698000,,-1%,,169,shop_1275118734,,2026-10-04 11:02:36.210171
Tecno Spark Slim,TECNO Spark 50 [8/128GB] [6/128GB] [4/128GB] Garansi Resmi Tecno 13 Bulan,https://shopee.co.id/TECNO-Spark-50-8-128GB-6-128GB-4-128GB-Garansi-Resmi-Tecno-13-Bulan-i.133736627.22251350647,Rp2599000,,,,454,shop_133736627,,2026-10-04 10:01:19.300892
Tecno Spark Slim,Tecno Camon 50 [12/256GB] [8/256GB] [8/128GB] Garansi Resmi Tecno Indonesia 13 Bulan,https://shopee.co.id/Tecno-Camon-50-12-256GB-8-256GB-8-128GB-Garansi-Resmi-Tecno-Indonesia-13-Bulan-i.133736627.20862782085,Rp4599000,,,,877,shop_133736627,,2026-10-04 10:01:19.304505
Xiaomi 17T,XIAOMI 17T 5G & 17T Pro 5G [12/512GB] Garansi Resmi Xiaomi Indonesia 2 Tahun,https://shopee.co.id/XIAOMI-17T-5G-17T-Pro-5G-12-512GB-Garansi-Resmi-Xiaomi-Indonesia-2-Tahun-i.133736627.23857859807,Rp9899000,,,,120,shop_133736627,,2026-10-04 09:42:51.606778
Xiaomi 17T,Xiaomi Redmi Note 17 Pro 5G [8GB/256GB] [8GB/512GB] Garansi Resmi Xiaomi Indonesia,https://shopee.co.id/Xiaomi-Redmi-Note-17-Pro-5G-8GB-256GB-8GB-512GB-Garansi-Resmi-Xiaomi-Indonesia-i.133736627.15179487380,Rp5999000,,,,555,shop_133736627,,2026-10-04 09:42:51.612895
Xiaomi 17T,Xiaomi Redmi Note 17 Pro Max 5G [8/256GB] [8/512GB] Garansi Resmi Xiaomi Indonesia,https://shopee.co.id/Xiaomi-Redmi-Note-17-Pro-Max-5G-8-256GB-8-512GB-Garansi-Resmi-Xiaomi-Indonesia-i.133736627.17242863681,Rp5999000,,,,419,shop_133736627,,2026-10-04 09:42:51.620475
Xiaomi 17T Pro,Xiaomi 17T 5G Kamera Leica Authentic Telephoto Periscope 5x Zoom Tajam RAM 12/256GB Garansi Resmi,https://shopee.co.id/Xiaomi-17T-5G-Kamera-Leica-Authentic-Telephoto-Periscope-5x-Zoom-Tajam-RAM-12-256GB-Garansi-Resmi-i.755201975.57361643794,Rp10882857,,-1%,,85,shop_755201975,,2026-10-04 10:09:27.789483
Xiaomi 17T Pro,Samsung Galaxy A07 4G 4/64GB 4/128GB 8/256GB Garansi Resmi SEIN,https://shopee.co.id/Samsung-Galaxy-A07-4G-4-64GB-4-128GB-8-256GB-Garansi-Resmi-SEIN-i.755201975.42064818221,Rp2276099,,,,1RB+,shop_755201975,,2026-10-04 10:09:27.792930
Xiaomi 17T Pro,Redmi Note 17 Series BerGaransi Resmi Indonesia Resmi Bisa Paylater 0% Admin,https://shopee.co.id/Redmi-Note-17-Series-BerGaransi-Resmi-Indonesia-Resmi-Bisa-Paylater-0-Admin-i.755201975.26224620270,Rp3827747,,,,195,shop_755201975,,2026-10-04 10:09:27.795283
Xiaomi 18 Pro,Xiaomi 18 Pro 5G Limited Edition 16+1TB China ROM Snapdragon 8 Elite Gen 6,https://shopee.co.id/Xiaomi-18-Pro-5G-Limited-Edition-16-1TB-China-ROM-Snapdragon-8-Elite-Gen-6-i.41695198.48018341225,Rp39999000,,,5.0,,shop_41695198,Jakarta Barat,2026-10-04 11:19:51.224409
Xiaomi 18 Pro,Xiaomi 18 Pro 5G 16GB 1TB Snapdragon 8 Elite Gen 6 200MP 120Hz 7000mAh 100W IP68 BNIB Bergaransi Original,https://shopee.co.id/Xiaomi-18-Pro-5G-16GB-1TB-Snapdragon-8-Elite-Gen-6-200MP-120Hz-7000mAh-100W-IP68-BNIB-Bergaransi-Original-i.209472530.40525509339,Rp24650010,Rp24899000,-1%,5.0,10,shop_209472530,Makassar,2026-10-04 11:19:51.227220
Xiaomi 18 Pro,iPhone 15 ex iBox Beacukai IMEI Permanen Garansi 12 Bln 100% Original Second Resmi FULLSET BC 128GB 256GB 512GB,https://shopee.co.id/iPhone-15-ex-iBox-Beacukai-IMEI-Permanen-Garansi-12-Bln-100-Original-Second-Resmi-FULLSET-BC-128GB-256GB-512GB-i.1437255344.26027463688,Rp10949000,Rp14518800,-25%,4.9,3RB+,shop_1437255344,Jakarta Selatan,2026-10-04 11:19:51.229518
Xiaomi 18 Pro,iPhone 13 Pro Max ex iBox Beacukai IMEI Permanen Garansi 12 Bln 100% Original Second iPhone FULLSET 128GB 256GB 512GB 1TB,https://shopee.co.id/iPhone-13-Pro-Max-ex-iBox-Beacukai-IMEI-Permanen-Garansi-12-Bln-100-Original-Second-iPhone-FULLSET-128GB-256GB-512GB-1TB-i.1437255344.26077462969,Rp10699000,Rp15478800,-31%,4.9,2RB+,shop_1437255344,Jakarta Selatan,2026-10-04 11:19:51.232056
Xiaomi 18 Pro,hp iPhone 17 Pro Max HDC Baru 99% Android11 Garansi bisa behasa Indonesia Hrg Termurah 6.9inch,https://shopee.co.id/hp-iPhone-17-Pro-Max-HDC-Baru-99-Android11-Garansi-bisa-behasa-Indonesia-Hrg-Termurah-6.9inch-i.1219967501.45164108329,Rp1724790,Rp4399099,-61%,4.6,211,shop_1219967501,Jakarta Utara,2026-10-04 11:19:51.234542
Xiaomi 18 Pro,iPhone 14 Pro Max ex iBox Beacukai IMEI Permanen Garansi 12 Bln 100% Original Second iPhone FULLSET 128GB 256GB 512GB 1TB,https://shopee.co.id/iPhone-14-Pro-Max-ex-iBox-Beacukai-IMEI-Permanen-Garansi-12-Bln-100-Original-Second-iPhone-FULLSET-128GB-256GB-512GB-1TB-i.1437255344.26282097052,Rp14049000,Rp17518800,-20%,4.9,1RB+,shop_1437255344,Jakarta Selatan,2026-10-04 11:19:51.236874
Xiaomi 18 Pro,iPhone 14 PRO Second WiFi ONLY Original 128GB/256GB/512GB LIVE/GAME Variasi Khusus Bekas,https://shopee.co.id/iPhone-14-PRO-Second-WiFi-ONLY-Original-128GB-256GB-512GB-LIVE-GAME-Variasi-Khusus-Bekas-i.1491280916.57003363516,Rp4221000,Rp4852941,-13%,4.9,297,shop_1491280916,Jakarta Utara,2026-10-04 11:19:51.240219
Xiaomi 18 Pro,17T 5G LEICA {12GB/256GB} {12GB/512GB} GARANSI RESMI XIAOMI TAM,https://shopee.co.id/17T-5G-LEICA-12GB-256GB-12GB-512GB-GARANSI-RESMI-XIAOMI-TAM-i.1888264695.55367712537,Rp1170000,Rp8000000,-85%,5.0,18,shop_1888264695,Jakarta Barat,2026-10-04 11:19:51.243264
Xiaomi 18 Pro Max,Xiaomi Pro Max 18 Cn Rom,https://shopee.co.id/Xiaomi-Pro-Max-18-Cn-Rom-i.31238460.55318446775,Rp24000000,,,5.0,,shop_31238460,Jakarta Barat,2026-10-04 11:19:21.748420
Xiaomi 18 Pro Max,Xiaomi 18 Pro / Pro Max 5G 16+1TB Red Transparant Snapdragon 8 Elite Extreme Gen 6 - China ROM,https://shopee.co.id/Xiaomi-18-Pro-Pro-Max-5G-16-1TB-Red-Transparant-Snapdragon-8-Elite-Extreme-Gen-6-China-ROM-i.30416269.53868385332,Rp39499000,,,5.0,,shop_30416269,Jakarta Barat,2026-10-04 11:19:21.751466
Xiaomi 18 Pro Max,Xiaomi 18 Pro Max 5G 12+256GB 512GB 16+512GB 1TB Snapdragon 8 Elite Extreme Gen 6 - China ROM,https://shopee.co.id/Xiaomi-18-Pro-Max-5G-12-256GB-512GB-16-512GB-1TB-Snapdragon-8-Elite-Extreme-Gen-6-China-ROM-i.30416269.50618363730,Rp26899000,,,5.0,,shop_30416269,Jakarta Barat,2026-10-04 11:19:21.754022
Xiaomi 18 Pro Max,iPhone 13 Pro Max ex iBox Beacukai IMEI Permanen Garansi 12 Bln 100% Original Second iPhone FULLSET 128GB 256GB 512GB 1TB,https://shopee.co.id/iPhone-13-Pro-Max-ex-iBox-Beacukai-IMEI-Permanen-Garansi-12-Bln-100-Original-Second-iPhone-FULLSET-128GB-256GB-512GB-1TB-i.1437255344.26077462969,Rp10699000,Rp15478800,-31%,4.9,2RB+,shop_1437255344,Jakarta Selatan,2026-10-04 11:19:21.756291
Xiaomi 18 Pro Max,iPhone 15 Pro ex iBox Beacukai IMEI Permanen Garansi 12 Bln 100% Original Second iPhone FULLSET 128GB 256GB 512GB 1TB,https://shopee.co.id/iPhone-15-Pro-ex-iBox-Beacukai-IMEI-Permanen-Garansi-12-Bln-100-Original-Second-iPhone-FULLSET-128GB-256GB-512GB-1TB-i.1437255344.43604359389,Rp15549000,Rp20038800,-22%,4.9,299,shop_1437255344,Jakarta Selatan,2026-10-04 11:19:21.758583
Xiaomi 18 Pro Max,hp iPhone 17 Pro Max HDC Baru 99% Android11 Garansi bisa behasa Indonesia Hrg Termurah 6.9inch,https://shopee.co.id/hp-iPhone-17-Pro-Max-HDC-Baru-99-Android11-Garansi-bisa-behasa-Indonesia-Hrg-Termurah-6.9inch-i.1219967501.45164108329,Rp1724790,Rp4399099,-61%,4.6,211,shop_1219967501,Jakarta Utara,2026-10-04 11:19:21.760990
Xiaomi 18 Pro Max,iPhone 14 Pro Max ex iBox Beacukai IMEI Permanen Garansi 12 Bln 100% Original Second iPhone FULLSET 128GB 256GB 512GB 1TB,https://shopee.co.id/iPhone-14-Pro-Max-ex-iBox-Beacukai-IMEI-Permanen-Garansi-12-Bln-100-Original-Second-iPhone-FULLSET-128GB-256GB-512GB-1TB-i.1437255344.26282097052,Rp14049000,Rp17518800,-20%,4.9,1RB+,shop_1437255344,Jakarta Selatan,2026-10-04 11:19:21.764107
Xiaomi 18 Pro Max,Xiaomi 15 Ultra Photography Kit 5G 12GB+12GB 256GB Snapdragon 8 Elite 200MP 120Hz 6000mAh 90W IP68,https://shopee.co.id/Xiaomi-15-Ultra-Photography-Kit-5G-12GB-12GB-256GB-Snapdragon-8-Elite-200MP-120Hz-6000mAh-90W-IP68-i.209472530.23285305174,Rp19107000,Rp19300000,-1%,5.0,2,shop_209472530,Makassar,2026-10-04 11:19:21.766491
Xiaomi 18 Pro Max,Xiaomi Mi 17T [12GB+512GB] - Garansi Resmi 1 Tahun,https://shopee.co.id/Xiaomi-Mi-17T-12GB-512GB-Garansi-Resmi-1-Tahun-i.1053062682.45812419742,Rp9949000,,,4.7,52,shop_1053062682,Jakarta Utara,2026-10-04 11:19:21.768680
Xiaomi Poco C81,Poco C75 RAM 8 ROM 256GB Dual SIM Jaringan 4G Garansi Toko 12 BULAN,https://shopee.co.id/Poco-C75-RAM-8-ROM-256GB-Dual-SIM-Jaringan-4G-Garansi-Toko-12-BULAN-i.143273445.54801175442,Rp1709000,,-15%,,2RB+,shop_143273445,,2026-10-04 09:57:45.611207
Xiaomi Poco C81,NOKIA 106 Dual Sim Garansi Resmi 1 bulan,https://shopee.co.id/NOKIA-106-Dual-Sim-Garansi-Resmi-1-bulan-i.143273445.7217010017,Rp122000,,-18%,,10RB+,shop_143273445,,2026-10-04 09:57:45.614861
Xiaomi Poco C81 Pro,XIAOMI POCO C81 PRO RAM 4/64 GB & 4/128 GB GARANSI RESMI,https://shopee.co.id/XIAOMI-POCO-C81-PRO-RAM-4-64-GB-4-128-GB-GARANSI-RESMI-i.157895634.15492538646,Rp2075000,,,5.0,533,shop_157895634,Bogor,2026-10-04 11:25:29.701772
Xiaomi Poco C81 Pro,POCO C81 Pro RAM 4/64 4/128 GARANSI RESMI,https://shopee.co.id/POCO-C81-Pro-RAM-4-64-4-128-GARANSI-RESMI-i.719246066.22204548028,Rp1820000,,,5.0,15,shop_719246066,Bogor,2026-10-04 11:25:29.705015
Xiaomi Poco C81 Pro,poco c81 pro 4/128 fresh bnib,https://shopee.co.id/poco-c81-pro-4-128-fresh-bnib-i.430207686.52261846035,Rp1930000,,,5.0,6,shop_430207686,Kab. Jember,2026-10-04 11:25:29.708329
Xiaomi Poco C81 Pro,POCO C81 Pro Ram 4+4*GB/128GB Garansi resmi,https://shopee.co.id/POCO-C81-Pro-Ram-4-4*GB-128GB-Garansi-resmi-i.200527474.56416452147,Rp2050000,,,4.9,,shop_200527474,Depok,2026-10-04 11:25:29.711585
Xiaomi Poco C81 Pro,"Xiaomi Poco C81 Pro 4/64GB 4/128GB | 6.9"" | Unisoc T7250 | 6000mAh | Garansi Resmi",https://shopee.co.id/Xiaomi-Poco-C81-Pro-4-64GB-4-128GB-6.9-Unisoc-T7250-6000mAh-Garansi-Resmi-i.59822858.49060317240,Rp2175000,Rp2699000,-19%,5.0,61,shop_59822858,Jakarta Barat,2026-10-04 11:25:29.715126
Xiaomi Poco C81 Pro,Xiaomi Poco C81 Pro 4/64GB 4/128GB C 81 Garansi Resmi Not X7 Pro C71 C85,https://shopee.co.id/Xiaomi-Poco-C81-Pro-4-64GB-4-128GB-C-81-Garansi-Resmi-Not-X7-Pro-C71-C85-i.1639279615.48710157967,Rp2142000,Rp4999000,-57%,4.8,104,shop_1639279615,Jakarta Pusat,2026-10-04 11:25:29.717588
Xiaomi Poco C81 Pro,Poco C81 Pro 4/64 4/128 New Garansi Resmi,https://shopee.co.id/Poco-C81-Pro-4-64-4-128-New-Garansi-Resmi-i.303514324.48316417071,Rp2199000,,,4.9,,shop_303514324,Denpasar,2026-10-04 11:25:29.720124
Xiaomi Poco C81x,POCO C75 RAM 8GB ROM 256GB HP Android 120Hz Display 50MP Camera Smartphone,https://shopee.co.id/POCO-C75-RAM-8GB-ROM-256GB-HP-Android-120Hz-Display-50MP-Camera-Smartphone-i.1887988436.42334525290,Rp1564999,Rp9999000,-84%,,1,shop_1887988436,Jakarta Barat,2026-10-04 11:25:59.698272
Xiaomi Poco C81x,XIAOMI POCO C85 RAM 8/256 GB & 6/128 GB GARANSI RESMI,https://shopee.co.id/XIAOMI-POCO-C85-RAM-8-256-GB-6-128-GB-GARANSI-RESMI-i.157895634.17146308434,Rp2895000,,,5.0,208,shop_157895634,Bogor,2026-10-04 11:25:59.702584
Xiaomi Poco C81x,Poco C75 6/128 GB8/256GB Handphone Second Bekas Fullset,https://shopee.co.id/Poco-C75-6-128-GB8-256GB-Handphone-Second-Bekas-Fullset-i.451756410.7192482250,Rp1745000,,,4.9,28,shop_451756410,Jakarta Selatan,2026-10-04 11:25:59.705493
Xiaomi Poco C81x,POCO X6 PRO (12/512GB) GARANSI RESMI 100% ORIGINAL GARANSI RESMI XIAOMI TAM INDONESIA,https://shopee.co.id/POCO-X6-PRO-(12-512GB)-GARANSI-RESMI-100-ORIGINAL-GARANSI-RESMI-XIAOMI-TAM-INDONESIA-i.1491355789.41359657881,Rp4999000,Rp7999000,-38%,4.7,827,shop_1491355789,Surabaya,2026-10-04 11:25:59.708374
Xiaomi Poco C81x,HP Smartphone Redmi 15C 4G LTE  8GB+256GB 6000mAh,https://shopee.co.id/HP-Smartphone-Redmi-15C-4G-LTE-8GB-256GB-6000mAh-i.1910281524.52215868800,Rp1999000,Rp3399000,-41%,4.4,12,shop_1910281524,Kab. Tangerang,2026-10-04 11:25:59.712047
Xiaomi Poco C95 Pro,EXTRA BUBBLEWRAP PACKING LEBIH AMAN,https://shopee.co.id/EXTRA-BUBBLEWRAP-PACKING-LEBIH-AMAN-i.720467008.29567378777,Rp500,,,,343,shop_720467008,,2026-10-04 10:07:44.423060
Xiaomi Poco F9 Ultra,Poco F9 Ultra Red Cherry 256GB,https://shopee.co.id/Poco-F9-Ultra-Red-Cherry-256GB-i.1651027661.48918517646,Rp14000000,,,,,shop_1651027661,Tangerang Selatan,2026-10-04 11:21:23.011115
Xiaomi Poco F9 Ultra,Xiaomi Mi 17T [12GB+512GB] - Garansi Resmi 1 Tahun,https://shopee.co.id/Xiaomi-Mi-17T-12GB-512GB-Garansi-Resmi-1-Tahun-i.1053062682.45812419742,Rp9949000,,,4.7,52,shop_1053062682,Jakarta Utara,2026-10-04 11:21:23.014266
Xiaomi Poco F9 Ultra,Xiaomi Redmi 17 [6GB+256GB] - Garansi Resmi 1 Tahun,https://shopee.co.id/Xiaomi-Redmi-17-6GB-256GB-Garansi-Resmi-1-Tahun-i.1053062682.51216077342,Rp3049000,,,5.0,31,shop_1053062682,Jakarta Utara,2026-10-04 11:21:23.016876
Xiaomi Poco F9 Ultra,Xiaomi Redmi Note 17 5G [8GB+256GB] - Garansi Resmi 1 Tahun,https://shopee.co.id/Xiaomi-Redmi-Note-17-5G-8GB-256GB-Garansi-Resmi-1-Tahun-i.1053062682.51367057127,Rp4599000,,,5.0,2,shop_1053062682,Jakarta Utara,2026-10-04 11:21:23.019286
Xiaomi Poco M8 Power,Xiaomi Redmi Note 17 5G 8/256GB NFC Garansi Resmi Indonesia,https://shopee.co.id/Xiaomi-Redmi-Note-17-5G-8-256GB-NFC-Garansi-Resmi-Indonesia-i.29521025.54117410331,Rp4749000,Rp5199000,-9%,4.9,,shop_29521025,Semarang,2026-10-04 11:23:55.106853
Xiaomi Poco M8x,EXTRA BUBBLEWRAP PACKING LEBIH AMAN,https://shopee.co.id/EXTRA-BUBBLEWRAP-PACKING-LEBIH-AMAN-i.720467008.29567378777,Rp500,,,,343,shop_720467008,,2026-10-04 09:41:45.173645
Xiaomi Poco X8,POCO X8 PRO dan X8 PRO MAX 5G NFC Baru Segel dan Garansi Resmi,https://shopee.co.id/POCO-X8-PRO-dan-X8-PRO-MAX-5G-NFC-Baru-Segel-dan-Garansi-Resmi-i.1069141626.47508355349,Rp7449000,,,5.0,63,shop_1069141626,Bandung,2026-10-04 11:20:53.244995
Xiaomi Poco X8,POCO X8 Pro & X8 Pro Max 5G Garansi Resmi 8/256GB 12/512GB Dimensity 120W Gaming,https://shopee.co.id/POCO-X8-Pro-X8-Pro-Max-5G-Garansi-Resmi-8-256GB-12-512GB-Dimensity-120W-Gaming-i.732084349.47514772421,Rp7058000,Rp12000000,-41%,,,shop_732084349,Makassar,2026-10-04 11:20:53.251627
Xiaomi Poco X8,POCO X8 PRO internal 512gb fullset paling murah,https://shopee.co.id/POCO-X8-PRO-internal-512gb-fullset-paling-murah-i.1546775512.46116833391,Rp5799999,,,4.8,,shop_1546775512,Kab. Bekasi,2026-10-04 11:20:53.254275
Xiaomi Poco X8,Poco X8 Pro 5G 12/512 Second Fullset Resmi,https://shopee.co.id/Poco-X8-Pro-5G-12-512-Second-Fullset-Resmi-i.16177561.54858534391,Rp5915000,,,5.0,8,shop_16177561,Kab. Cianjur,2026-10-04 11:20:53.257372
Xiaomi Poco X8,Poco X8 Pro 5G 12/512 Garansi Resmi,https://shopee.co.id/Poco-X8-Pro-5G-12-512-Garansi-Resmi-i.1758809990.54264096986,Rp7299000,,,5.0,22,shop_1758809990,Kab. Kendal,2026-10-04 11:20:53.259863
Xiaomi Poco X8,POCO X8 PRO 5G 100% ORIGINAL SEGEL GARANSI RESMI XIAOMI INDONESIA,https://shopee.co.id/POCO-X8-PRO-5G-100-ORIGINAL-SEGEL-GARANSI-RESMI-XIAOMI-INDONESIA-i.1133058510.25356652661,Rp6200000,Rp6799000,-9%,4.4,432,shop_1133058510,Surabaya,2026-10-04 11:20:53.262083
Xiaomi Poco X8,POCO X8 Pro 12/512 8/512 8/256GB GARANSI RESMI,https://shopee.co.id/POCO-X8-Pro-12-512-8-512-8-256GB-GARANSI-RESMI-i.719246066.22829840872,Rp6199000,,,5.0,100,shop_719246066,Bogor,2026-10-04 11:20:53.265205
Xiaomi Poco X8,POCO X8 Pro 5g 12/512 garansi resmi second Original,https://shopee.co.id/POCO-X8-Pro-5g-12-512-garansi-resmi-second-Original-i.1344102188.48911519000,Rp6650000,,,5.0,1,shop_1344102188,Kab. Tangerang,2026-10-04 11:20:53.267777
Xiaomi Poco X8,Xiaomi Poco X8 Pro Ram 8/256GB | Ram 8/512GB | Ram 12/512GB,https://shopee.co.id/Xiaomi-Poco-X8-Pro-Ram-8-256GB-Ram-8-512GB-Ram-12-512GB-i.877821319.52911996165,Rp6499000,,,5.0,5,shop_877821319,Surabaya,2026-10-04 11:20:53.270277
Xiaomi Poco X8 Power,Xiaomi 2K Monitor A27Qi 2026 | QHD 2560 × 1440 for Immersive Display | Ultra-Smooth 120Hz High Refresh Rate | Wide Colour Gamut with 100% sRGB & 95% DCI-P3 | Low Blue Light Certified for eye comfort | Monitor PC [Xiaomi Official Store],https://shopee.co.id/Xiaomi-2K-Monitor-A27Qi-2026-QHD-2560-×-1440-for-Immersive-Display-Ultra-Smooth-120Hz-High-Refresh-Rate-Wide-Colour-Gamut-with-100-sRGB-95-DCI-P3-Low-Blue-Light-Certified-for-eye-comfort-Monitor-PC-Xiaomi-Official-Store--i.51925611.26276657046,Rp2599000,Rp2799000,-7%,4.9,1RB+,shop_51925611,Kab. Tangerang,2026-10-04 11:20:24.355157
Xiaomi Poco X8 Power,Xiaomi Smart Camera C302 | Resolusi 2K UHD dengan Kamera 3MP | Pelindung lensa fisik | Cakupan dan perlindungan 360° | Deteksi AI manusia & hewan peliharaan | CCTV WiFi [Xiaomi Official Store],https://shopee.co.id/Xiaomi-Smart-Camera-C302-Resolusi-2K-UHD-dengan-Kamera-3MP-Pelindung-lensa-fisik-Cakupan-dan-perlindungan-360°-Deteksi-AI-manusia-hewan-peliharaan-CCTV-WiFi-Xiaomi-Official-Store--i.51925611.23533420904,Rp499000,Rp699000,-29%,4.9,10RB+,shop_51925611,Kab. Tangerang,2026-10-04 11:20:24.358936
Xiaomi Poco X8 Power,Followers Instagram Real Aktif Garansi Permanen,https://shopee.co.id/Followers-Instagram-Real-Aktif-Garansi-Permanen-i.221326803.26816485779,Rp4256,,,4.7,63,shop_221326803,Kab. Banyumas,2026-10-04 11:20:24.361192
Xiaomi Poco X8 Power,Samsung Galaxy Z Flip 6 12/256GB,https://shopee.co.id/Samsung-Galaxy-Z-Flip-6-12-256GB-i.231622992.26695955564,Rp8940000,Rp8950000,-1%,4.8,,shop_231622992,Banda Aceh,2026-10-04 11:20:24.363500
Xiaomi Poco X8 Power,Remington Catokan Pelurus Rambut Keratin Protect S8540,https://shopee.co.id/Remington-Catokan-Pelurus-Rambut-Keratin-Protect-S8540-i.44277832.10836920014,Rp1147180,Rp1399000,-18%,4.9,10RB+,shop_44277832,Bekasi,2026-10-04 11:20:24.365704
Xiaomi Poco X8 Power,ikat pinggang pria BONUS DOMPET KULIT panjang 125cm gesper pria kerja dan Sekolah,https://shopee.co.id/ikat-pinggang-pria-BONUS-DOMPET-KULIT-panjang-125cm-gesper-pria-kerja-dan-Sekolah-i.800254268.13099571883,Rp11600,Rp25400,-54%,4.5,10RB+,shop_800254268,Jakarta Pusat,2026-10-04 11:20:24.367938
Xiaomi Poco X8 Power,L'Oreal Paris Elseve Extraordinary Oil Gold Hair Treatment Serum 100ml -  Rambut Halus Berkilau dalam Satu Pemakaian - dari Bunga Istimewa Omega 3 - Perawatan Rambut Vitamin Rambut 100ml   Vitamin rambut,https://shopee.co.id/L'Oreal-Paris-Elseve-Extraordinary-Oil-Gold-Hair-Treatment-Serum-100ml-Rambut-Halus-Berkilau-dalam-Satu-Pemakaian-dari-Bunga-Istimewa-Omega-3-Perawatan-Rambut-Vitamin-Rambut-100ml-Vitamin-rambut-i.62579622.1023031429,Rp171011,Rp184000,-7%,4.9,10RB+,shop_62579622,Semarang,2026-10-04 11:20:24.370449
Xiaomi Poco X8 Power,Kasur Busa Super INOAC Tebal 10 CM GARANSI 5 TAHUN,https://shopee.co.id/Kasur-Busa-Super-INOAC-Tebal-10-CM-GARANSI-5-TAHUN-i.6641396.10907683971,Rp360100,,,4.8,10RB+,shop_6641396,Jakarta Timur,2026-10-04 11:20:24.373309
Xiaomi Redmi 17,Jual XIAOMI REDMI 17 6GB 128GB (BOX CHA+CAS) Original Garansi Resmi Indonesia,https://shopee.co.id/Jual-XIAOMI-REDMI-17-6GB-128GB-(BOX-CHA-CAS)-Original-Garansi-Resmi-Indonesia-i.1465113863.56503577268,Rp3499000,,-1%,,184,shop_1465113863,,2026-10-04 11:23:23.422487
Xiaomi Redmi 17,Xiaomi Redmi 17 4GB/128 | 6GB/256GB,https://shopee.co.id/Xiaomi-Redmi-17-4GB-128-6GB-256GB-i.1465113863.50467625545,Rp2979000,,-1%,,,shop_1465113863,,2026-10-04 11:23:23.428734
Xiaomi Redmi 17,Jual XIAOMI REDMI NOTE 17 5G 6/8GB 128/256GB Garansi Resmi Indonesia,https://shopee.co.id/Jual-XIAOMI-REDMI-NOTE-17-5G-6-8GB-128-256GB-Garansi-Resmi-Indonesia-i.1465113863.41153477085,Rp4289000,,-1%,,10,shop_1465113863,,2026-10-04 11:23:23.431529
Xiaomi Redmi 17,Xiaomi Redmi 17 [6GB+256GB] - Garansi Resmi 1 Tahun,https://shopee.co.id/Xiaomi-Redmi-17-6GB-256GB-Garansi-Resmi-1-Tahun-i.1053062682.51216077342,Rp3049000,,,5.0,31,shop_1053062682,Jakarta Utara,2026-10-04 11:23:23.434205
Xiaomi Redmi 17,Xiaomi Redmi 17 4/128GB | 6/128GB | 6/256GB Garansi Resmi,https://shopee.co.id/Xiaomi-Redmi-17-4-128GB-6-128GB-6-256GB-Garansi-Resmi-i.1701599576.47068086007,Rp2899000,,,5.0,,shop_1701599576,Tasikmalaya,2026-10-04 11:23:23.437037
Xiaomi Redmi 17,Xiaomi Mi 17T [12GB+512GB] - Garansi Resmi 1 Tahun,https://shopee.co.id/Xiaomi-Mi-17T-12GB-512GB-Garansi-Resmi-1-Tahun-i.1053062682.45812419742,Rp9949000,,,4.7,52,shop_1053062682,Jakarta Utara,2026-10-04 11:23:23.440062
Xiaomi Redmi 17,"Xiaomi Redmi 17 [4/128GB] [6/128GB] [6/256GB] - 50MP Camera, MediaTek Helio G91-Ultra Garansi Resmi",https://shopee.co.id/Xiaomi-Redmi-17-4-128GB-6-128GB-6-256GB-50MP-Camera-MediaTek-Helio-G91-Ultra-Garansi-Resmi-i.258990026.26280165029,Rp2989000,Rp4499000,-34%,5.0,64,shop_258990026,Jakarta Barat,2026-10-04 11:23:23.443120
Xiaomi Redmi 17 4G,Xiaomi Redmi Note 17 [6/128GB] [6/256GB] Garansi Resmi Xiaomi Indonesia,https://shopee.co.id/Xiaomi-Redmi-Note-17-6-128GB-6-256GB-Garansi-Resmi-Xiaomi-Indonesia-i.133736627.16243471339,Rp3999000,,,,377,shop_133736627,,2026-10-04 10:08:51.784042
Xiaomi Redmi 17 4G,Xiaomi Redmi Note 17 Pro Max 5G [8/256GB] [8/512GB] Garansi Resmi Xiaomi Indonesia,https://shopee.co.id/Xiaomi-Redmi-Note-17-Pro-Max-5G-8-256GB-8-512GB-Garansi-Resmi-Xiaomi-Indonesia-i.133736627.17242863681,Rp5999000,,,,419,shop_133736627,,2026-10-04 10:08:51.790140
Xiaomi Redmi 17 4G,Xiaomi Redmi Note 17 Pro 5G [8GB/256GB] [8GB/512GB] Garansi Resmi Xiaomi Indonesia,https://shopee.co.id/Xiaomi-Redmi-Note-17-Pro-5G-8GB-256GB-8GB-512GB-Garansi-Resmi-Xiaomi-Indonesia-i.133736627.15179487380,Rp5999000,,,,555,shop_133736627,,2026-10-04 10:08:51.793247
Xiaomi Redmi 17C,Xiaomi Redmi 17 [6/256GB] [6/128GB] [4/128GB] Garansi Resmi Xiaomi 15 Bulan,https://shopee.co.id/Xiaomi-Redmi-17-6-256GB-6-128GB-4-128GB-Garansi-Resmi-Xiaomi-15-Bulan-i.133736627.10760948044,Rp2999000,,,,1RB+,shop_133736627,,2026-10-04 10:08:20.052346
Xiaomi Redmi 17C,Xiaomi Redmi 17 [6/256GB] [6/128GB] [4/128GB] Garansi Resmi Xiaomi 15 Bulan,https://shopee.co.id/Xiaomi-Redmi-17-6-256GB-6-128GB-4-128GB-Garansi-Resmi-Xiaomi-15-Bulan-i.133736627.12575332633,Rp2999000,,,,1RB+,shop_133736627,,2026-10-04 10:08:20.058091
Xiaomi Redmi 17C,Xiaomi Redmi Note 17 [6/128GB] [6/256GB] Garansi Resmi Xiaomi Indonesia,https://shopee.co.id/Xiaomi-Redmi-Note-17-6-128GB-6-256GB-Garansi-Resmi-Xiaomi-Indonesia-i.133736627.16243471339,Rp3999000,,,,377,shop_133736627,,2026-10-04 10:08:20.060800
Xiaomi Redmi 17C 4G,Xiaomi Redmi 17 4GB/128 | 6GB/256GB,https://shopee.co.id/Xiaomi-Redmi-17-4GB-128-6GB-256GB-i.1465113863.50467625545,Rp2979000,,-1%,,,shop_1465113863,,2026-10-04 11:24:57.961491
Xiaomi Redmi 17C 4G,Jual XIAOMI REDMI 17 6GB 128GB (BOX CHA+CAS) Original Garansi Resmi Indonesia,https://shopee.co.id/Jual-XIAOMI-REDMI-17-6GB-128GB-(BOX-CHA-CAS)-Original-Garansi-Resmi-Indonesia-i.1465113863.56503577268,Rp3499000,,-1%,,184,shop_1465113863,,2026-10-04 11:24:57.964545
Xiaomi Redmi 17C 4G,Infinix Smart 20 4GB 128GB Garansi Resmi Indonesia,https://shopee.co.id/Infinix-Smart-20-4GB-128GB-Garansi-Resmi-Indonesia-i.1465113863.40055860512,Rp2069000,,-48%,,851,shop_1465113863,,2026-10-04 11:24:57.967061
Xiaomi Redmi 17C 4G,Xiaomi Redmi 17 [6GB+256GB] - Garansi Resmi 1 Tahun,https://shopee.co.id/Xiaomi-Redmi-17-6GB-256GB-Garansi-Resmi-1-Tahun-i.1053062682.51216077342,Rp3049000,,,5.0,31,shop_1053062682,Jakarta Utara,2026-10-04 11:24:57.969633
Xiaomi Redmi 17C 4G,Xiaomi Redmi Note 17 5G 8/256GB | 6/256GB | 6/128GB Snapdragon 6s AMOLED Garansi Resmi,https://shopee.co.id/Xiaomi-Redmi-Note-17-5G-8-256GB-6-256GB-6-128GB-Snapdragon-6s-AMOLED-Garansi-Resmi-i.820366.51117508518,Rp3909100,Rp4030000,-3%,4.9,,shop_820366,Jakarta Pusat,2026-10-04 11:24:57.972092
Xiaomi Redmi 17C 4G,Xiaomi Redmi Note 17  [6GB+256GB] - Garansi Resmi 1 Tahun,https://shopee.co.id/Xiaomi-Redmi-Note-17-6GB-256GB-Garansi-Resmi-1-Tahun-i.1053062682.48417072110,Rp4049000,,,4.9,,shop_1053062682,Jakarta Utara,2026-10-04 11:24:57.974274
Xiaomi Redmi 17C 4G,REDMI NOTE 14  4G (8/128GB & 8/256GB) GARANSI RESMI 100% ORIGINAL GARANSI RESMI XIAOMI TAM INDONESIA,https://shopee.co.id/REDMI-NOTE-14-4G-(8-128GB-8-256GB)-GARANSI-RESMI-100-ORIGINAL-GARANSI-RESMI-XIAOMI-TAM-INDONESIA-i.1491355789.43200582604,Rp3399000,Rp5999000,-43%,4.5,260,shop_1491355789,Surabaya,2026-10-04 11:24:57.977550
Xiaomi Redmi 17C 4G,Xiaomi Redmi A3 ram 6/128 GB [6GB+128GB] Garansi 1 Tahun,https://shopee.co.id/Xiaomi-Redmi-A3-ram-6-128-GB-6GB-128GB-Garansi-1-Tahun-i.1286726960.29367346694,Rp1029000,,,,,shop_1286726960,Kab. Tangerang,2026-10-04 11:24:57.979975
Xiaomi Redmi 17C 4G,"Xiaomi Redmi Note 14 | 108 MP AI Camera | 5500mAh 33W Turbo Charging | MediaTek Helio G99 Ultra [8+128GB & 8+256GB] - black, 8/128gb - black, 8/128gb",https://shopee.co.id/Xiaomi-Redmi-Note-14-108-MP-AI-Camera-5500mAh-33W-Turbo-Charging-MediaTek-Helio-G99-Ultra-8-128GB-8-256GB-black-8-128gb-black-8-128gb-i.1167374888.41376148605,Rp2830006,,,4.8,45,shop_1167374888,Jakarta Barat,2026-10-04 11:24:57.982455
Xiaomi Redmi K100 Pro,Redmi K100 Pro Max 5G 16GB 1TB Snapdragon 8 Elite Gen 5 200MP 185Hz 9070mAh 100W IP68/69 BNIB Bergaransi Original,https://shopee.co.id/Redmi-K100-Pro-Max-5G-16GB-1TB-Snapdragon-8-Elite-Gen-5-200MP-185Hz-9070mAh-100W-IP68-69-BNIB-Bergaransi-Original-i.209472530.24703362379,Rp18611010,Rp18799000,-1%,4.5,2,shop_209472530,Makassar,2026-10-04 11:22:53.977149
Xiaomi Redmi K100 Pro,Redmi K100 Pro 5G 6.59''AMOLED 185HZ Snapdragon 8 Elite Gen 5 V-Series 8580mAh 100W 200MP Main 50MP Telefoto,https://shopee.co.id/Redmi-K100-Pro-5G-6.59''AMOLED-185HZ-Snapdragon-8-Elite-Gen-5-V-Series-8580mAh-100W-200MP-Main-50MP-Telefoto-i.226639266.51266062210,Rp16599000,,,5.0,,shop_226639266,Jakarta Selatan,2026-10-04 11:22:53.980069
Xiaomi Redmi K100 Pro,REDMI K100 Pro 5G 12+256GB 512GB 16GB Snapdragon 8 Elite Gen 5 V Series - China ROM,https://shopee.co.id/REDMI-K100-Pro-5G-12-256GB-512GB-16GB-Snapdragon-8-Elite-Gen-5-V-Series-China-ROM-i.30416269.44233630155,Rp15899000,,,5.0,,shop_30416269,Jakarta Barat,2026-10-04 11:22:53.982283
Xiaomi Redmi K100 Pro,Mi 10T Pro (5G) | Kamera 108MP OIS | Normal Siap Mabar Garansi,https://shopee.co.id/Mi-10T-Pro-(5G)-Kamera-108MP-OIS-Normal-Siap-Mabar-Garansi-i.515207312.17695151759,Rp3494000,,,5.0,34,shop_515207312,Kab. Ponorogo,2026-10-04 11:22:53.984437
Xiaomi Redmi K100 Pro,Redmi K100 Pro Max 5G 6.9''AMOLED 185HZ Snapdragon 8 Elite Gen 5 9070mAh 100W 200MP Main 50MP Telefoto,https://shopee.co.id/Redmi-K100-Pro-Max-5G-6.9''AMOLED-185HZ-Snapdragon-8-Elite-Gen-5-9070mAh-100W-200MP-Main-50MP-Telefoto-i.226639266.40683563999,Rp18699000,,,5.0,,shop_226639266,Jakarta Selatan,2026-10-04 11:22:53.986756
Xiaomi Redmi K100 Pro,Redmi K100 Pro Max Xiaomi Hp lebih bagus Poco F ultra Xiaomi Redmi K90 pro max,https://shopee.co.id/Redmi-K100-Pro-Max-Xiaomi-Hp-lebih-bagus-Poco-F-ultra-Xiaomi-Redmi-K90-pro-max-i.1713131525.56666021960,Rp17990000,,,,,shop_1713131525,Jakarta Barat,2026-10-04 11:22:53.988967
Xiaomi Redmi K100 Pro,Redmi K100 Pro,https://shopee.co.id/Redmi-K100-Pro-i.1068367252.43433472743,Rp14800000,,,5.0,,shop_1068367252,Tangerang Selatan,2026-10-04 11:22:53.991134
Xiaomi Redmi K100 Pro,REDMI K100 Pro Max 5G 12+256GB 512GB 16+1TB Snapdragon 8 Elite Gen 5 V Series - China ROM,https://shopee.co.id/REDMI-K100-Pro-Max-5G-12-256GB-512GB-16-1TB-Snapdragon-8-Elite-Gen-5-V-Series-China-ROM-i.30416269.56216150045,Rp16899000,,,5.0,,shop_30416269,Jakarta Barat,2026-10-04 11:22:53.994216
Xiaomi Redmi K100 Pro,Poco X8 Pro 5G 12/512 Garansi Resmi,https://shopee.co.id/Poco-X8-Pro-5G-12-512-Garansi-Resmi-i.1758809990.54264096986,Rp7299000,,,5.0,22,shop_1758809990,Kab. Kendal,2026-10-04 11:22:53.996796
Xiaomi Redmi K100 Pro,Poco X8 Pro 5G 12/512 Second Fullset Resmi,https://shopee.co.id/Poco-X8-Pro-5G-12-512-Second-Fullset-Resmi-i.16177561.54858534391,Rp5915000,,,5.0,8,shop_16177561,Kab. Cianjur,2026-10-04 11:22:53.999149
Xiaomi Redmi K100 Pro Max,Redmi K100 Pro Max 5G 16GB 1TB Snapdragon 8 Elite Gen 5 200MP 185Hz 9070mAh 100W IP68/69 BNIB Bergaransi Original,https://shopee.co.id/Redmi-K100-Pro-Max-5G-16GB-1TB-Snapdragon-8-Elite-Gen-5-200MP-185Hz-9070mAh-100W-IP68-69-BNIB-Bergaransi-Original-i.209472530.24703362379,Rp18611010,Rp18799000,-1%,4.5,2,shop_209472530,Makassar,2026-10-04 11:22:26.366294
Xiaomi Redmi K100 Pro Max,Redmi K100 Pro Max 5G 6.9''AMOLED 185HZ Snapdragon 8 Elite Gen 5 9070mAh 100W 200MP Main 50MP Telefoto,https://shopee.co.id/Redmi-K100-Pro-Max-5G-6.9''AMOLED-185HZ-Snapdragon-8-Elite-Gen-5-9070mAh-100W-200MP-Main-50MP-Telefoto-i.226639266.40683563999,Rp18699000,,,5.0,,shop_226639266,Jakarta Selatan,2026-10-04 11:22:26.369746
Xiaomi Redmi K100 Pro Max,Redmi K100 Pro Max,https://shopee.co.id/Redmi-K100-Pro-Max-i.1068367252.57665831823,Rp16650000,,,5.0,,shop_1068367252,Tangerang Selatan,2026-10-04 11:22:26.373056
Xiaomi Redmi K100 Pro Max,Redmi K100 Pro Max Xiaomi Hp lebih bagus Poco F ultra Xiaomi Redmi K90 pro max,https://shopee.co.id/Redmi-K100-Pro-Max-Xiaomi-Hp-lebih-bagus-Poco-F-ultra-Xiaomi-Redmi-K90-pro-max-i.1713131525.56666021960,Rp17990000,,,,,shop_1713131525,Jakarta Barat,2026-10-04 11:22:26.376247
Xiaomi Redmi K100 Pro Max,Xiaomi Mi 17T [12GB+512GB] - Garansi Resmi 1 Tahun,https://shopee.co.id/Xiaomi-Mi-17T-12GB-512GB-Garansi-Resmi-1-Tahun-i.1053062682.45812419742,Rp9949000,,,4.7,52,shop_1053062682,Jakarta Utara,2026-10-04 11:22:26.379153
Xiaomi Redmi K100 Pro Max,Xiaomi 17T Pro (12/256) / Xiaomi 17T Pro (12/512GB) / Leica Summilux optical Dimensity 9500,https://shopee.co.id/Xiaomi-17T-Pro-(12-256)-Xiaomi-17T-Pro-(12-512GB)-Leica-Summilux-optical-Dimensity-9500-i.1753847064.43878971554,Rp11999000,,,5.0,46,shop_1753847064,Kab. Karawang,2026-10-04 11:22:26.381540
Xiaomi Redmi K100 Pro Max,Poco X8 Pro 5G 12/512 Garansi Resmi,https://shopee.co.id/Poco-X8-Pro-5G-12-512-Garansi-Resmi-i.1758809990.54264096986,Rp7299000,,,5.0,22,shop_1758809990,Kab. Kendal,2026-10-04 11:22:26.383792
Xiaomi Redmi K100 Pro Max,Redmi K90 Ultra / Redmi K90 Ultimate 5G 16GB 1TB Snapdragon 8 Elite 50MP 165Hz 8550mAh 100W IP68/69 BNIB Bergaransi Original,https://shopee.co.id/Redmi-K90-Ultra-Redmi-K90-Ultimate-5G-16GB-1TB-Snapdragon-8-Elite-50MP-165Hz-8550mAh-100W-IP68-69-BNIB-Bergaransi-Original-i.209472530.24953593118,Rp12671010,Rp12799000,-1%,5.0,1,shop_209472530,Makassar,2026-10-04 11:22:26.386566
Xiaomi Redmi K100 Pro Max,Xiaomi Redmi Note 17 5G 8/256GB | 6/256GB | 6/128GB Snapdragon 6s AMOLED Garansi Resmi,https://shopee.co.id/Xiaomi-Redmi-Note-17-5G-8-256GB-6-256GB-6-128GB-Snapdragon-6s-AMOLED-Garansi-Resmi-i.820366.51117508518,Rp3909100,Rp4030000,-3%,4.9,,shop_820366,Jakarta Pusat,2026-10-04 11:22:26.389242
Xiaomi Redmi K100 Pro Max,XIAOMI 14T 5G ( 12/256GB & 12/512GB ) GARANSI RESMI TAM XIAOMI 100% ORIGINAL GARANSI RESMI XIAOMI,https://shopee.co.id/XIAOMI-14T-5G-(-12-256GB-12-512GB-)-GARANSI-RESMI-TAM-XIAOMI-100-ORIGINAL-GARANSI-RESMI-XIAOMI-i.1133058510.25656669329,Rp6498000,Rp6499000,-1%,4.9,601,shop_1133058510,Surabaya,2026-10-04 11:22:26.391595
Xiaomi Redmi K90 Ultra,Xiaomi Redmi Note 17 5G 8/256GB | 6/256GB | 6/128GB Snapdragon 6s AMOLED Garansi Resmi,https://shopee.co.id/Xiaomi-Redmi-Note-17-5G-8-256GB-6-256GB-6-128GB-Snapdragon-6s-AMOLED-Garansi-Resmi-i.820366.51117508518,Rp3909100,Rp4030000,-3%,4.9,,shop_820366,Jakarta Pusat,2026-10-04 11:24:25.819876
Xiaomi Redmi K90 Ultra,Xiaomi Redmi 17 [6GB+256GB] - Garansi Resmi 1 Tahun,https://shopee.co.id/Xiaomi-Redmi-17-6GB-256GB-Garansi-Resmi-1-Tahun-i.1053062682.51216077342,Rp3049000,,,5.0,31,shop_1053062682,Jakarta Utara,2026-10-04 11:24:25.823457
Xiaomi Redmi K90 Ultra,Xiaomi Redmi Note 17 5G [8GB+256GB] - Garansi Resmi 1 Tahun,https://shopee.co.id/Xiaomi-Redmi-Note-17-5G-8GB-256GB-Garansi-Resmi-1-Tahun-i.1053062682.51367057127,Rp4599000,,,5.0,2,shop_1053062682,Jakarta Utara,2026-10-04 11:24:25.825938
Xiaomi Redmi K90 Ultra,Xiaomi Redmi Note 17 4G 6GB/128GB I 6GB/256GB Garansi Resmi Xiaomi Indonesia,https://shopee.co.id/Xiaomi-Redmi-Note-17-4G-6GB-128GB-I-6GB-256GB-Garansi-Resmi-Xiaomi-Indonesia-i.1345303945.46767208016,Rp3464000,Rp5999000,-42%,5.0,66,shop_1345303945,Jakarta Pusat,2026-10-04 11:24:25.829205
Xiaomi Redmi K90 Ultra,Xiaomi Redmi Note 17  [6GB+256GB] - Garansi Resmi 1 Tahun,https://shopee.co.id/Xiaomi-Redmi-Note-17-6GB-256GB-Garansi-Resmi-1-Tahun-i.1053062682.48417072110,Rp4049000,,,4.9,,shop_1053062682,Jakarta Utara,2026-10-04 11:24:25.831478
Xiaomi Redmi K90 Ultra,xiomi 17 12/512,https://shopee.co.id/xiomi-17-12-512-i.294121046.52258470142,Rp13700000,,,,,shop_294121046,Kab. Ciamis,2026-10-04 11:24:25.833837
Xiaomi Redmi K90 Ultra,Xiaomi 17T Pro (12/256) / Xiaomi 17T Pro (12/512GB) / Leica Summilux optical Dimensity 9500,https://shopee.co.id/Xiaomi-17T-Pro-(12-256)-Xiaomi-17T-Pro-(12-512GB)-Leica-Summilux-optical-Dimensity-9500-i.1753847064.43878971554,Rp11999000,,,5.0,46,shop_1753847064,Kab. Karawang,2026-10-04 11:24:25.835942
Xiaomi Redmi K90 Ultra,XIAOMI 15T PRO 5G 100% ORIGINAL SEGEL GARANSI RESMI XIAOMI INDONESIA,https://shopee.co.id/XIAOMI-15T-PRO-5G-100-ORIGINAL-SEGEL-GARANSI-RESMI-XIAOMI-INDONESIA-i.1133058510.25706654670,Rp9677000,Rp11499000,-16%,4.8,749,shop_1133058510,Surabaya,2026-10-04 11:24:25.838415
Xiaomi Redmi K90 Ultra,Handphone Xiaomi 17T Pro Ram 12 512 GB,https://shopee.co.id/Handphone-Xiaomi-17T-Pro-Ram-12-512-GB-i.1815305317.56018509733,Rp11000000,,,4.9,,shop_1815305317,Tangerang,2026-10-04 11:24:25.840652
Xiaomi Redmi M100,XIAOMI REDMI A7 PRO 4GB 128GB  UNISOC T7250 6000MAH NEW TYPE,https://shopee.co.id/XIAOMI-REDMI-A7-PRO-4GB-128GB-UNISOC-T7250-6000MAH-NEW-TYPE-i.1367956498.25688510638,Rp2079000,,-1%,,240,shop_1367956498,,2026-10-04 10:18:02.704786
Xiaomi Redmi M100,HANDPONE XIAOMI REDMI 17 4GB 128GB/6GB 128 Helio G91 Ultra 7000 mAh Garansi Resmi  (BOX CHA+CAS),https://shopee.co.id/HANDPONE-XIAOMI-REDMI-17-4GB-128GB-6GB-128-Helio-G91-Ultra-7000-mAh-Garansi-Resmi-(BOX-CHA-CAS)-i.1367956498.41420289341,Rp2979000,,-1%,,211,shop_1367956498,,2026-10-04 10:18:02.708267
Xiaomi Redmi M100,XIAOMI REDMI 17 6GB 128GB BLACK (BOX CHA+CAS) 7.500 mAh dengan turbo charging,https://shopee.co.id/XIAOMI-REDMI-17-6GB-128GB-BLACK-(BOX-CHA-CAS)-7.500-mAh-dengan-turbo-charging-i.1367956498.43264777354,Rp3399000,,-1%,,294,shop_1367956498,,2026-10-04 10:18:02.711141
Xiaomi Redmi Note 17 4G,Xiaomi Redmi Note 17 4G RAM 6/128GB 6/256GB Garansi Resmi TAM,https://shopee.co.id/Xiaomi-Redmi-Note-17-4G-RAM-6-128GB-6-256GB-Garansi-Resmi-TAM-i.21009202.52917293060,Rp4159000,,-51%,,,shop_21009202,,2026-10-04 11:21:51.703253
Xiaomi Redmi Note 17 4G,EZVIZ C6N 1080P 2MP / 5MP Cctv Ezviz Home Dome Smart Wireless IP Camera CCTV Wifi Jarak Jauh Lewat Hp,https://shopee.co.id/EZVIZ-C6N-1080P-2MP-5MP-Cctv-Ezviz-Home-Dome-Smart-Wireless-IP-Camera-CCTV-Wifi-Jarak-Jauh-Lewat-Hp-i.21009202.3151519782,Rp450000,,-68%,,10RB+,shop_21009202,,2026-10-04 11:21:51.706695
Xiaomi Redmi Note 17 4G,PACKING AMAN - BUBBLE WRAP Untuk EXTRA PROTECTION,https://shopee.co.id/PACKING-AMAN-BUBBLE-WRAP-Untuk-EXTRA-PROTECTION-i.21009202.2143342248,Rp2500,,,,8RB+,shop_21009202,,2026-10-04 11:21:51.709028
Xiaomi Redmi Note 17 4G,Xiaomi Redmi Note 17  [6GB+256GB] - Garansi Resmi 1 Tahun,https://shopee.co.id/Xiaomi-Redmi-Note-17-6GB-256GB-Garansi-Resmi-1-Tahun-i.1053062682.48417072110,Rp4049000,,,4.9,,shop_1053062682,Jakarta Utara,2026-10-04 11:21:51.711480
Xiaomi Redmi Note 17 4G,Xiaomi Redmi Note 17 4G 6GB/128GB I 6GB/256GB Garansi Resmi Xiaomi Indonesia,https://shopee.co.id/Xiaomi-Redmi-Note-17-4G-6GB-128GB-I-6GB-256GB-Garansi-Resmi-Xiaomi-Indonesia-i.1345303945.46767208016,Rp3464000,Rp5999000,-42%,5.0,66,shop_1345303945,Jakarta Pusat,2026-10-04 11:21:51.713869
Xiaomi Redmi Note 17 4G,"XIAOMI REDMI NOTE 17 4G RAM [6/128GB][6/256GB] - Qualcomm Snapdragon 6s 4G Gen 2, Kamera 50MP | Redmi Note17 , Note 17 GARANSI RESMI",https://shopee.co.id/XIAOMI-REDMI-NOTE-17-4G-RAM-6-128GB-6-256GB-Qualcomm-Snapdragon-6s-4G-Gen-2-Kamera-50MP-Redmi-Note17-Note-17-GARANSI-RESMI-i.191032679.47717433665,Rp3779900,Rp4999900,-24%,4.9,,shop_191032679,Jakarta Barat,2026-10-04 11:21:51.716610
Xiaomi Redmi Note 17 4G,Xiaomi Redmi Note 17 4G 6/256GB NFC Garansi Resmi Indonesia,https://shopee.co.id/Xiaomi-Redmi-Note-17-4G-6-256GB-NFC-Garansi-Resmi-Indonesia-i.29521025.53417569521,Rp3849000,Rp4299000,-10%,4.9,,shop_29521025,Semarang,2026-10-04 11:21:51.720168
Xiaomi Redmi Note 17 4G,XIAOMI REDMI NOTE 17 4G/5G 8/256GB l GARANSI RESMI XIAOMI,https://shopee.co.id/XIAOMI-REDMI-NOTE-17-4G-5G-8-256GB-l-GARANSI-RESMI-XIAOMI-i.1092693579.53267154892,Rp3979000,Rp3999000,-1%,4.9,,shop_1092693579,Kab. Bogor,2026-10-04 11:21:51.723408
Xiaomi Redmi Note 17 4G,"Redmi Note 17 4G RAM 6/128GB & 6/256GB - AMOLED 6,99 Inch Snapdragon 6s 4G Gen 2",https://shopee.co.id/Redmi-Note-17-4G-RAM-6-128GB-6-256GB-AMOLED-6-99-Inch-Snapdragon-6s-4G-Gen-2-i.1732890112.45167537340,Rp3739000,Rp5599000,-33%,5.0,3,shop_1732890112,Jakarta Utara,2026-10-04 11:21:51.726647
Xiaomi Redmi Note 17 Pro,Xiaomi Redmi Note 17 Pro Max 5G [8/256GB] [8/512GB] Garansi Resmi Xiaomi Indonesia,https://shopee.co.id/Xiaomi-Redmi-Note-17-Pro-Max-5G-8-256GB-8-512GB-Garansi-Resmi-Xiaomi-Indonesia-i.133736627.17242863681,Rp5999000,,,,419,shop_133736627,,2026-10-04 09:40:36.026484
Xiaomi Redmi Note 17 Pro,Xiaomi Redmi Note 17 Pro 5G [8GB/256GB] [8GB/512GB] Garansi Resmi Xiaomi Indonesia,https://shopee.co.id/Xiaomi-Redmi-Note-17-Pro-5G-8GB-256GB-8GB-512GB-Garansi-Resmi-Xiaomi-Indonesia-i.133736627.15179487380,Rp5999000,,,,555,shop_133736627,,2026-10-04 09:40:36.031637
Xiaomi Redmi Note 17 Pro,Xiaomi Redmi Note 17 [6/128GB] [6/256GB] Garansi Resmi Xiaomi Indonesia,https://shopee.co.id/Xiaomi-Redmi-Note-17-6-128GB-6-256GB-Garansi-Resmi-Xiaomi-Indonesia-i.133736627.16243471339,Rp3999000,,,,377,shop_133736627,,2026-10-04 09:40:36.035132
Xiaomi Redmi Note 17 Pro (China),Infinix Note 60 Pro 12/256GB - Up to 24GB Extended RAM - Snapdragon 7s Gen 4 - 6.78” 1.5K Amoled - 50MP - 6500 mAh - 90W Charging - NFC,https://shopee.co.id/Infinix-Note-60-Pro-12-256GB-Up-to-24GB-Extended-RAM-Snapdragon-7s-Gen-4-6.78”-1.5K-Amoled-50MP-6500-mAh-90W-Charging-NFC-i.342033216.49405876183,Rp6779000,,-3%,,4RB+,shop_342033216,,2026-10-04 09:42:19.462510
Xiaomi Redmi Note 17 Pro (China),Infinix Note 60 Pro 8/256GB - Up to 16GB Extended RAM - Snapdragon 7s Gen 4 - 6.78” 1.5K Amoled - 50MP - 6500 mAh - 90W Charging - NFC,https://shopee.co.id/Infinix-Note-60-Pro-8-256GB-Up-to-16GB-Extended-RAM-Snapdragon-7s-Gen-4-6.78”-1.5K-Amoled-50MP-6500-mAh-90W-Charging-NFC-i.342033216.41678610108,Rp5819000,,-3%,,5RB+,shop_342033216,,2026-10-04 09:42:19.468063
Xiaomi Redmi Note 17 Pro (China),Infinix Smart 20 4/64GB - Up to 8GB Extended RAM - Mediatek Helio G81 - 6.78” - 8MP - 5200 mAh - IP64,https://shopee.co.id/Infinix-Smart-20-4-64GB-Up-to-8GB-Extended-RAM-Mediatek-Helio-G81-6.78”-8MP-5200-mAh-IP64-i.342033216.46906666616,Rp2039000,,-3%,,10RB+,shop_342033216,,2026-10-04 09:42:19.472559
Xiaomi Redmi Note 17 Pro (China),Infinix Smart 20 4/128GB - Up to 8GB Extended RAM - Mediatek Helio G81 - 6.78” - 8MP - 5200 mAh - IP64,https://shopee.co.id/Infinix-Smart-20-4-128GB-Up-to-8GB-Extended-RAM-Mediatek-Helio-G81-6.78”-8MP-5200-mAh-IP64-i.342033216.40428983454,Rp2260000,,-2%,,10RB+,shop_342033216,,2026-10-04 09:42:19.475763
Xiaomi Redmi Note 17 Pro Max,Xiaomi Redmi Note 17 Pro Max 5G [8/256GB] [8/512GB] Garansi Resmi Xiaomi Indonesia,https://shopee.co.id/Xiaomi-Redmi-Note-17-Pro-Max-5G-8-256GB-8-512GB-Garansi-Resmi-Xiaomi-Indonesia-i.133736627.17242863681,Rp5999000,,,,419,shop_133736627,,2026-10-04 09:39:59.799057
Xiaomi Redmi Note 17 Pro Max,Xiaomi Redmi Note 17 Pro 5G [8GB/256GB] [8GB/512GB] Garansi Resmi Xiaomi Indonesia,https://shopee.co.id/Xiaomi-Redmi-Note-17-Pro-5G-8GB-256GB-8GB-512GB-Garansi-Resmi-Xiaomi-Indonesia-i.133736627.15179487380,Rp5999000,,,,555,shop_133736627,,2026-10-04 09:39:59.842485
Xiaomi Redmi Note 17 Pro Max,Xiaomi Redmi Note 17 [6/128GB] [6/256GB] Garansi Resmi Xiaomi Indonesia,https://shopee.co.id/Xiaomi-Redmi-Note-17-6-128GB-6-256GB-Garansi-Resmi-Xiaomi-Indonesia-i.133736627.16243471339,Rp3999000,,,,377,shop_133736627,,2026-10-04 09:39:59.851897
Xiaomi Redmi Note 17 Pro Max,Xiaomi Redmi Note 17 Pro Max 5G 8/256GB 8/512GB Garansi Resmi Indonesia,https://shopee.co.id/Xiaomi-Redmi-Note-17-Pro-Max-5G-8-256GB-8-512GB-Garansi-Resmi-Indonesia-i.457175272.50318270083,Rp7208000,Rp9999000,-28%,5.0,2,shop_457175272,Jakarta Selatan,2026-10-04 09:39:59.863068
Xiaomi Redmi Note 17 Pro Max,"Xiaomi Redmi Note 17 Pro Max 5G - 8/256 & 8/512, 10000mAh & 100W, Layar AMOLED 6,83"" - Garansi Resmi",https://shopee.co.id/Xiaomi-Redmi-Note-17-Pro-Max-5G-8-256-8-512-10000mAh-100W-Layar-AMOLED-6-83-Garansi-Resmi-i.1732890112.49768237045,Rp7099000,Rp7599000,-7%,5.0,,shop_1732890112,Jakarta Utara,2026-10-04 09:39:59.868218
Xiaomi Redmi Note 17 Pro Max,Xiaomi REDMI Note 17 Pro 5G (8GB+256GB) (8GB+512GB)| REDMI Note 17 Pro Max 5G (8GB+256GB) (8GB+512GB) | 10000mAh & 100W HyperCharge* | IP69K Tahan Debu & Air | Corning® Gorilla® Glass Victus® 2| Kamera AI Ultra-Clear [Xiaomi Official Store],https://shopee.co.id/Xiaomi-REDMI-Note-17-Pro-5G-(8GB-256GB)-(8GB-512GB)-REDMI-Note-17-Pro-Max-5G-(8GB-256GB)-(8GB-512GB)-10000mAh-100W-HyperCharge*-IP69K-Tahan-Debu-Air-Corning®-Gorilla®-Glass-Victus®-2-Kamera-AI-Ultra-Clear-Xiaomi-Official-Store--i.51925611.54866908515,Rp5799000,Rp6099000,-5%,5.0,519,shop_51925611,Kab. Tangerang,2026-10-04 09:39:59.871794
Xiaomi Redmi Note 17 Pro Max,Xiaomi Redmi Note 17 Pro Max 5G 8/256GB 8/512GB Garansi Resmi Indonesia,https://shopee.co.id/Xiaomi-Redmi-Note-17-Pro-Max-5G-8-256GB-8-512GB-Garansi-Resmi-Indonesia-i.1107924286.50368064382,Rp7208000,Rp9999000,-28%,5.0,4,shop_1107924286,Jakarta Selatan,2026-10-04 09:39:59.874663
Xiaomi Redmi Note 17 Pro Max,Xiaomi Redmi Note 17 Pro Max 5G 8/256 GB | 8/512 GB Garansi Resmi,https://shopee.co.id/Xiaomi-Redmi-Note-17-Pro-Max-5G-8-256-GB-8-512-GB-Garansi-Resmi-i.2462059.51517894818,Rp7344000,,,4.8,,shop_2462059,Jakarta Pusat,2026-10-04 09:39:59.878177
itel A100,ITEL A100CS 3GB 64GB  (BOX CHA + SCR),https://shopee.co.id/ITEL-A100CS-3GB-64GB-(BOX-CHA-SCR)-i.1367956498.27195222646,Rp1645000,,-1%,,12,shop_1367956498,,2026-10-04 10:26:38.139373
itel A100,ITEL A100C 4GB 64GB  (BOX CHA + SCR)  T7100 OCTA-CORE 5000MAh,https://shopee.co.id/ITEL-A100C-4GB-64GB-(BOX-CHA-SCR)-T7100-OCTA-CORE-5000MAh-i.1367956498.54112810201,Rp1645000,,-1%,,28,shop_1367956498,,2026-10-04 10:26:38.142332
itel A100,"INFINIX SMART 20 4GB 128GB - Helio G81 Ultimate - 6.78"" 120Hz HD+ - 5200 mAh - Garansi resmi 1 tahun",https://shopee.co.id/INFINIX-SMART-20-4GB-128GB-Helio-G81-Ultimate-6.78-120Hz-HD-5200-mAh-Garansi-resmi-1-tahun-i.1367956498.50357026191,Rp2069000,,-29%,,722,shop_1367956498,,2026-10-04 10:26:38.145078
itel A100 Pro,ITEL A100C 4GB 64GB  (BOX CHA + SCR)  T7100 OCTA-CORE 5000MAh,https://shopee.co.id/ITEL-A100C-4GB-64GB-(BOX-CHA-SCR)-T7100-OCTA-CORE-5000MAh-i.1367956498.54112810201,Rp1645000,,-1%,,28,shop_1367956498,,2026-10-04 10:11:52.198093
itel A100 Pro,ITEL A100CS 3GB 64GB  (BOX CHA + SCR),https://shopee.co.id/ITEL-A100CS-3GB-64GB-(BOX-CHA-SCR)-i.1367956498.27195222646,Rp1645000,,-1%,,12,shop_1367956498,,2026-10-04 10:11:52.201680
itel A100 Pro,"INFINIX SMART 20 4GB 128GB - Helio G81 Ultimate - 6.78"" 120Hz HD+ - 5200 mAh - Garansi resmi 1 tahun",https://shopee.co.id/INFINIX-SMART-20-4GB-128GB-Helio-G81-Ultimate-6.78-120Hz-HD-5200-mAh-Garansi-resmi-1-tahun-i.1367956498.50357026191,Rp2069000,,-29%,,722,shop_1367956498,,2026-10-04 10:11:52.204566
itel A100C,ITEL A100C 4GB 64GB  (BOX CHA + SCR)  T7100 OCTA-CORE 5000MAh,https://shopee.co.id/ITEL-A100C-4GB-64GB-(BOX-CHA-SCR)-T7100-OCTA-CORE-5000MAh-i.1367956498.54112810201,Rp1645000,,-1%,,28,shop_1367956498,,2026-10-04 10:18:36.475382
itel A100C,ITEL A100CS 3GB 64GB  (BOX CHA + SCR),https://shopee.co.id/ITEL-A100CS-3GB-64GB-(BOX-CHA-SCR)-i.1367956498.27195222646,Rp1645000,,-1%,,12,shop_1367956498,,2026-10-04 10:18:36.478106
itel A100C,"INFINIX SMART 20 4GB 128GB - Helio G81 Ultimate - 6.78"" 120Hz HD+ - 5200 mAh - Garansi resmi 1 tahun",https://shopee.co.id/INFINIX-SMART-20-4GB-128GB-Helio-G81-Ultimate-6.78-120Hz-HD-5200-mAh-Garansi-resmi-1-tahun-i.1367956498.50357026191,Rp2069000,,-29%,,722,shop_1367956498,,2026-10-04 10:18:36.481200
itel A100Cs,[isi 50PCS] Ccare Surgical Mask 3 Ply 50 Pcs Masker Bedah Medis Earloop Disposable Hypoallergenic,https://shopee.co.id/-isi-50PCS-Ccare-Surgical-Mask-3-Ply-50-Pcs-Masker-Bedah-Medis-Earloop-Disposable-Hypoallergenic-i.1772377928.57563031488,Rp19999,,,,10RB+,shop_1772377928,,2026-10-04 10:28:21.228895
itel A100Cs,[isi 50Pcs] Ccare Masker Duckbill 4ply isi 50 Pcs Black & White Edition,https://shopee.co.id/-isi-50Pcs-Ccare-Masker-Duckbill-4ply-isi-50-Pcs-Black-White-Edition-i.1772377928.49263052443,Rp12999,,-67%,,8RB+,shop_1772377928,,2026-10-04 10:28:21.232530
itel A200,infinix smart 20 LTE Smartphone 4GB/64GB | 4GB/128GB | Display Size 6.78 inches | Mediatek Helio G81 Ultimate | 5200mAh | Garansi Resmi 1 tahun,https://shopee.co.id/infinix-smart-20-LTE-Smartphone-4GB-64GB-4GB-128GB-Display-Size-6.78-inches-Mediatek-Helio-G81-Ultimate-5200mAh-Garansi-Resmi-1-tahun-i.1772377928.40981475928,Rp2069000,,-55%,,233,shop_1772377928,,2026-10-04 10:29:33.466811
itel A200,[isi 50PCS] Ccare Surgical Mask 3 Ply 50 Pcs Masker Bedah Medis Earloop Disposable Hypoallergenic,https://shopee.co.id/-isi-50PCS-Ccare-Surgical-Mask-3-Ply-50-Pcs-Masker-Bedah-Medis-Earloop-Disposable-Hypoallergenic-i.1772377928.57563031488,Rp19999,,,,10RB+,shop_1772377928,,2026-10-04 10:29:33.469836
itel A200,[isi 50Pcs] Ccare Masker Duckbill 4ply isi 50 Pcs Black & White Edition,https://shopee.co.id/-isi-50Pcs-Ccare-Masker-Duckbill-4ply-isi-50-Pcs-Black-White-Edition-i.1772377928.49263052443,Rp12999,,-67%,,8RB+,shop_1772377928,,2026-10-04 10:29:33.472204
itel A200+,Infinix Smart 20 4/64GB - Up to 8GB Extended RAM - Mediatek Helio G81 - 6.78” - 8MP - 5200 mAh - IP64,https://shopee.co.id/Infinix-Smart-20-4-64GB-Up-to-8GB-Extended-RAM-Mediatek-Helio-G81-6.78”-8MP-5200-mAh-IP64-i.342033216.46906666616,Rp2039000,,-3%,,10RB+,shop_342033216,,2026-10-04 10:12:24.755732
itel A200+,Infinix Smart 20 4/256GB - Up to 8GB Extended RAM - Mediatek Helio G81 - 6.78” - 8MP - 5200 mAh - IP64,https://shopee.co.id/Infinix-Smart-20-4-256GB-Up-to-8GB-Extended-RAM-Mediatek-Helio-G81-6.78”-8MP-5200-mAh-IP64-i.342033216.43880438432,Rp2279000,,-1%,,10RB+,shop_342033216,,2026-10-04 10:12:24.759185
itel A200+,Infinix Smart 20 4/128GB - Up to 8GB Extended RAM - Mediatek Helio G81 - 6.78” - 8MP - 5200 mAh - IP64,https://shopee.co.id/Infinix-Smart-20-4-128GB-Up-to-8GB-Extended-RAM-Mediatek-Helio-G81-6.78”-8MP-5200-mAh-IP64-i.342033216.40428983454,Rp2260000,,-2%,,10RB+,shop_342033216,,2026-10-04 10:12:24.762336
itel A200+,Infinix Hot 70 4/128GB - Up to 8GB Extended RAM - Helio G100 Ultimate - 6.78 inch 120Hz - 50MP - 6000 mAh - NFC,https://shopee.co.id/Infinix-Hot-70-4-128GB-Up-to-8GB-Extended-RAM-Helio-G100-Ultimate-6.78-inch-120Hz-50MP-6000-mAh-NFC-i.342033216.40580799086,Rp2839000,,-2%,,10RB+,shop_342033216,,2026-10-04 10:12:24.765155
itel City 100,EXTRA BUBBLEWRAP PACKING LEBIH AMAN,https://shopee.co.id/EXTRA-BUBBLEWRAP-PACKING-LEBIH-AMAN-i.720467008.29567378777,Rp500,,,,343,shop_720467008,,2026-10-04 09:45:47.429557
itel City 200,Infinix Smart 20 4/256GB - Up to 8GB Extended RAM - Mediatek Helio G81 - 6.78” - 8MP - 5200 mAh - IP64,https://shopee.co.id/Infinix-Smart-20-4-256GB-Up-to-8GB-Extended-RAM-Mediatek-Helio-G81-6.78”-8MP-5200-mAh-IP64-i.342033216.43880438432,Rp2279000,,-1%,,10RB+,shop_342033216,,2026-10-04 09:50:34.495701
itel City 200,Infinix Smart 20 4/128GB - Up to 8GB Extended RAM - Mediatek Helio G81 - 6.78” - 8MP - 5200 mAh - IP64,https://shopee.co.id/Infinix-Smart-20-4-128GB-Up-to-8GB-Extended-RAM-Mediatek-Helio-G81-6.78”-8MP-5200-mAh-IP64-i.342033216.40428983454,Rp2260000,,-2%,,10RB+,shop_342033216,,2026-10-04 09:50:34.499362
itel City 200,Infinix Smart 20 4/64GB - Up to 8GB Extended RAM - Mediatek Helio G81 - 6.78” - 8MP - 5200 mAh - IP64,https://shopee.co.id/Infinix-Smart-20-4-64GB-Up-to-8GB-Extended-RAM-Mediatek-Helio-G81-6.78”-8MP-5200-mAh-IP64-i.342033216.46906666616,Rp2039000,,-3%,,10RB+,shop_342033216,,2026-10-04 09:50:34.502376
itel City 200,Infinix Hot 70 4/128GB - Up to 8GB Extended RAM - Helio G100 Ultimate - 6.78 inch 120Hz - 50MP - 6000 mAh - NFC,https://shopee.co.id/Infinix-Hot-70-4-128GB-Up-to-8GB-Extended-RAM-Helio-G100-Ultimate-6.78-inch-120Hz-50MP-6000-mAh-NFC-i.342033216.40580799086,Rp2839000,,-2%,,10RB+,shop_342033216,,2026-10-04 09:50:34.504790
itel TS Pro,Infinix Note 60 Pro 8/256GB - Up to 16GB Extended RAM - Snapdragon 7s Gen 4 - 6.78” 1.5K Amoled - 50MP - 6500 mAh - 90W Charging - NFC,https://shopee.co.id/Infinix-Note-60-Pro-8-256GB-Up-to-16GB-Extended-RAM-Snapdragon-7s-Gen-4-6.78”-1.5K-Amoled-50MP-6500-mAh-90W-Charging-NFC-i.342033216.41678610108,Rp5819000,,-3%,,5RB+,shop_342033216,,2026-10-04 10:00:46.449376
itel TS Pro,"Infinix GT 50 Pro 12/256GB Special Box - Up to 24GB Extended RAM - Dimensity 8400 Ultimate - 6.78"" Amoled 1.5KHz - 50MP - 6500 mAh - NFC",https://shopee.co.id/Infinix-GT-50-Pro-12-256GB-Special-Box-Up-to-24GB-Extended-RAM-Dimensity-8400-Ultimate-6.78-Amoled-1.5KHz-50MP-6500-mAh-NFC-i.342033216.28994488897,Rp6849000,,-2%,,753,shop_342033216,,2026-10-04 10:00:46.453841
itel TS Pro,Infinix Note 60 Pro 12/256GB Pininfaria Edition - Up to 24GB Extended RAM - Snapdragon 7s Gen 4 - 6.78” 1.5K Amoled - 50MP - 6500 mAh - 90W Charging - NFC,https://shopee.co.id/Infinix-Note-60-Pro-12-256GB-Pininfaria-Edition-Up-to-24GB-Extended-RAM-Snapdragon-7s-Gen-4-6.78”-1.5K-Amoled-50MP-6500-mAh-90W-Charging-NFC-i.342033216.57309220722,Rp6839000,,-2%,,387,shop_342033216,,2026-10-04 10:00:46.456648
itel TS Pro,"Infinix GT 50 Pro 12/512GB Specia Box - Up to 24GB Extended RAM - Dimensity 8400 Ultimate - 6.78"" Amoled 1.5KHz - 50MP - 6500 mAh - NFC",https://shopee.co.id/Infinix-GT-50-Pro-12-512GB-Specia-Box-Up-to-24GB-Extended-RAM-Dimensity-8400-Ultimate-6.78-Amoled-1.5KHz-50MP-6500-mAh-NFC-i.342033216.55508057044,Rp7819000,,-2%,,466,shop_342033216,,2026-10-04 10:00:46.461066
itel VistaTab 30,"ADVAN Tab VX Neo | Dual SIM Card 4G LTE | 4GB+4GB/128GB | 10.1"" IPS Screen | 6200 mAh | Android 14 | Garansi Resmi 1 Tahun",https://shopee.co.id/ADVAN-Tab-VX-Neo-Dual-SIM-Card-4G-LTE-4GB-4GB-128GB-10.1-IPS-Screen-6200-mAh-Android-14-Garansi-Resmi-1-Tahun-i.919692407.29304695285,Rp2249000,,-44%,,10RB+,shop_919692407,,2026-10-03 13:36:56.149368
itel VistaTab 30,"[FREE BACKPACK] ADVAN Tab VX Neo | Dual SIM Card 4G LTE | 4GB+4GB/128GB | 10.1"" IPS Screen | 6200 mAh | Android 14 | Garansi Resmi 1 Tahun",https://shopee.co.id/-FREE-BACKPACK-ADVAN-Tab-VX-Neo-Dual-SIM-Card-4G-LTE-4GB-4GB-128GB-10.1-IPS-Screen-6200-mAh-Android-14-Garansi-Resmi-1-Tahun-i.919692407.50117950048,Rp2249000,,-78%,,16,shop_919692407,,2026-10-03 13:36:56.155061
itel VistaTab 30GT,[Free Keyboard+Stylus Pen] ITEL VISATAB 30 GT 8GB / 128GB DEEP GREY GARANSI RESMI,https://shopee.co.id/-Free-Keyboard-Stylus-Pen-ITEL-VISATAB-30-GT-8GB-128GB-DEEP-GREY-GARANSI-RESMI-i.1367956498.50667901622,Rp7382384,,-7%,,,shop_1367956498,,2026-10-04 10:00:10.428059
itel VistaTab 30GT,"INFINIX SMART 20 4GB 128GB - Helio G81 Ultimate - 6.78"" 120Hz HD+ - 5200 mAh - Garansi resmi 1 tahun",https://shopee.co.id/INFINIX-SMART-20-4GB-128GB-Helio-G81-Ultimate-6.78-120Hz-HD-5200-mAh-Garansi-resmi-1-tahun-i.1367956498.50357026191,Rp2069000,,-29%,,722,shop_1367956498,,2026-10-04 10:00:10.431151
itel VistaTab 30GT,"Samsung Galaxy A07 4/64GB,4/128GB Helio G99 50MP Kamera 6.7Inch HD+ 90Hz Free Adaptor 25W",https://shopee.co.id/Samsung-Galaxy-A07-4-64GB-4-128GB-Helio-G99-50MP-Kamera-6.7Inch-HD-90Hz-Free-Adaptor-25W-i.1367956498.54600858818,Rp2129000,,-49%,,505,shop_1367956498,,2026-10-04 10:00:10.434303
vivo IQOO Pad5c,"[COD] Xiaomi Tablet 2026 New 5G Android 14, tablet samsung android Layar Penuh 12 inch, 16GB+1024GB, WiFi SIM Card, Support Gaming and Office Work Fungsi tablet PC 2 in 1 Redmi Pad Tablet Baru",https://shopee.co.id/-COD-Xiaomi-Tablet-2026-New-5G-Android-14-tablet-samsung-android-Layar-Penuh-12-inch-16GB-1024GB-WiFi-SIM-Card-Support-Gaming-and-Office-Work-Fungsi-tablet-PC-2-in-1-Redmi-Pad-Tablet-Baru-i.1839235690.57568480073,Rp1349999,Rp2699998,-50%,5.0,4,shop_1839235690,Kab. Tangerang,2026-10-04 11:17:13.773241
vivo IQOO Pad5c,"Xiaomi Redmi K Pad 16GB / 1TB Pad Mini Rare Dimensity 9400+ Gaming Tablet 1000GB 8.8""",https://shopee.co.id/Xiaomi-Redmi-K-Pad-16GB-1TB-Pad-Mini-Rare-Dimensity-9400-Gaming-Tablet-1000GB-8.8--i.15139959.48818582790,Rp11865000,,,4.9,,shop_15139959,Kab. Tangerang,2026-10-04 11:17:13.776634
vivo IQOO Pad5c,[ Gratis Ongkir ] Samsung Galaxy S9 Tab 11 Inch | 5G/4G LTE | 16GB RAM+ 512GB ROM | Dual SIM | Android Tablet | New Stock,https://shopee.co.id/-Gratis-Ongkir-Samsung-Galaxy-S9-Tab-11-Inch-5G-4G-LTE-16GB-RAM-512GB-ROM-Dual-SIM-Android-Tablet-New-Stock-i.1928265633.53118534685,Rp1769999,Rp4979999,-64%,,,shop_1928265633,Jakarta Barat,2026-10-04 11:17:13.779558
vivo IQOO Pad5c,Lenovo Idea Tab Pro Gen 2 94ID Qualcomm Snapdragon 8s Gen 4 8GB 256GB Android 16 1Y,https://shopee.co.id/Lenovo-Idea-Tab-Pro-Gen-2-94ID-Qualcomm-Snapdragon-8s-Gen-4-8GB-256GB-Android-16-1Y-i.847790878.27145963833,Rp10039000,,,5.0,,shop_847790878,Surabaya,2026-10-04 11:17:13.781769
vivo IQOO Pad5c,Tablet Samsung Galaxy Tab Pro 11 5G+ 16GB 512GB Android 13 kamera 32MP 58MP,https://shopee.co.id/Tablet-Samsung-Galaxy-Tab-Pro-11-5G-16GB-512GB-Android-13-kamera-32MP-58MP-i.1435109816.51118477476,Rp1063750,Rp1255000,-15%,4.7,,shop_1435109816,Tangerang,2026-10-04 11:17:13.783926
vivo IQOO Pad5c,Mi Tab 17 Pro Max Tablet Android 5G LTE Layar Besar Performa Stabil 16GB RAM 512GB ROM,https://shopee.co.id/Mi-Tab-17-Pro-Max-Tablet-Android-5G-LTE-Layar-Besar-Performa-Stabil-16GB-RAM-512GB-ROM-i.1922469679.55967670307,Rp2169000,Rp5189000,-58%,,,shop_1922469679,Jakarta Barat,2026-10-04 11:17:13.786135
vivo IQOO Pad5c,Tablet Android 12 11.2 Inci 5G Dual SIM 8800mAh 512GB 4K 58MP Layar 2560x1600,https://shopee.co.id/Tablet-Android-12-11.2-Inci-5G-Dual-SIM-8800mAh-512GB-4K-58MP-Layar-2560x1600-i.1435109816.58068472666,Rp1063750,Rp1255000,-15%,4.7,,shop_1435109816,Tangerang,2026-10-04 11:17:13.788829
vivo S2,VIVO Y31D Pro [8/256GB] [8/128GB] [6/128GB] [4/128GB] Garansi Resmi Vivo 1 Tahun,https://shopee.co.id/VIVO-Y31D-Pro-8-256GB-8-128GB-6-128GB-4-128GB-Garansi-Resmi-Vivo-1-Tahun-i.133736627.20642048993,Rp3600000,,,,549,shop_133736627,,2026-10-04 10:06:37.094210
vivo S2,VIVO Y11D [6/128GB] [4/128GB] [4/64GB] 7000 mAh Garansi Resmi Vivo 1 Tahun,https://shopee.co.id/VIVO-Y11D-6-128GB-4-128GB-4-64GB-7000-mAh-Garansi-Resmi-Vivo-1-Tahun-i.133736627.23655821565,Rp2599000,,,,1RB+,shop_133736627,,2026-10-04 10:06:37.097964
vivo S60e,VIVO Y31D Pro [8/256GB] [8/128GB] [6/128GB] [4/128GB] Garansi Resmi Vivo 1 Tahun,https://shopee.co.id/VIVO-Y31D-Pro-8-256GB-8-128GB-6-128GB-4-128GB-Garansi-Resmi-Vivo-1-Tahun-i.133736627.20642048993,Rp3600000,,,,549,shop_133736627,,2026-10-04 10:16:50.653510
vivo S60e,Vivo V70 FE 5G [12/512GB] [8/256GB] Garansi Resmi Vivo Indonesia,https://shopee.co.id/Vivo-V70-FE-5G-12-512GB-8-256GB-Garansi-Resmi-Vivo-Indonesia-i.133736627.22579495697,Rp6500000,,,,112,shop_133736627,,2026-10-04 10:16:50.656369
vivo T5 4G,"[ONLINE EXCLUSIVE] vivo T5 - 7200 mAh + 44W FlashCharge, 32MP Front Camera, Origin OS + vivo AI, IP68/69/69+",https://shopee.co.id/-ONLINE-EXCLUSIVE-vivo-T5-7200-mAh-44W-FlashCharge-32MP-Front-Camera-Origin-OS-vivo-AI-IP68-69-69--i.30843261.52757941880,Rp3609000,Rp3709000,-3%,4.9,2RB+,shop_30843261,Kab. Tangerang,2026-10-04 11:18:23.216035
vivo T5 4G,"VIVO T5 8/256GB - Garansi Resmi 7200mAh, Snapdragon® 6s Gen Gaming Series IP69, 120hz",https://shopee.co.id/VIVO-T5-8-256GB-Garansi-Resmi-7200mAh-Snapdragon®-6s-Gen-Gaming-Series-IP69-120hz-i.1202855917.48359685923,Rp3549000,Rp3649000,-3%,5.0,57,shop_1202855917,Malang,2026-10-04 11:18:23.220267
vivo T5 4G,VIVO T5 4G 8+256GB Dimensity 7400-Turbo Gaming Series Bergaransi Resmi 1 Tahun,https://shopee.co.id/VIVO-T5-4G-8-256GB-Dimensity-7400-Turbo-Gaming-Series-Bergaransi-Resmi-1-Tahun-i.785475.53564893805,Rp3549000,Rp3649000,-3%,4.9,,shop_785475,Mojokerto,2026-10-04 11:18:23.222725
vivo T5 4G,"vivo T5 New Origin OS 6, 50MP Wide Camera, 7200 mAh, 44W FlashCharge, Water Resistance",https://shopee.co.id/vivo-T5-New-Origin-OS-6-50MP-Wide-Camera-7200-mAh-44W-FlashCharge-Water-Resistance-i.147904698.52009657963,Rp3549000,Rp3649000,-3%,5.0,63,shop_147904698,Kab. Tangerang,2026-10-04 11:18:23.225364
vivo T5 4G,"vivo T5 - 50MP Wide Camera, New Origin OS 6, 7200 mAh 44W FlashCharge, Water Resistance",https://shopee.co.id/vivo-T5-50MP-Wide-Camera-New-Origin-OS-6-7200-mAh-44W-FlashCharge-Water-Resistance-i.1097379961.55209669421,Rp3549000,Rp3649000,-3%,5.0,17,shop_1097379961,Kab. Tangerang,2026-10-04 11:18:23.227980
vivo T5 4G,"vivo T5 New Origin OS 6, 50MP Wide Camera, 7200 mAh 44W FlashCharge, Water Resistance",https://shopee.co.id/vivo-T5-New-Origin-OS-6-50MP-Wide-Camera-7200-mAh-44W-FlashCharge-Water-Resistance-i.458588724.51359651676,Rp3549000,Rp3649000,-3%,4.9,21,shop_458588724,Kab. Tangerang,2026-10-04 11:18:23.230297
vivo T5 4G,VIVO T5 4G 6/128GB SECOND,https://shopee.co.id/VIVO-T5-4G-6-128GB-SECOND-i.86064906.43434798040,Rp3199000,,,4.9,,shop_86064906,Jakarta Barat,2026-10-04 11:18:23.233647
vivo T5 4G,[ONLINE EXCLUSIVE] VIVO T5 | VIVO T5 PRO GARANSI RESMI,https://shopee.co.id/-ONLINE-EXCLUSIVE-VIVO-T5-VIVO-T5-PRO-GARANSI-RESMI-i.1398090930.56615430162,Rp3999000,,,5.0,1,shop_1398090930,Jakarta Timur,2026-10-04 11:18:23.235952
vivo T5 4G,"vivo T5 New Origin OS 6, 50MP Wide Camera, 7200 mAh 44W FlashCharge, Water Resistance",https://shopee.co.id/vivo-T5-New-Origin-OS-6-50MP-Wide-Camera-7200-mAh-44W-FlashCharge-Water-Resistance-i.1097558107.52559682637,Rp3549000,Rp3649000,-3%,5.0,11,shop_1097558107,Kab. Tangerang,2026-10-04 11:18:23.238829
vivo T5 4G,Vivo T5 6/128GB 6/256GB 8/128GB 8/256GB New Garansi Resmi Vivo,https://shopee.co.id/Vivo-T5-6-128GB-6-256GB-8-128GB-8-256GB-New-Garansi-Resmi-Vivo-i.1096101759.57910948842,Rp3299000,,,,,shop_1096101759,Jakarta Barat,2026-10-04 11:18:23.240985
vivo V70 Lite,"vivo V70 FE, 200MP Ultra-High Resolution, CIPA 4.0 Ultra Stabilization, 8MP 120° Wide-Angle Camera, AI Aura Light",https://shopee.co.id/vivo-V70-FE-200MP-Ultra-High-Resolution-CIPA-4.0-Ultra-Stabilization-8MP-120°-Wide-Angle-Camera-AI-Aura-Light-i.1594353689.52406965784,Rp6899000,Rp6999000,-1%,5.0,157,shop_1594353689,Kab. Tangerang,2026-10-04 11:17:51.051207
vivo V70 Lite,"vivo V70, ZEISS Ultra Wide-Angle, 50MP ZEISS, 100x Zoom, Optical Image Stabilization (OIS)",https://shopee.co.id/vivo-V70-ZEISS-Ultra-Wide-Angle-50MP-ZEISS-100x-Zoom-Optical-Image-Stabilization-(OIS)-i.1594353689.46406909687,Rp9399000,Rp9999000,-6%,5.0,268,shop_1594353689,Kab. Tangerang,2026-10-04 11:17:51.055069
vivo V70 Lite,"vivo Y31d Pro - Snapdragon 685, 50MP AI Kamera Wide, 7000mAh with 90W FlashCharge, Origin OS",https://shopee.co.id/vivo-Y31d-Pro-Snapdragon-685-50MP-AI-Kamera-Wide-7000mAh-with-90W-FlashCharge-Origin-OS-i.513184033.57308713549,Rp3899000,,,4.9,28,shop_513184033,Kab. Tangerang,2026-10-04 11:17:51.057392
vivo V70 Lite,[ COD CEK DULU ] Vivo V70 5G NEW | 256GB | OIS 50MP Camera | 120Hz Curved AMOLED | Snapdragon 778G | Original Indonesia,https://shopee.co.id/-COD-CEK-DULU-Vivo-V70-5G-NEW-256GB-OIS-50MP-Camera-120Hz-Curved-AMOLED-Snapdragon-778G-Original-Indonesia-i.1927821419.51667367075,Rp3979000,Rp8299000,-52%,4.3,52,shop_1927821419,Jakarta Barat,2026-10-04 11:17:51.059720
vivo V70 Lite,VIVO V70 FE 5G RAM 8/256GB | RAM 12/256 GB | 8/128GB MediaTek Dimensity 7360 Turbo GARANSI RESMI,https://shopee.co.id/VIVO-V70-FE-5G-RAM-8-256GB-RAM-12-256-GB-8-128GB-MediaTek-Dimensity-7360-Turbo-GARANSI-RESMI-i.177974962.18786238282,Rp6794000,Rp7499000,-9%,5.0,257,shop_177974962,Jakarta Barat,2026-10-04 11:17:51.062492
vivo V70 Lite,"VIVO V70 5G | 8GB+256GB | ZEISS CAMERA | SNAPDRAGON 7 Gen 4 | 6.59"" AMOLED 120Hz | 6500mAh 90W FLASHCHARGE |",https://shopee.co.id/VIVO-V70-5G-8GB-256GB-ZEISS-CAMERA-SNAPDRAGON-7-Gen-4-6.59-AMOLED-120Hz-6500mAh-90W-FLASHCHARGE--i.1929774717.56367979279,Rp4060000,Rp9999999,-59%,5.0,38,shop_1929774717,Jakarta Barat,2026-10-04 11:17:51.065603
vivo V70 Lite,"[ONLINE EXCLUSIVE] vivo V60 Lite 4G (8/128) 50MP Sony Camera, 6500 mAh + 90W FlashCharge, Bypass Charging, AI Four-Seasons, SGS 5-Star Drop Resistance",https://shopee.co.id/-ONLINE-EXCLUSIVE-vivo-V60-Lite-4G-(8-128)-50MP-Sony-Camera-6500-mAh-90W-FlashCharge-Bypass-Charging-AI-Four-Seasons-SGS-5-Star-Drop-Resistance-i.30843261.42719918429,Rp5059000,,,4.9,3RB+,shop_30843261,Kab. Tangerang,2026-10-04 11:17:51.068013
vivo V70 Lite,"[ Gratis Ongkir ] Vivo V60 5G Smartphone Ori 10x Zoom Telephoto, ZEISS Multifocal Potrait, Snapdragon 7 Gen 4, IP68+IP69, vivo AI",https://shopee.co.id/-Gratis-Ongkir-Vivo-V60-5G-Smartphone-Ori-10x-Zoom-Telephoto-ZEISS-Multifocal-Potrait-Snapdragon-7-Gen-4-IP68-IP69-vivo-AI-i.1914309547.27045588518,Rp3989000,Rp10899999,-63%,4.8,,shop_1914309547,Jakarta Barat,2026-10-04 11:17:51.070434
vivo V70 Lite,"[NEW LAUNCH] vivo V70FE 5G 200MP OIS Main Camera, AI Travel Portrait, 7000mAH + 90W FlashCharge, IP68+IP69 Water Resistance, OriginOS 6.0",https://shopee.co.id/-NEW-LAUNCH-vivo-V70FE-5G-200MP-OIS-Main-Camera-AI-Travel-Portrait-7000mAH-90W-FlashCharge-IP68-IP69-Water-Resistance-OriginOS-6.0-i.30843261.44506057576,Rp6999000,Rp7059000,-1%,5.0,827,shop_30843261,Kab. Tangerang,2026-10-04 11:17:51.072666
vivo V70 Lite 4G,"vivo V70, ZEISS Ultra Wide-Angle, 50MP ZEISS, 100x Zoom, Optical Image Stabilization (OIS)",https://shopee.co.id/vivo-V70-ZEISS-Ultra-Wide-Angle-50MP-ZEISS-100x-Zoom-Optical-Image-Stabilization-(OIS)-i.1594353689.46406909687,Rp9399000,Rp9999000,-6%,5.0,267,shop_1594353689,Kab. Tangerang,2026-10-03 13:55:28.096538
vivo V70 Lite 4G,vivo X300 12/256  - x300 second fullset garansi resmi mulus,https://shopee.co.id/vivo-X300-12-256-x300-second-fullset-garansi-resmi-mulus-i.257665794.51418484188,Rp13500000,,,4.8,,shop_257665794,Surabaya,2026-10-03 13:55:28.099185
vivo V70 Lite 4G,"vivo V70 FE, 200MP Ultra-High Resolution, CIPA 4.0 Ultra Stabilization, 8MP 120° Wide-Angle Camera, AI Aura Light",https://shopee.co.id/vivo-V70-FE-200MP-Ultra-High-Resolution-CIPA-4.0-Ultra-Stabilization-8MP-120°-Wide-Angle-Camera-AI-Aura-Light-i.1594353689.52406965784,Rp6899000,Rp6999000,-1%,5.0,155,shop_1594353689,Kab. Tangerang,2026-10-03 13:55:28.101778
vivo V70 Lite 4G,"VIVO V60 Lite 5G Smartphone (8/256) 50MP Sony Camera, Dimensity 7360 Turbo, 6500mAh + 90W FlashCharge, 120Hz AMOLED Display, AI Aura Light, SGS 5-Star Drop Resistance",https://shopee.co.id/VIVO-V60-Lite-5G-Smartphone-(8-256)-50MP-Sony-Camera-Dimensity-7360-Turbo-6500mAh-90W-FlashCharge-120Hz-AMOLED-Display-AI-Aura-Light-SGS-5-Star-Drop-Resistance-i.1650825324.41133539740,Rp3589000,Rp7000000,-49%,5.0,5.0,shop_1650825324,Jakarta Barat,2026-10-03 13:55:28.104496
vivo V70 Lite 4G,"vivo V70 FE 200MP Ultra-High Resolution, CIPA 4.0 Ultra Stabilization, 8MP 120° Wide-Angle Camera, AI Aura Light",https://shopee.co.id/vivo-V70-FE-200MP-Ultra-High-Resolution-CIPA-4.0-Ultra-Stabilization-8MP-120°-Wide-Angle-Camera-AI-Aura-Light-i.513184033.44429146390,Rp6999000,,,5.0,9,shop_513184033,Kab. Tangerang,2026-10-03 13:55:28.106580
vivo V70 Lite 4G,[ COD CEK DULU ] Vivo V70 5G NEW | 256GB | OIS 50MP Camera | 120Hz Curved AMOLED | Snapdragon 778G | Original Indonesia,https://shopee.co.id/-COD-CEK-DULU-Vivo-V70-5G-NEW-256GB-OIS-50MP-Camera-120Hz-Curved-AMOLED-Snapdragon-778G-Original-Indonesia-i.1927821419.51667367075,Rp3979000,Rp8299000,-52%,4.4,48,shop_1927821419,Jakarta Barat,2026-10-03 13:55:28.108710
vivo V70 Lite 4G,"vivo V70 50MP ZEISS, 100x Zoom, ZEISS Ultra Wide-Angle, Optical Image Stabilization (OIS)",https://shopee.co.id/vivo-V70-50MP-ZEISS-100x-Zoom-ZEISS-Ultra-Wide-Angle-Optical-Image-Stabilization-(OIS)-i.513184033.50556896318,Rp9999000,,,5.0,1,shop_513184033,Kab. Tangerang,2026-10-03 13:55:28.110765
vivo V70 Lite 4G,VIVO V60 Lite 5G 8/256GB ( +12GB Extended RAM ) Garansi Resmi VIVO,https://shopee.co.id/VIVO-V60-Lite-5G-8-256GB-(-12GB-Extended-RAM-)-Garansi-Resmi-VIVO-i.1746748276.45463314994,Rp3588990,Rp8888888,-60%,5.0,95,shop_1746748276,Jakarta Barat,2026-10-03 13:55:28.112768
vivo V70 Lite 4G,"vivo Y31d Pro - Snapdragon 685, 50MP AI Kamera Wide, 7000mAh with 90W FlashCharge, Origin OS",https://shopee.co.id/vivo-Y31d-Pro-Snapdragon-685-50MP-AI-Kamera-Wide-7000mAh-with-90W-FlashCharge-Origin-OS-i.513184033.57308713549,Rp3899000,,,4.9,28,shop_513184033,Kab. Tangerang,2026-10-03 13:55:28.114810
vivo V70 Lite 4G,Vivo V50 Lite 5G 12/512GB  Fast Charging 80W - Kamera AI Portrait - Bergaransi Bisa COD,https://shopee.co.id/Vivo-V50-Lite-5G-12-512GB-Fast-Charging-80W-Kamera-AI-Portrait-Bergaransi-Bisa-COD-i.1788881777.28794989254,Rp1896500,Rp3459000,-45%,4.2,8,shop_1788881777,Kab. Tangerang,2026-10-03 13:55:28.117030
vivo V80 Lite (IN/PK),VIVO V70 5G [12GB/256GB] [8/256GB] Garansi Resmi Vivo Indonesia,https://shopee.co.id/VIVO-V70-5G-12GB-256GB-8-256GB-Garansi-Resmi-Vivo-Indonesia-i.133736627.15493303700,Rp10000000,,,,139,shop_133736627,,2026-10-04 09:57:08.719346
vivo V80 Lite (IN/PK),VIVO V60 Lite 5G & 4G [8/256GB] Garansi Resmi Vivo 1 Tahun,https://shopee.co.id/VIVO-V60-Lite-5G-4G-8-256GB-Garansi-Resmi-Vivo-1-Tahun-i.133736627.26150428785,Rp5900000,,,,122,shop_133736627,,2026-10-04 09:57:08.722595
vivo X Fold6,Vivo X Fold6 5G 8.02''AMOLED 120HZ Dimensity 9500 7000mAh 80W 200MP Main 50MP Telefoto Periscope,https://shopee.co.id/Vivo-X-Fold6-5G-8.02''AMOLED-120HZ-Dimensity-9500-7000mAh-80W-200MP-Main-50MP-Telefoto-Periscope-i.226639266.45912961897,Rp33099000,,,5.0,,shop_226639266,Jakarta Selatan,2026-10-04 11:16:47.164280
vivo X Fold6,Vivo X Fold6 5G 12+256GB 12/512GB MediaTek Dimensity 9500 Super Edition - China ROM,https://shopee.co.id/Vivo-X-Fold6-5G-12-256GB-12-512GB-MediaTek-Dimensity-9500-Super-Edition-China-ROM-i.30416269.52213848334,Rp33499000,,,5.0,,shop_30416269,Jakarta Barat,2026-10-04 11:16:47.169052
vivo X Fold6,"vivo V70, ZEISS Ultra Wide-Angle, 50MP ZEISS, 100x Zoom, Optical Image Stabilization (OIS)",https://shopee.co.id/vivo-V70-ZEISS-Ultra-Wide-Angle-50MP-ZEISS-100x-Zoom-Optical-Image-Stabilization-(OIS)-i.1594353689.46406909687,Rp9399000,Rp9999000,-6%,5.0,268,shop_1594353689,Kab. Tangerang,2026-10-04 11:16:47.171759
vivo X Fold6,Samsung Galaxy Fold 6 5G 1024GB Resmi Indonesia,https://shopee.co.id/Samsung-Galaxy-Fold-6-5G-1024GB-Resmi-Indonesia-i.165232145.16465307694,Rp2899000,Rp7750000,-63%,4.7,160,shop_165232145,Kab. Bekasi,2026-10-04 11:16:47.174902
vivo X Fold6,"vivo V70 FE, 200MP Ultra-High Resolution, CIPA 4.0 Ultra Stabilization, 8MP 120° Wide-Angle Camera, AI Aura Light",https://shopee.co.id/vivo-V70-FE-200MP-Ultra-High-Resolution-CIPA-4.0-Ultra-Stabilization-8MP-120°-Wide-Angle-Camera-AI-Aura-Light-i.1594353689.52406965784,Rp6899000,Rp6999000,-1%,5.0,157,shop_1594353689,Kab. Tangerang,2026-10-04 11:16:47.177283
vivo X Fold6,SAMSUNG Z FOLD 6 5G 12/256GB RESMI INDONESIA,https://shopee.co.id/SAMSUNG-Z-FOLD-6-5G-12-256GB-RESMI-INDONESIA-i.454449024.50701921020,Rp5199000,,,5.0,4,shop_454449024,Jakarta Selatan,2026-10-04 11:16:47.179532
vivo Y31t,VIVO Y11D [6/128GB] [4/128GB] [4/64GB] 7000 mAh Garansi Resmi Vivo 1 Tahun,https://shopee.co.id/VIVO-Y11D-6-128GB-4-128GB-4-64GB-7000-mAh-Garansi-Resmi-Vivo-1-Tahun-i.133736627.23655821565,Rp2599000,,,,1RB+,shop_133736627,,2026-10-04 10:05:23.346246
vivo Y31t,VIVO Y31D Pro [8/256GB] [8/128GB] [6/128GB] [4/128GB] Garansi Resmi Vivo 1 Tahun,https://shopee.co.id/VIVO-Y31D-Pro-8-256GB-8-128GB-6-128GB-4-128GB-Garansi-Resmi-Vivo-1-Tahun-i.133736627.20642048993,Rp3600000,,,,549,shop_133736627,,2026-10-04 10:05:23.349043
vivo Y31t,VIVO V60 Lite 5G & 4G [8/256GB] Garansi Resmi Vivo 1 Tahun,https://shopee.co.id/VIVO-V60-Lite-5G-4G-8-256GB-Garansi-Resmi-Vivo-1-Tahun-i.133736627.26150428785,Rp5900000,,,,122,shop_133736627,,2026-10-04 10:05:23.352161
vivo Y500,"[ONLINE EXCLUSIVE] vivo V60 Lite 4G (8/128) 50MP Sony Camera, 6500 mAh + 90W FlashCharge, Bypass Charging, AI Four-Seasons, SGS 5-Star Drop Resistance",https://shopee.co.id/-ONLINE-EXCLUSIVE-vivo-V60-Lite-4G-(8-128)-50MP-Sony-Camera-6500-mAh-90W-FlashCharge-Bypass-Charging-AI-Four-Seasons-SGS-5-Star-Drop-Resistance-i.30843261.42719918429,Rp5059000,,,,3RB+,shop_30843261,,2026-10-04 10:37:07.017286
vivo Y500,"[ONLINE EXCLUSIVE] vivo T5 Pro 5G - Dimensity 7400-Turbo 5G + UFS 3.1, 6500 mAh + 90W FlashCharge, Origin OS + vivo AI, 50MP Sony IMX882",https://shopee.co.id/-ONLINE-EXCLUSIVE-vivo-T5-Pro-5G-Dimensity-7400-Turbo-5G-UFS-3.1-6500-mAh-90W-FlashCharge-Origin-OS-vivo-AI-50MP-Sony-IMX882-i.30843261.50107937067,Rp4809000,,,,3RB+,shop_30843261,,2026-10-04 10:37:07.020892
vivo Y600 Turbo,"vivo V70, ZEISS Ultra Wide-Angle, 50MP ZEISS, 100x Zoom, Optical Image Stabilization (OIS)",https://shopee.co.id/vivo-V70-ZEISS-Ultra-Wide-Angle-50MP-ZEISS-100x-Zoom-Optical-Image-Stabilization-(OIS)-i.1594353689.46406909687,Rp9399000,Rp9999000,-6%,5.0,268,shop_1594353689,Kab. Tangerang,2026-10-04 11:18:53.542175
vivo Y600 Turbo,"vivo V70 FE 200MP Ultra-High Resolution, CIPA 4.0 Ultra Stabilization, 8MP 120° Wide-Angle Camera, AI Aura Light",https://shopee.co.id/vivo-V70-FE-200MP-Ultra-High-Resolution-CIPA-4.0-Ultra-Stabilization-8MP-120°-Wide-Angle-Camera-AI-Aura-Light-i.513184033.44429146390,Rp6999000,,,5.0,9,shop_513184033,Kab. Tangerang,2026-10-04 11:18:53.545197
vivo Y600 Turbo,"vivo V70 FE, 200MP Ultra-High Resolution, CIPA 4.0 Ultra Stabilization, 8MP 120° Wide-Angle Camera, AI Aura Light",https://shopee.co.id/vivo-V70-FE-200MP-Ultra-High-Resolution-CIPA-4.0-Ultra-Stabilization-8MP-120°-Wide-Angle-Camera-AI-Aura-Light-i.1594353689.52406965784,Rp6899000,Rp6999000,-1%,5.0,157,shop_1594353689,Kab. Tangerang,2026-10-04 11:18:53.547836
vivo Y600 Turbo,"vivo Y500 4G Unisoc T7300, 6,83 Inch, 50MP, 8100mAh, IP68 IP69",https://shopee.co.id/vivo-Y500-4G-Unisoc-T7300-6-83-Inch-50MP-8100mAh-IP68-IP69-i.513184033.43282144462,Rp5499000,,,5.0,2,shop_513184033,Kab. Tangerang,2026-10-04 11:18:53.550233
vivo Y600 Turbo,VIVO V60 5G 8GB+256GB | Snapdragon 7 Gen 4 | 50MP ZEISS Telephoto 10x Zoom | 6500mAh | IP68 IP69 AI Original,https://shopee.co.id/VIVO-V60-5G-8GB-256GB-Snapdragon-7-Gen-4-50MP-ZEISS-Telephoto-10x-Zoom-6500mAh-IP68-IP69-AI-Original-i.1787121105.51215789942,Rp3579000,Rp10797000,-67%,4.9,,shop_1787121105,Jakarta Barat,2026-10-04 11:18:53.552622
vivo Y600 Turbo,"vivo Y31d Pro - Snapdragon 685, 50MP AI Kamera Wide, 7000mAh with 90W FlashCharge, Origin OS",https://shopee.co.id/vivo-Y31d-Pro-Snapdragon-685-50MP-AI-Kamera-Wide-7000mAh-with-90W-FlashCharge-Origin-OS-i.513184033.57308713549,Rp3899000,,,4.9,28,shop_513184033,Kab. Tangerang,2026-10-04 11:18:53.556553
vivo Y600 Turbo,VIVO V50 5G 8/256 12/256 12/512 SECOND FULLSET,https://shopee.co.id/VIVO-V50-5G-8-256-12-256-12-512-SECOND-FULLSET-i.203572497.40251414308,Rp5349000,,,4.9,42,shop_203572497,Jakarta Barat,2026-10-04 11:18:53.559677
vivo iQOO 16,VIVO V60 Lite 5G & 4G [8/256GB] Garansi Resmi Vivo 1 Tahun,https://shopee.co.id/VIVO-V60-Lite-5G-4G-8-256GB-Garansi-Resmi-Vivo-1-Tahun-i.133736627.26150428785,Rp5900000,,,,122,shop_133736627,,2026-10-04 09:56:35.654108
vivo iQOO Z11i,"[ONLINE EXCLUSIVE] vivo T5 Pro 5G - Dimensity 7400-Turbo 5G + UFS 3.1, 6500 mAh + 90W FlashCharge, Origin OS + vivo AI, 50MP Sony IMX882",https://shopee.co.id/-ONLINE-EXCLUSIVE-vivo-T5-Pro-5G-Dimensity-7400-Turbo-5G-UFS-3.1-6500-mAh-90W-FlashCharge-Origin-OS-vivo-AI-50MP-Sony-IMX882-i.30843261.50107937067,Rp4809000,,,,3RB+,shop_30843261,,2026-10-04 10:34:13.243817
vivo iQOO Z11i,"[Online Exclusive] vivo iQOO Z10 Lite , 120Hz FLAT AMOLED, 6000mAh 44W Bypass Charging, Snapdragon 685, IP68+69, 50MP Sony IMX + NFC",https://shopee.co.id/-Online-Exclusive-vivo-iQOO-Z10-Lite-120Hz-FLAT-AMOLED-6000mAh-44W-Bypass-Charging-Snapdragon-685-IP68-69-50MP-Sony-IMX-NFC-i.30843261.41211952486,Rp3859000,,,,5RB+,shop_30843261,,2026-10-04 10:34:13.248146
