keyword,product_name,product_url,price_discount_raw,price_original_raw,discount_label_raw,rating_raw,sold_raw,seller_name,seller_location,scraped_at
Apple iPhone 16,"21% Apple iPhone 16 128GB 256GB 512GB Garansi Resmi iBox TAM GDN Resmi Indonesia Hitam 6,1 Inch A18 Chipset 170 Gram Original 12 Bulan",https://www.tokopedia.com/kenken-official-store/apple-iphone-16-128gb-256gb-512gb-garansi-resmi-ibox-tam-gdn-resmi-indonesia-hitam-6-1-inch-a18-chipset-170-gram-original-12-bulan-1731088071614694430-1737487685983765534,Rp16299000,Rp20599000,,5.0,90+,kenken-official-store,,2026-10-03 09:11:06.841447
Apple iPhone 16,(RESMI) iPhone 16 128GB 256GB 512GB,https://www.tokopedia.com/putra-group/resmi-iphone-16-128gb-256gb-512gb-1729879329242383360-1737777070597833728,Rp16499000,,,5.0,750+,putra-group,,2026-10-03 09:11:06.896910
Apple iPhone 16,(RESMI) iPhone 16 128GB 256GB 512GB 5G,https://www.tokopedia.com/putra-group/resmi-iphone-16-128gb-256gb-512gb-5g-1729816755741230080-1737777073637786624,Rp16499000,,,5.0,2rb+,putra-group,,2026-10-03 09:11:06.901081
Apple iPhone 16,11% Apple Iphone 16 [128GB] [256GB] [512GB] Garansi Resmi,https://www.tokopedia.com/kerincigadget/apple-iphone-16-128gb-256gb-512gb-garansi-resmi-1731193641055519891-1737794925024347283,Rp16039000,Rp17999000,,5.0,250+,kerincigadget,,2026-10-03 09:11:06.964280
Apple iPhone 16,iPhone 16 Garansi Resmi Indonesia,https://www.tokopedia.com/nusantara-space/iphone-16-garansi-resmi-indonesia-1730752233268741477-1737587748547167907,Rp15999000,,,5.0,250+,nusantara-space,,2026-10-03 09:11:06.968400
Apple iPhone 16,28% [ BEST SELLER ] Apple iPhone 17 256GB / iPhone 16 / iPhone 15 / iPhone 14 128GB Garansi Resmi,https://www.tokopedia.com/studioponsel/best-seller-apple-iphone-17-256gb-iphone-16-iphone-15-iphone-14-128gb-garansi-resmi-1734421074914412338,Rp13704000,Rp18999000,,4.9,1rb+,studioponsel,,2026-10-03 09:11:06.971900
Apple iPhone 16,iPhone 16 Garansi Resmi Indonesia Promo,https://www.tokopedia.com/nusantara-space/iphone-16-garansi-resmi-indonesia-promo-1731079596386649445-1737587749892359843,Rp15999000,,,5.0,500+,nusantara-space,,2026-10-03 09:11:06.975422
Apple iPhone 16,15% [ FS ] Apple iPhone 16 128GB 256GB 52GB Garansi Resmi Indonesia,https://www.tokopedia.com/digitechmall/fs-apple-iphone-16-128gb-256gb-52gb-garansi-resmi-indonesia-1736424014777452147-1736423928073848435,Rp16963000,Rp19999000,,,7,digitechmall,,2026-10-03 09:11:06.978581
Apple iPhone 16,35% [ Payday Sale ] Apple iPhone 16 512GB 256GB 128GB Garansi Resmi Apple Indonesia Gadget Camera,https://www.tokopedia.com/indotechstore/payday-sale-apple-iphone-16-512gb-256gb-128gb-garansi-resmi-apple-indonesia-gadget-camera-1737391294578919393-1737391205756864481,Rp16001000,Rp24499000,,,,indotechstore,,2026-10-03 09:11:06.981813
Apple iPhone 16,21% [ Exclusive Sale ] Apple iPhone 16 512GB 256GB 128GB Garansi Resmi Apple Indonesia Smartphone Kamera Kaca,https://www.tokopedia.com/amazefon/exclusive-sale-apple-iphone-16-512gb-256gb-128gb-garansi-resmi-apple-indonesia-smartphone-kamera-kaca-1737418442102572861-1737418251535943485,Rp16162000,Rp20499000,,,,amazefon,,2026-10-03 09:11:06.985181
Apple iPhone 16 Plus,(RESMI) iPhone 16 Plus 128GB 256GB 512GB Garansi Resmi Indonesia 1 Tahun,https://www.tokopedia.com/putra-group/resmi-iphone-16-plus-128gb-256gb-512gb-garansi-resmi-indonesia-1-tahun-1729816754404885504-1736896251501577216,Rp18499000,,,5.0,500+,putra-group,,2026-10-03 09:06:40.955292
Apple iPhone 16 Plus,Apple Iphone 16 Plus + 128Gb/256Gb/512Gb Garansi Resmi Indonesia,https://www.tokopedia.com/ini-toko-budi-shop/apple-iphone-16-plus-128gb-256gb-512gb-garansi-resmi-ibox-indonesia-1730815311212479975-1737682465691567591,Rp18248000,Rp18249000,,5.0,250+,ini-toko-budi-shop,,2026-10-03 09:06:40.958511
Apple iPhone 16 Plus,(RESMI) iPhone 16 Plus 128GB 256GB 512GB Ultramarine Teal White Black Pink 5G,https://www.tokopedia.com/putra-group/resmi-iphone-16-plus-128gb-256gb-512gb-ultramarine-teal-white-black-pink-5g-1731089423929803776-1736822066806555648,Rp18299000,,,5.0,100+,putra-group,,2026-10-03 09:06:40.962031
Apple iPhone 16 Plus,iPhone 16 Plus Garansi Resmi Indonesia,https://www.tokopedia.com/nusantara-space/iphone-16-plus-garansi-resmi-indonesia-1730752397041501541-1737588397890766499,Rp16755000,,,5.0,80+,nusantara-space,,2026-10-03 09:06:40.965038
Apple iPhone 16 Plus,12% Apple iPhone 16 Plus - Garansi Resmi Apple Indonesia,https://www.tokopedia.com/universestore/apple-iphone-16-plus-garansi-resmi-apple-indonesia-1731087089500521887,Rp18898000,Rp21499000,,5.0,250+,universestore,,2026-10-03 09:06:40.967789
Apple iPhone 16 Plus,20% (OPEN)-Apple iPhone 16 Plus 512GB Brand New Garansi Resmi Indonesia IBOX DIGIMAP GDN,https://www.tokopedia.com/tunjungsaristore/ts-apple-iphone-16-plus-128gb-256gb-brand-new-garansi-resmi-indonesia-ibox-digimap-gdn-1737003508777649380-1737476553967437028,Rp18790000,Rp23500000,,5.0,100+,tunjungsaristore,,2026-10-03 09:06:40.970857
Apple iPhone 16 Plus,IPHONE 16 PLUS 128 256 512 GB - SECOND IN BOX - IBOX / RESMI,https://www.tokopedia.com/mobilephonebec/iphone-16-plus-128-256-512-gb-second-in-box-ibox-resmi-1732455585290159518,Rp15550000,,,5.0,4,mobilephonebec,,2026-10-03 09:06:40.973420
Apple iPhone 16 Plus,iPhone 16 Plus Garansi Resmi Indonesia Promo,https://www.tokopedia.com/nusantara-space/iphone-16-plus-garansi-resmi-indonesia-promo-1731079554673509733-1737588355305932451,Rp16755000,,,5.0,100+,nusantara-space,,2026-10-03 09:06:40.977059
Apple iPhone 16 Plus,Terlaris ( Spesial Creator ) Apple Iphone 16 Plus 128Gb 256Gb 512Gb Garansi Resmi Ibox New - 128Gb Black IBox No Bonus,https://www.tokopedia.com/toko-anita555/terlaris-spesial-creator-apple-iphone-16-plus-128gb-256gb-512gb-garansi-resmi-ibox-new-128gb-black-ibox-no-bonus-1733220938025567265,Rp11905000,Rp11930000,,,,toko-anita555,,2026-10-03 09:06:41.042963
Apple iPhone 16 Plus,APPLE IPHONE 16 PLUS ORIGINAL GARANSI RESMI,https://www.tokopedia.com/satria-baja-hitam-store/promo-wenny-apple-iphone-16-plus-original-garansi-resmi-1733841701916739199,Rp17357000,,,,,satria-baja-hitam-store,,2026-10-03 09:06:41.047534
Apple iPhone 16 Pro,Apple iPhone 16 Pro 256GB Titanium garansi iBox,https://www.tokopedia.com/fixsteal/apple-iphone-16-pro-256gb-titanium-garansi-ibox-1734433411940779544,Rp15475000,Rp15500000,,5.0,4,fixsteal,,2026-10-03 08:40:41.271866
Apple iPhone 16 Pro,19% APPLE iPhone 16 Pro 512GB 1TB A18 PRO CPU 6C GPU 6C OLED Garansi Resmi iBOX GDN Digimap,https://www.tokopedia.com/collinsofficial/apple-iphone-16-pro-128gb-256gb-512gb-1tb-a18-pro-cpu-6c-gpu-6c-oled-resmi-ibox-1731116766468671296,Rp25999000,Rp31999000,,4.9,250+,collinsofficial,,2026-10-03 08:40:41.275851
Apple iPhone 16 Pro,11% (PROMO) Apple iPhone 16 Pro - Garansi Resmi Apple Indonesia,https://www.tokopedia.com/universestore/promo-apple-iphone-16-pro-garansi-resmi-apple-indonesia-1733097823744067025,Rp28799000,Rp32499000,,5.0,40+,universestore,,2026-10-03 08:40:41.278135
Apple iPhone 16 Pro,Apple Iphone 16 Pro ( 128Gb 256Gb 512Gb 1 Tera ) Garansi Resmi,https://www.tokopedia.com/ini-toko-budi-shop/apple-iphone-16-pro-128gb-256gb-512gb-1-tera-garansi-resmi-ibox-1730051133725312487-1737682466435663335,Rp27999000,Rp28000000,,5.0,2rb+,ini-toko-budi-shop,,2026-10-03 08:40:41.280476
Apple iPhone 16 Pro,iPhone 16 Pro 128GB iBox,https://www.tokopedia.com/izystore-115/iphone-16-pro-128gb-ibox-1737434461494478814,Rp13350000,Rp13375000,,,,izystore-115,,2026-10-03 08:40:41.282923
Apple iPhone 16 Pro,IBOX Apple iPhone 16 Pro 16Pro 5G 128GB 256GB 512GB 1TB 128 GB 256 GB 512 GB 1 TB,https://www.tokopedia.com/chocoapple/ibox-apple-iphone-16-pro-16pro-5g-128gb-256gb-512gb-1tb-128-gb-256-gb-512-gb-1-tb-1734412599645275379,Rp19475000,Rp19500000,,,7,chocoapple,,2026-10-03 08:40:41.285138
Apple iPhone 16 Pro,IPHONE 16 PRO 128GB 256GB 512GB 1TB SEC GARANSI RESMI,https://www.tokopedia.com/digicell/iphone-16-pro-128gb-256gb-512gb-1tb-new-garansi-resmi-1731152018943805017-1736119342970471926,Rp17471000,Rp17496000,,5.0,15,digicell,,2026-10-03 08:40:41.287520
Apple iPhone 16 Pro,Apple iPhone 16 Pro Resmi TAM Indonesia (BNOB),https://www.tokopedia.com/deansa/apple-iphone-16-pro-resmi-tam-indonesia-bnob-1732760721858331678,Rp16875000,Rp16900000,,,,deansa,,2026-10-03 08:40:41.290564
Apple iPhone 16 Pro,Apple iPhone 16 Pro 256GB eSIM Fullset Fungsi Lancar Lecet Pemakaian Wajar,https://www.tokopedia.com/archive-rizkafashionstore-1694995271/apple-iphone-16-pro-256gb-esim-fullset-fungsi-lancar-lecet-pemakaian-wajar-1731065556913128912,Rp13075000,Rp13100000,,5.0,3,archive-rizkafashionstore-1694995271,,2026-10-03 08:40:41.292961
Apple iPhone 16 Pro Max,(RESMI) iPhone 16 Pro Max Promax 256GB 512GB 1TB Garansi Resmi Indonesia 1 Tahun,https://www.tokopedia.com/putra-group/resmi-iphone-15-pro-max-promax-1tb-512gb-256gb-128gb-black-natural-white-blue-titanium-1736785526452749312,Rp26999000,,,5.0,1rb+,putra-group,,2026-10-03 08:36:00.126182
Apple iPhone 16 Pro Max,(RESMI)  iPhone 16 Pro Max Promax 256GB 512GB 1TB Dessert Natural White Black Titanium,https://www.tokopedia.com/putra-group/resmi-iphone-16-pro-max-promax-256gb-512gb-1tb-dessert-natural-white-black-titanium-1731089544267334656-1736784241736516608,Rp26999000,,,4.9,100+,putra-group,,2026-10-03 08:36:00.130438
Apple iPhone 16 Pro Max,(RESMI) iPhone 16 Pro Max Promax 256GB 512GB 1TB,https://www.tokopedia.com/putra-group/resmi-iphone-14-pro-max-promax-1tb-512gb-256gb-128gb-garansi-1-tahun-1736785464986272768,Rp26999000,,,5.0,1rb+,putra-group,,2026-10-03 08:36:00.133234
Apple iPhone 16 Pro Max,(KG) Apple iPhone 16 Series Garansi Resmi IBOX /GDN,https://www.tokopedia.com/kungfu-gadget/apple-iphone-16-series-garansi-resmi-ibox-gdn-1735594188844139705-1735594773652079801,Rp16443000,Rp16999000,,4.9,100+,kungfu-gadget,,2026-10-03 08:36:00.135589
Apple iPhone 16 Pro Max,Apple Iphone 16 Pro Max ( 256Gb 512Gb 1 Tera ) Garansi Resmi,https://www.tokopedia.com/ini-toko-budi-shop/apple-iphone-16-pro-max-256gb-512gb-1-tera-garansi-resmi-ibox-1730051162612073959-1737682524483651047,Rp23998000,Rp23999000,,4.9,2rb+,ini-toko-budi-shop,,2026-10-03 08:36:00.137862
Apple iPhone 16 Pro Max,Apple iPhone 16 Pro Max 256GB 512GB 1TB 16 ProMax Dessert Natural White Black Garansi Resmi Indonesia,https://www.tokopedia.com/digitalauthorized/apple-iphone-16-pro-max-256gb-512gb-1tb-16-promax-dessert-natural-white-black-garansi-resmi-indonesia-1729826701426067420-1737658538357983196,Rp21915000,,,4.9,250+,digitalauthorized,,2026-10-03 08:36:00.140161
Apple iPhone 16 Pro Max,15% Apple iPhone 16 Pro Max - Garansi Resmi Apple Indonesia,https://www.tokopedia.com/universestore/apple-iphone-16-pro-max-garansi-resmi-apple-indonesia-1731088225895417247,Rp29624000,Rp34999000,,5.0,500+,universestore,,2026-10-03 08:36:00.143221
Apple iPhone 16 Pro Max,Iphone 16 Pro Max Garansi Resmi Apple Indonesia,https://www.tokopedia.com/dutaponsel-pku/iphone-16-pro-max-garansi-resmi-apple-indonesia-1731169540440163996,Rp21499000,,,5.0,7,dutaponsel-pku,,2026-10-03 08:36:00.145658
Apple iPhone 16 Pro Max,(ibox) New IPhone 16 Pro Max 1Tb 512gb 256gb 128gb Resmi Official apple Indonesia GDN Ibox Tam BLACK DESERT NATURAL Ultramarine Titan,https://www.tokopedia.com/gadgetbali/ibox-new-iphone-16-pro-max-1tb-512gb-256gb-128gb-resmi-official-apple-indonesia-gdn-ibox-tam-black-desert-natural-ultramarine-titan-1731366960741058358,Rp15675000,Rp15700000,,,1,gadgetbali,,2026-10-03 08:36:00.148016
Apple iPhone 16 Pro Max,Apple iPhone 16 Pro Max Storage 256 GB,https://www.tokopedia.com/ibox-official/apple-iphone-16-pro-max-storage-256-gb-1734485651223119251,Rp24229010,Rp24499000,,5.0,7,ibox-official,,2026-10-03 08:36:00.150827
Apple iPhone 16e,(RESMI) iPhone 16 128GB 256GB 512GB,https://www.tokopedia.com/putra-group/resmi-iphone-16-128gb-256gb-512gb-1729879329242383360-1737777070597833728,Rp16499000,,,5.0,750+,putra-group,,2026-10-03 08:29:43.477211
Apple iPhone 16e,(RESMI) iPhone 16E 128GB 256GB 512GB 5G,https://www.tokopedia.com/tokohapedia-idn/second-iphone-se-2020-64gb-128gb-256gb-red-white-black-1737688674880423043,Rp13789000,,,4.8,80+,tokohapedia-idn,,2026-10-03 08:29:43.490169
Apple iPhone 16e,35% [ Payday Sale ] Apple iPhone 16 512GB 256GB 128GB Garansi Resmi Apple Indonesia Gadget Camera,https://www.tokopedia.com/indotechstore/payday-sale-apple-iphone-16-512gb-256gb-128gb-garansi-resmi-apple-indonesia-gadget-camera-1737391294578919393-1737391205756864481,Rp16001000,Rp24499000,,,,indotechstore,,2026-10-03 08:29:43.493158
Apple iPhone 16e,[ Tokped ] Apple iphone 16 128 Garansi Resmi Indonesia,https://www.tokopedia.com/pusat-grosir-handphone/bos-x-k-apple-iphone-16-128-pink-garansi-resmi-indonesia-1734084362878420496-1737624035465463312,Rp16349000,Rp18000000,,5.0,11,pusat-grosir-handphone,,2026-10-03 08:29:43.495611
Apple iPhone 16e,Apple Iphone 16 E dengan Kapasitas 128 GB Warna Putih Versi LL Status ACT-HSO SIMLOCKED,https://www.tokopedia.com/ip88/apple-iphone-16-e-dengan-kapasitas-128-gb-warna-putih-versi-ll-status-act-hso-simlocked-1731864019976160647,Rp6975000,Rp7000000,,5.0,5,ip88,,2026-10-03 08:29:43.497948
Apple iPhone 16e,(RESMI) iPhone 16E 128GB 256GB 512GB 5G,https://www.tokopedia.com/tokohapedia-idn/new-iphone-13-pro-128-256-512-1tb-garansi-resmi-indonesia-1737688785890346115,Rp13789000,,,5.0,40+,tokohapedia-idn,,2026-10-03 08:29:43.500283
Apple iPhone 16e,Apple iPhone 16e 128 White BNIB Garansi Resmi ibox Chipset A18,https://www.tokopedia.com/tokobaruku2025/apple-iphone-16e-128-white-bnib-garansi-resmi-ibox-chipset-a18-1736399546312525072,Rp9990000,,,,3,tokobaruku2025,,2026-10-03 08:29:43.503376
Apple iPhone 16e,APPLE IPHONE 16 ORIGINAL GARANSI RESMI,https://www.tokopedia.com/satria-baja-hitam-store/promo-wenny-apple-iphone-16-original-garansi-resmi-1733841714037163647,Rp16905000,,,5.0,3,satria-baja-hitam-store,,2026-10-03 08:29:43.505789
Apple iPhone 16e,33% [ PAYDAY ] Apple iPhone 17 256GB / iPhone 16 / iPhone 15 / iPhone 14 128GB Garansi Resmi,https://www.tokopedia.com/studioponsel/payday-apple-iphone-17-256gb-iphone-16-iphone-15-iphone-14-128gb-garansi-resmi-1737672642919761714-1737672644975494962,Rp12667000,Rp18999000,,5.0,16,studioponsel,,2026-10-03 08:29:43.508275
Apple iPhone 16e,Apple Iphone 16e 128GB - Garansi Resmi Indonesia,https://www.tokopedia.com/okeshopbec/apple-iphone-16e-128gb-garansi-resmi-indonesia-1731088693753841268,Rp11724000,Rp11749000,,,,okeshopbec,,2026-10-03 08:29:43.510925
Apple iPhone 17 Pro,16% (TP) Apple iPhone 17 Pro 256GB | 512GB | 1TB | Garansi Resmi,https://www.tokopedia.com/cassia-gadget/asm-tp-apple-iphone-17-pro-256gb-512gb-1tb-garansi-resmi-1732794450131715654-1737645791411734086,Rp22369000,Rp26699000,,5.0,1rb+,cassia-gadget,,2026-10-01 07:06:34.811837
Apple iPhone 17 Pro,[ CREATOR ] Apple iPhone 17 Pro Garansi Resmi Indonesia TAM Digimap GDN Original BNIB,https://www.tokopedia.com/allkomputejkt/special-creator-apple-iphone-17-pro-256gb-garansi-resmi-indonesia-tam-digimap-gdn-original-bnib-1734684356893837064-1734684420586964744,Rp22865490,Rp22875490,,3.7,15,allkomputejkt,,2026-10-01 07:06:34.818227
Apple iPhone 17 Pro,24% [ SPECIAL PROMO ] - Apple iPhone 17 Pro 1TB 512GB 256GB - Garansi Resmi,https://www.tokopedia.com/studioponsel/livestream-apple-iphone-17-pro-garansi-resmi-1733012082986288946,Rp22823000,Rp29999000,,5.0,60+,studioponsel,,2026-10-01 07:06:34.821541
Apple iPhone 17 Pro,46% Digitalisme x Promo Apple iPhone 17 Pro 1TB 512GB 256GB A19 Pro Chip - iPhone 17 Pro Garansi Resmi,https://www.tokopedia.com/digitalisme/digitalisme-x-promo-apple-iphone-17-pro-1tb-512gb-256gb-a19-pro-chip-iphone-17-pro-garansi-resmi-1732801284015097041,Rp23129000,Rp42899000,,5.0,23,digitalisme,,2026-10-01 07:06:34.824407
Apple iPhone 17 Pro,(RESMI) iPhone 17 Pro 256GB 512GB 1TB A19 Pro Chip Silver Cosmic Orange Deep Blue,https://www.tokopedia.com/putra-group/resmi-iphone-17-pro-256gb-512gb-1tb-a19-pro-chip-silver-cosmic-orange-deep-blue-1732472474578158592-1737623068611806208,Rp22499000,,,5.0,1rb+,putra-group,,2026-10-01 07:06:34.826984
Apple iPhone 17 Pro,18% [ PROMO ] Apple iPhone 17 Pro & Max 2TB 1TB 512GB 256GB 17 Promax Silver Blue Orange Garansi RESMI,https://www.tokopedia.com/game-nest/extra-packing-bubble-wrap-0014-game-nest-1735299997211001868-1736311522531050508,Rp23754967,Rp28999000,,5.0,40+,game-nest,,2026-10-01 07:06:34.829284
Apple iPhone 17 Pro,"18% [COLLINS X ONETECH] APPLE iPhone 17 Pro 256GB 512GB 1TB A19 Pro 6.3"" OLED 120Hz Resmi IBOX GDN DIGIMAP",https://www.tokopedia.com/collinsofficial/collins-x-onetech-apple-iphone-17-pro-256gb-512gb-1tb-a19-pro-6-3-oled-120hz-resmi-ibox-gdn-digimap-1734837092143629511-1734837532344878279,Rp22649000,Rp27499000,,5.0,250+,collinsofficial,,2026-10-01 07:06:34.832098
Apple iPhone 17 Pro,"18% APPLE iPhone 17 Pro 256GB 512GB 1TB A19 Pro 6.3"" OLED 120Hz Resmi IBOX GDN DIGIMAP",https://www.tokopedia.com/collinsofficial/apple-iphone-17-pro-256gb-512gb-1tb-a19-pro-6-3-oled-120hz-resmi-ibox-gdn-digimap-1733307932381512903,Rp22649000,Rp27499000,,4.9,1rb+,collinsofficial,,2026-10-01 07:06:34.834720
Apple iPhone 17 Pro,(PROMO) Apple iPhone 17 Pro - Garansi Resmi Apple Indonesia,https://www.tokopedia.com/universestore/promo-apple-iphone-17-pro-garansi-resmi-apple-indonesia-1733124036816766417,Rp22648000,Rp24475000,,5.0,500+,universestore,,2026-10-01 07:06:34.837130
Apple iPhone 17e,IBOX NEW Apple iPhone 17e iPhone17e 17 e 2026 5G 256GB 512GB 256 512 GB Black White Pink,https://www.tokopedia.com/chocoapple/samsung-galay-z-fold-3-5g-16gb-512gb-12gb-256gb-fold3-resmi-sein-1735604919251469555,Rp14474000,Rp14499000,,5.0,100+,chocoapple,,2026-10-01 06:57:33.371227
Apple iPhone 17e,16% [ DGI Gadget ] Apple iPhone 17 256GB Garansi Resmi,https://www.tokopedia.com/dgi-gadget/dgi-gadget-apple-iphone-17-256gb-garansi-resmi-1734271176279754092,Rp18990000,Rp22499000,,4.9,100+,dgi-gadget,,2026-10-01 06:57:33.377518
Apple iPhone 17e,20% Apple iPhone 17E 17 E 256GB 512GB Garansi Resmi,https://www.tokopedia.com/rajaponselcom/apple-iphone-17e-17-e-256gb-512gb-garansi-resmi-1735640211245991056-1735640294583010448,Rp13574000,Rp16999000,,,1,rajaponselcom,,2026-10-01 06:57:33.380409
Apple iPhone 17e,Apple iPhone 17e - Garansi Resmi Indonesia,https://www.tokopedia.com/universestore/apple-iphone-17e-garansi-resmi-indonesia-1735579756716852689-1735579895767401937,Rp17999000,Rp18649000,,5.0,100+,universestore,,2026-10-01 06:57:33.382747
Apple iPhone 17e,iPhone 17e Garansi Resmi Indonesia Promo,https://www.tokopedia.com/nusantara-space/iphone-17e-garansi-resmi-indonesia-promo-1735627741620831907-1737589592494409379,Rp17435000,Rp18285000,,5.0,13,nusantara-space,,2026-10-01 06:57:33.385115
Apple iPhone 17e,Apple Iphone 17e 256Gb 512Gb Garansi Resmi,https://www.tokopedia.com/ini-toko-budi-shop/apple-iphone-14-128gb-256gb-512gb-garansi-resmi-ibox-1730051053200246247-1737682535808861671,Rp17749000,Rp17750000,,4.9,1rb+,ini-toko-budi-shop,,2026-10-01 06:57:33.387509
Apple iPhone 17e,iPhone 17e 256GB 512GB Black White Pink Garansi Resmi Indonesia 1 Tahun,https://www.tokopedia.com/tokohapedia-idn/iphone-17e-256gb-512gb-black-white-pink-garansi-resmi-indonesia-1-tahun-1736102138108413059-1737676631766369411,Rp20999000,,,,9,tokohapedia-idn,,2026-10-01 06:57:33.389848
Apple iPhone 17e,"27% iPhone 17e 256GB A19 OLED 6,1 inci  48 MP IP68 | Garansi Resmi 1 Tahun & Extra Warranty 1 Tahun",https://www.tokopedia.com/jemisien/iphone-17e-256gb-a19-oled-6-1-inci-48-mp-ip68-garansi-resmi-1-tahun-extra-warranty-1-tahun-1735661056767133455-1735661413591844623,Rp13955000,Rp18990000,,,,jemisien,,2026-10-01 06:57:33.392370
Apple iPhone 17e,iPhone 17e | 256GB | Second Mulus Original 100% Garansi Resmi iBox,https://www.tokopedia.com/mcjkt/iphone-17e-256gb-second-mulus-original-100-garansi-resmi-ibox-drone-1736063105395885305,Rp12975000,Rp13000000,,,,mcjkt,,2026-10-01 06:57:33.394610
Apple iPhone 17e,iPhone 17e 256GB 512GB Black White Pink Garansi Resmi Indonesia 1 Tahun,https://www.tokopedia.com/putra-group/iphone-17e-256gb-512gb-black-1735594399250220032-1736787479728718848,Rp18499000,,,4.9,100+,putra-group,,2026-10-01 06:57:33.397176
Apple iPhone 18 Pro Max,IBOX Apple iPhone 18 Pro Max iPhone18 Promax 18Pro Max 5G 256GB 512GB 1TB 2TB 256 GB 512 GB 1 TB 2 TB,https://www.tokopedia.com/chocoapple/iphone-11-128gb-128-gb-garansi-resmi-tam-ibox-1-tahun-1737631990700999923,Rp41000000,,,4.9,100+,chocoapple,,2026-10-01 06:48:21.275775
Apple iPhone 18 Pro Max,15% Apple iPhone 18 Pro / 18 Pro Max 2TB 1TB 512 256 GB Garansi Inter IMEI Beacukai Sinyal Permanen,https://www.tokopedia.com/gadgetpedia/apple-ipad-air-7-m3-chip-2025-11-inch-128gb-256gb-512gb-1tb-wifi-only-garansi-apple-1732036371170166394-1737469463883318906,Rp36784000,Rp43370000,,5.0,500+,gadgetpedia,,2026-10-01 06:48:21.279277
Apple iPhone 18 Pro Max,25% [Exclusive SEFRICO] Apple iPhone 17 Pro Max ORIGINAL Garansi Resmi (TAM & GDN),https://www.tokopedia.com/gawaishop/exclusive-sefrico-apple-iphone-17-pro-max-original-garansi-resmi-tam-gdn-1733347180043536076,Rp24699000,Rp32999000,,,,gawaishop,,2026-10-01 06:48:21.281981
Apple iPhone 18 Pro Max,Apple iPhone 16 Pro | Garansi Resmi Indonesia,https://www.tokopedia.com/shopyzid/apple-iphone-16-pro-garansi-resmi-indonesia-1734523311922054447,Rp25999000,,,5.0,30+,shopyzid,,2026-10-01 06:48:21.284323
Apple iPhone 18 Pro Max,"iPhone 17 Pro Max 256GB, 512GB, 1TB, 2TB [Garansi Resmi Indonesia]",https://www.tokopedia.com/planet-gadgets/iphone-17-pro-max-256gb-512gb-1tb-2tb-garansi-resmi-indonesia-1733794870300607619,Rp25612000,,,5.0,7,planet-gadgets,,2026-10-01 06:48:21.286621
Apple iPhone 18 Pro Max,24% iPhone 15 128GB  Garansi Resmi iBox TAM/GDN,https://www.tokopedia.com/shadowgold/iphone-15-128gb-garansi-resmi-ibox-tam-gdn-1730794442419505137-1737492501774960625,Rp14099000,Rp18599000,,5.0,100+,shadowgold,,2026-10-01 06:48:21.288940
Apple iPhone 18 Pro Max,15% (Live) Apple iPhone 17 Pro 256GB | 512GB | 1TB | Garansi Resmi,https://www.tokopedia.com/cassia-gadget/asm-x-805-apple-iphone-17-pro-256gb-512gb-1tb-garansi-resmi-1732934405263033926-1737645318208390726,Rp22800000,Rp26699000,,5.0,80+,cassia-gadget,,2026-10-01 06:48:21.291221
Apple iPhone 18 Pro Max,Apple iPhone 18 Pro 6.3″ 256GB 512GB 1TB 2TB A20 Pro chip Super Retina XDR display,https://www.tokopedia.com/tokohapedia-idn/open-po-apple-iphone-18-pro-18-pro-max-iphone-duo-garansi-inter-imei-beacukai-1737514415825912963-1737673861534418051,Rp36789000,,,,4,tokohapedia-idn,,2026-10-01 06:48:21.293705
Apple iPhone 18 Pro Max,Apple iPhone 18 Pro 256 512 1TB 2TB,https://www.tokopedia.com/gadgetcatalog/apple-iphone-18-pro-256-512-1tb-2tb-1737576843356767248-1737576846001996816,Rp38990000,,,,1,gadgetcatalog,,2026-10-01 06:48:21.295910
Apple iPhone 18 Pro Max,16% (TP) Apple iPhone 17 Pro 256GB | 512GB | 1TB | Garansi Resmi,https://www.tokopedia.com/cassia-gadget/asm-tp-apple-iphone-17-pro-256gb-512gb-1tb-garansi-resmi-1732794450131715654-1737645791411734086,Rp22369000,Rp26699000,,5.0,1rb+,cassia-gadget,,2026-10-01 06:48:21.298351
Apple iPhone Air,30% (KG) Apple iPhone Air Series Garansi Resmi Iphone Indonesia,https://www.tokopedia.com/kungfu-gadget/kg-apple-iphone-air-series-garansi-resmi-iphone-indonesia-1732872439634953401,Rp16882470,Rp23999000,,5.0,18,kungfu-gadget,,2026-10-01 07:10:49.851966
Apple iPhone Air,20% (PROMO) Apple iPhone Air - Garansi Resmi Apple Indonesia,https://www.tokopedia.com/universestore/promo-apple-iphone-air-garansi-resmi-apple-indonesia-1733123631050753489,Rp16899000,Rp21249000,,4.9,90+,universestore,,2026-10-01 07:10:49.855311
Apple iPhone Air,(RESMI) iPhone 17 Air 256GB 512GB 1TB A19 Pro Chip Sky Blue Light Gold Cloud White Space Black,https://www.tokopedia.com/putra-group/resmi-iphone-17-air-256gb-512gb-1tb-a19-pro-chip-sky-blue-light-gold-cloud-white-space-black-1732472467815957504-1736822673629807616,Rp17199000,,,4.9,250+,putra-group,,2026-10-01 07:10:49.858308
Apple iPhone Air,IPHONE 17 AIR 256GB IBOX,https://www.tokopedia.com/agtgadget/iphone-17-air-256gb-ibox-1737190005383399420,Rp14975000,Rp15000000,,,,agtgadget,,2026-10-01 07:10:49.861074
Apple iPhone Air,(PROMO) Apple iPhone AIR Garansi Resmi,https://www.tokopedia.com/gundalaphone/promo-apple-iphone-air-garansi-resmi-1732953137938007290,Rp16906000,,,5.0,2,gundalaphone,,2026-10-01 07:10:49.863693
Apple iPhone Air,Apple iPhone Air Garansi Resmi,https://www.tokopedia.com/jikalaku2jikalaku/apple-iphone-air-garansi-resmi-1732802179658188400,Rp16896000,,,4.8,40+,jikalaku2jikalaku,,2026-10-01 07:10:49.866324
Apple iPhone Air,Iphone Air 256gb resmi second fullset original,https://www.tokopedia.com/arfanflagship/iphone-air-256gb-resmi-second-fullset-original-1733500983302194514,Rp15700000,,,5.0,9,arfanflagship,,2026-10-01 07:10:49.869361
Apple iPhone Air,[jikalaku] iPhone AIR Garansi Resmi Apple Indonesia,https://www.tokopedia.com/jikalaku/jikalaku-iphone-air-garansi-resmi-apple-indonesia-1732869699335652389,Rp16895300,,,5.0,11,jikalaku,,2026-10-01 07:10:49.871679
Apple iPhone Air,iPhone Air 256GB - Garansi Resmi Indonesia,https://www.tokopedia.com/wahanaselular/iphone-air-256gb-garansi-resmi-indonesia-1731181277936977449-1734938778428868137,Rp16920000,,,5.0,8,wahanaselular,,2026-10-01 07:10:49.874574
Apple iPhone Air,RESMI Apple iPhone 17 Air 256GB 512GB 1TB A19 Pro Chip Sky Blue Light Gold Cloud White Space Black,https://www.tokopedia.com/bigberry-store/resmi-apple-iphone-17-air-256gb-512gb-1tb-a19-pro-chip-sky-blue-light-gold-cloud-white-space-black-1732512025895798246,Rp17499000,,,,2,bigberry-store,,2026-10-01 07:10:49.876803
Apple iPhone Duo,15% Apple iPhone 18 Pro / 18 Pro Max 2TB 1TB 512 256 GB Garansi Inter IMEI Beacukai Sinyal Permanen,https://www.tokopedia.com/gofone/apple-iphone-14-128gb-new-original-garansi-resmi-indonesia-exclusive-tokopedia-1736163459439101150-1737469463192569054,Rp36784000,Rp43370000,,,,gofone,,2026-10-01 06:44:39.408283
Apple iPhone Duo,33% PreOrder OPEN PO iPhone DUO 256GB 512GB 1TB 2TB Garansi Inter IMEI Beacukai Sinyal Permanen,https://www.tokopedia.com/wowgadget/terjual-64-review-26-bintang-5-iphone-16-thia-fitri-1731185299981763714-1737519251374048386,Rp62499000,Rp93500000,,4.9,60+,wowgadget,,2026-10-01 06:44:39.511270
Apple iPhone Duo,16% [ DGI Gadget ] Apple iPhone 17 256GB Garansi Resmi,https://www.tokopedia.com/dgi-gadget/dgi-gadget-apple-iphone-17-256gb-garansi-resmi-1734271176279754092,Rp18990000,Rp22499000,,4.9,100+,dgi-gadget,,2026-10-01 06:44:39.519693
Apple iPhone Duo,"Apple iPhone Duo 7.6"" inch Super Retina XDR folding display with nano‑texture Footnote 2 A20 Pro chip",https://www.tokopedia.com/digitalauthorized/apple-iphone-duo-7-6-inch-super-retina-xdr-folding-display-with-nano-texture-footnote-2-1737437111275194332-1737437320172373980,Rp65999000,,,,1,digitalauthorized,,2026-10-01 06:44:39.525557
Apple iPhone Duo,36% PreOrder OPEN PO iPhone DUO 256GB 512GB 1TB 2TB Garansi Inter IMEI Beacukai Sinyal Permanen,https://www.tokopedia.com/techstory/apple-iphone-14-128gb-garansi-resmi-indonesia-1734171794913134462-1737519303888308094,Rp63349000,Rp99360000,,5.0,100+,techstory,,2026-10-01 06:44:39.530919
Apple iPhone Duo,33% PreOrder OPEN PO iPhone DUO 256GB 512GB 1TB 2TB Garansi Inter IMEI Beacukai Sinyal Permanen,https://www.tokopedia.com/gadgetpedia/apple-iphone-14-512gb-256gb-128gb-garansi-resmi-midnight-purple-starlight-red-blue-1732249894469142138-1737519315614140026,Rp62499000,Rp93500000,,4.9,1rb+,gadgetpedia,,2026-10-01 06:44:39.536702
Apple iPhone Duo,16% (TP) Apple iPhone 17 Pro 256GB | 512GB | 1TB | Garansi Resmi,https://www.tokopedia.com/cassia-gadget/asm-tp-apple-iphone-17-pro-256gb-512gb-1tb-garansi-resmi-1732794450131715654-1737645791411734086,Rp22369000,Rp26699000,,5.0,1rb+,cassia-gadget,,2026-10-01 06:44:39.542029
Apple iPhone Duo,Apple iPhone 18 Pro / 18 Pro Max / iPhone Duo 256GB 512GB 1TB 2TB A19 Pro Chip Garansi Resmi Apple Indonesia 1 Tahun,https://www.tokopedia.com/nam-hong-apple-authorized-store/ready-stok-samsung-galaxy-z-trifold-5g-ram-16gb-1tb-snapdragon-8-elite-garansi-resmi-1-tahun-1733836646732629298-1737485082570687794,Rp21499000,,,,6,nam-hong-apple-authorized-store,,2026-10-01 06:44:39.547981
Apple iPhone Duo,Apple iPhone Duo 256gb,https://www.tokopedia.com/jombelanja/apple-iphone-duo-256gb-1737542021659133694,Rp95000000,,,,,jombelanja,,2026-10-01 06:44:39.553126
Apple iPhone Duo,OPEN PO Apple iPhone Duo Garansi Inter IMEI Beacukai,https://www.tokopedia.com/tokohapedia-idn/open-po-apple-iphone-duo-garansi-inter-imei-beacukai-1737514767627814019-1737514838929736835,Rp64989000,,,,,tokohapedia-idn,,2026-10-01 06:44:39.557191
Huawei Enjoy 90 Plus,52% [ NEW LAUNCH ] Strawberry ST100 | HP Jadul 4G pertama di indonesia | TIKTOK | Youtube | Dual SIM | 2500mAh | Type-C | Garansi 12 Bulan,https://www.tokopedia.com/strawberry-id-store/exstrawberry-st100-hp-jadul-4g-pertama-di-indonesia-tiktok-youtube-dual-sim-2500mah-type-c-garansi-12-bulan-1737462401295418780-1737462373873321372,Rp479900,Rp999999,,4.9,40+,strawberry-id-store,,2026-10-03 10:03:31.955823
Huawei Enjoy 90 Plus,"25% NEW LAUNCH HONOR X6c 6GB+256GB (Moonlight White / Midnight Black) - Storage Luas 256GB, 50MP , 5300mAh 35W Fitur Magic Capsule, Desain Stylish & Modern, Smartphone Handal Value for Money",https://www.tokopedia.com/honor-official-store/new-launch-honor-x6c-5300-mah-baterai-besar-6gb-256gb-50-mp-kamera-utama-5-mp-kamera-selfie-ai-button-creation-1736085646690650035-1736086159122794419,Rp2999000,Rp3999000,,5.0,21,honor-official-store,,2026-10-03 10:03:31.959484
Huawei Enjoy 90 Plus,"25% [LIVE] HONOR X6c 6GB+256GB (Moonlight White / Midnight Black) - Storage Luas 256GB, 50MP , 5300mAh 35W Fitur Magic Capsule, Desain Stylish & Modern, Smartphone Handal Value for Money",https://www.tokopedia.com/honor-official-store/live-honor-x6c-6gb-256gb-moonlight-white-midnight-black-storage-luas-256gb-50mp-5300mah-35w-fitur-magic-capsule-desain-stylish-modern-smartphone-handal-value-for-money-1737093008796518323-1737093066200221619,Rp2999000,Rp3999000,,,2,honor-official-store,,2026-10-03 10:03:31.962036
Huawei Enjoy 90 Plus,11% 【10.10 Mega Sale s/d 20%*】HUAWEI Pura 90s Series 12/512GB | 5G | 200MP Telephoto* l True-to-Colour Camera 2.0 l HP AI | 100W | Kunlun Glass,https://www.tokopedia.com/huawei/segera-hadir-huawei-pura-90s-series-12-512gb-5g-200mp-telephoto-l-true-to-colour-camera-2-0-l-hp-ai-100w-kunlun-glass-1736763179216504636-1736763447294854972,Rp15994000,Rp17999000,,5.0,20,huawei,,2026-10-03 10:03:31.964385
Huawei Enjoy 90 Plus,ZTE Nubia A76 5G [8/128 GB] Garansi Indonesia,https://www.tokopedia.com/duniagadgetku/zte-nubia-a76-5g-8-128-gb-garansi-indonesia-1734333828422993723,Rp2498500,Rp2499000,,5.0,40+,duniagadgetku,,2026-10-03 10:03:31.966863
Huawei Enjoy 90 Plus,ZTE NUBIA NEO 3 5G SMARTPHONE GAMING RAM 8/256GB 6000MAH AMOLED 120HZ GARANSI RESMI,https://www.tokopedia.com/indo-line/zte-nubia-neo-3-5g-smartphone-gaming-ram-8-256gb-6000mah-amoled-120hz-garansi-resmi-1733966155411850810,Rp3000000,,,,18,indo-line,,2026-10-03 10:03:31.969289
Huawei Enjoy 90 Plus,Huawei Pura 80 12/256 Like new,https://www.tokopedia.com/kemrengseng/huawei-pura-80-8-256-2-toko-wana-kuning-1736744299978589268,Rp8990000,,,,,kemrengseng,,2026-10-03 10:03:31.971781
Huawei Enjoy 90 Plus,Huawei Pura 80 Ultra 12GB/512GB Bekas Resmi Original,https://www.tokopedia.com/louartstore/huawei-pura-80-ultra-12gb-512gb-bekas-resmi-original-1737682825650603945,Rp14888000,,,,,louartstore,,2026-10-03 10:03:31.974214
Huawei Enjoy 90m Plus,52% [ NEW LAUNCH ] Strawberry ST100 | HP Jadul 4G pertama di indonesia | TIKTOK | Youtube | Dual SIM | 2500mAh | Type-C | Garansi 12 Bulan,https://www.tokopedia.com/strawberry-id-store/exstrawberry-st100-hp-jadul-4g-pertama-di-indonesia-tiktok-youtube-dual-sim-2500mah-type-c-garansi-12-bulan-1737462401295418780-1737462373873321372,Rp479900,Rp999999,,4.9,40+,strawberry-id-store,,2026-10-03 09:59:00.774860
Huawei Enjoy 90m Plus,"25% NEW LAUNCH HONOR X6c 6GB+256GB (Moonlight White / Midnight Black) - Storage Luas 256GB, 50MP , 5300mAh 35W Fitur Magic Capsule, Desain Stylish & Modern, Smartphone Handal Value for Money",https://www.tokopedia.com/honor-official-store/new-launch-honor-x6c-5300-mah-baterai-besar-6gb-256gb-50-mp-kamera-utama-5-mp-kamera-selfie-ai-button-creation-1736085646690650035-1736086159122794419,Rp2999000,Rp3999000,,5.0,21,honor-official-store,,2026-10-03 09:59:00.779239
Huawei Enjoy 90m Plus,11% 【10.10 Mega Sale s/d 20%*】HUAWEI Pura 90s Series 12/512GB | 5G | 200MP Telephoto* l True-to-Colour Camera 2.0 l HP AI | 100W | Kunlun Glass,https://www.tokopedia.com/huawei/segera-hadir-huawei-pura-90s-series-12-512gb-5g-200mp-telephoto-l-true-to-colour-camera-2-0-l-hp-ai-100w-kunlun-glass-1736763179216504636-1736763447294854972,Rp15994000,Rp17999000,,5.0,20,huawei,,2026-10-03 09:59:00.782126
Huawei Enjoy 90m Plus,NUBIA FOCUS 2 5G 8/256 GB GARANSI RESMI NUBIA FOCUS 2 5G RAM UP TO 20 GB,https://www.tokopedia.com/gadget-ind-store-/nubia-focus-2-5g-8-256-gb-garansi-resmi-nubia-focus-2-5g-ram-up-to-20-gb-1732021019236730752,Rp2599000,,,,30+,gadget-ind-store-,,2026-10-03 09:59:00.784554
Huawei Enjoy 90m Plus,"Huawei-P30 Lite,Smartphone Android,6.15 inch,Unlocked,6+128GB ROM,Cellphones,Google Play,Dual SIM,Mobile phones Global Version",https://www.tokopedia.com/iibbuunnuurrhhaayya/huawei-p30-lite-smartphone-android-6-15-inch-unlocked-6-128gb-rom-cellphones-google-play-dual-sim-mobile-phones-global-version-1732248924530771947,Rp4621000,Rp4646000,,,,iibbuunnuurrhhaayya,,2026-10-03 09:59:00.787465
Huawei Mate 80 Pro Max Wind,55% Huawei Mate 80 Pro LTE 16/512GB Kunlun Glass OLED Kirin 9030 XMAGE Fast Charing 100W Garansi Resmi,https://www.tokopedia.com/pvblicone/promo-huawei-mate-80-pro-lte-16-512gb-kunlun-glass-oled-kirin-9030-xmage-fast-charing-100w-resmi-huawei-indonesia-1735176183128557513-1735207139551446985,Rp13587000,Rp29999000,,5.0,5,pvblicone,,2026-10-03 10:12:22.125804
Huawei Mate 80 Pro Max Wind,26% (DCG) HUAWEI MATE 80 PRO 16/512 GB | SMART AI GARANSI RESMI,https://www.tokopedia.com/digitalcellulargroupos/huawei-mate-xt-16-1tb-smartphone-ultimate-design-super-slim-tri-fold-design-1731596939039966353-1735364881530586257,Rp13400000,Rp18000000,,,1,digitalcellulargroupos,,2026-10-03 10:12:22.129664
Huawei Mate 80 Pro Max Wind,huawei mate 80 pro  16/512gb withbox resmi indo,https://www.tokopedia.com/bekasion/huawei-mate-80-pro-gold-16-512gb-withbox-resmi-indo-1736843306120939310,Rp10300000,,,,,bekasion,,2026-10-03 10:12:22.132728
Huawei Mate 80 Pro Max Wind,HUAWEI MATE 80 PRO X MAGE 16/512 LENGKAP BERGARANSI NORMAL,https://www.tokopedia.com/jsphone-1/huawei-mate-80-pro-x-mage-16-512-fullset-normal-1737702154420061505,Rp11399000,,,,,jsphone-1,,2026-10-03 10:12:22.135481
Huawei Mate 80 Pro Max Wind,HUAWEI MATE 80 PRO 16/512GB BLACK GARANSI PANJANG,https://www.tokopedia.com/jeroponsel1/huawei-mate-80-pro-16-512gb-black-garansi-panjang-1737666781633348780,Rp9499000,,,,,jeroponsel1,,2026-10-03 10:12:22.138352
Huawei Mate 80 Pro Max Wind,HUAWEI MATE 80 PRO X MAGE 16/512 FULLSET NORMAL BERGARANSI,https://www.tokopedia.com/jsphone-1/huawei-mate-80-pro-x-mage-16-512-fullset-normal-1737416227103802689,Rp12299000,,,,,jsphone-1,,2026-10-03 10:12:22.140945
Huawei Mate XT 2 Ultimate,PreOrder Huawei Mate XT2 Ultimate Design 16+512GB 1TB KIRIN 9050 PRO - China ROM,https://www.tokopedia.com/toko-keliling-new/huawei-mate-xt-2-ultimate-design-16-512gb-1tb-kirin-9010s-china-rom-1737501479750435869-1737501634184512541,Rp79499000,,,,,toko-keliling-new,,2026-10-01 06:44:59.343142
Huawei Mate XT 2 Ultimate,Huawei Mate XT Ultimate Design,https://www.tokopedia.com/tokohapedia-idn/huawei-mate-xt-ultimate-design-1731541047084745859,Rp56974000,Rp56999000,,,2,tokohapedia-idn,,2026-10-01 06:44:59.361788
Huawei Mate XT 2 Ultimate,Huawei Mate XT / Ultimate Design / Resmi Original Huawei / Garansi Mei 2026 / Red Color / Ram 16 GB / Internal 1 TB / Full Set Huawei Mate XT / Murah,https://www.tokopedia.com/anissa-store-17/huawei-mate-xt-ultimate-design-resmi-original-huawei-garansi-mei-2026-red-color-ram-16-gb-internal-1-tb-full-set-huawei-mate-xt-murah-1732741046985918185,Rp42775000,Rp42800000,,5.0,1,anissa-store-17,,2026-10-01 06:44:59.364803
Huawei Mate XT 2 Ultimate,PreOrder BRAND NEW 3 FOLD PHONE - HUAWEI MATE XT ULTIMATE DESIGN - 16GB / 1TB - IMEI Terdaftar,https://www.tokopedia.com/rojakcenter/brand-new-3-fold-phone-huawei-mate-xt-ultimate-design-16gb-1tb-imei-terdaftar-1730932431115224209,Rp68863000,Rp68888000,,,,rojakcenter,,2026-10-01 06:44:59.367162
Huawei Mate XT 2 Ultimate,Huawei Mate XT Ultimate Design Smartphone 16/512GB 1TB Super Slim Tri-fold Design,https://www.tokopedia.com/nam-hong-apple-authorized-store/ready-stok-huawei-matebook-fold-ultimate-design-ram-32-1tb-2tb-harmonyos5-garansi-resmi-1-tahun-1733861846197896498,Rp42299000,,,,,nam-hong-apple-authorized-store,,2026-10-01 06:44:59.369282
Huawei Mate XT 2 Ultimate,33% PreOrder OPEN PO iPhone DUO 256GB 512GB 1TB 2TB Garansi Inter IMEI Beacukai Sinyal Permanen,https://www.tokopedia.com/wowgadget/terjual-64-review-26-bintang-5-iphone-16-thia-fitri-1731185299981763714-1737519251374048386,Rp62499000,Rp93500000,,4.9,60+,wowgadget,,2026-10-01 06:44:59.371391
Huawei Mate XT 2 Ultimate,Huawei Mate XT Ultimate Design 16GB/512GB - Black | SECOND ORIGINAL | FULLSET | INTER REGIST ( ROM CHINA ),https://www.tokopedia.com/silvershop2017/huawei-mate-xt-ultimate-design-16gb-512gb-black-second-original-fullset-inter-regist-rom-china-1736046948962240366,Rp37574000,Rp37599000,,,,silvershop2017,,2026-10-01 06:44:59.373440
Huawei Mate XT 2 Ultimate,PreOrder Huawei Mate XT Ultimate Design - Penyimpanan 16/1TB NEW - Garansi Resmi Indonesia,https://www.tokopedia.com/zandroidplg/huawei-mate-xt-ultimate-design-penyimpanan-16-1tb-new-garansi-resmi-indonesia-1731354957638567367,Rp52974000,Rp52999000,,,,zandroidplg,,2026-10-01 06:44:59.375438
Huawei Mate XT 2 Ultimate,Huawei Mate XT Ultimate Design 16GB/1TB Baru,https://www.tokopedia.com/silvershop2017/huawei-mate-xt-ultimate-design-16gb-1tb-garansi-resmi-1731663807365220206,Rp63475000,Rp63500000,,,,silvershop2017,,2026-10-01 06:44:59.377419
Huawei Mate XT 2 Ultimate,NEW HUAWEI Mate XT ULTIMATE DESIGN 16/1TB RED RESMI,https://www.tokopedia.com/gadget-online/new-huawei-mate-xt-ultimate-design-16-1tb-red-resmi-1735102582981363414,Rp61975000,Rp62000000,,,,gadget-online,,2026-10-01 06:44:59.379745
Huawei MatePad Air (2026),"18% 【Free Pen, Keyboard & Mouse】HUAWEI MatePad Air 12"" Tablet | 8+8GB/256GB | Ultra-thin, Air Light | AI-powered PC-Level WPS | OLED PaperMatte Display l 10,100 mAh 66W",https://www.tokopedia.com/huawei/huawei-matepad-air-12-tablet-8-8gb-256gb-ultra-thin-air-light-ai-powered-pc-level-wps-oled-papermatte-display-l-10-100-mah-66w-1737232189318661948-1737232194611283772,Rp13999000,Rp16999000,,5.0,13,huawei,,2026-10-03 08:30:13.370461
Huawei MatePad Air (2026),"18% 【Kreator Eksklusif】HUAWEI MatePad Air 12"" Tablet | 8+8GB/256GB | Ultra-thin, Air Light | AI-powered PC-Level WPS | OLED PaperMatte Display l 10,100 mAh 66W",https://www.tokopedia.com/huawei/segera-hadir-huawei-matepad-air-12-tablet-8-8gb-256gb-ultra-thin-air-light-ai-powered-pc-level-wps-oled-papermatte-display-l-10-100-mah-66w-1737232786555307836-1737232774430623548,Rp13999000,Rp16999000,,,,huawei,,2026-10-03 08:30:13.376797
Huawei MatePad Air (2026),(RESMI) Huawei Matepad Air 8/256GB White Airy Blue Putih Biru Original Garansi Resmi Indonesia,https://www.tokopedia.com/putra-group/resmi-huawei-matepad-air-8-256gb-white-airy-blue-putih-biru-original-garansi-resmi-indo-1737637963874141184-1737661876766934016,Rp13499000,,,,,putra-group,,2026-10-03 08:30:13.381277
Huawei MatePad Air (2026),Tablet HUAWI MATEPAD AIR 2026 8GB / 256GB Layar Oled Papermate,https://www.tokopedia.com/alyosha-jogjatronik/tablet-huawi-matepad-air-2026-1737575120542533533,Rp13499000,,,,,alyosha-jogjatronik,,2026-10-03 08:30:13.384774
Huawei MatePad Air (2026),HUAWEI MatePad Air Tablet 8GB 128GB | PC-Level Garansi Resmi,https://www.tokopedia.com/astechnetwork/huawei-matepad-air-tablet-8gb-128gb-pc-level-garansi-resmi-black,Rp6974000,Rp6999000,,5.0,1,astechnetwork,,2026-10-03 08:30:13.387374
Huawei MatePad Air (2026),26% Huawei Matepad Air 2026 8/256 GB PaperMatte Display WiFi Tab 12 Inch WPS Office AI PC Level,https://www.tokopedia.com/gallerygadget/huawei-matepad-air-2026-8-256-gb-papermatte-display-wifi-tab-12-inch-wps-office-ai-pc-level-1737534875703609329-1737535318975219697,Rp13999000,Rp18999000,,,,gallerygadget,,2026-10-03 08:30:13.389906
Huawei MatePad Air (2026),"38% HUAWEI MatePad Air 2026 12"" Tablet 8+8GB/256GB Ultra-thin Air Light AI-powered PC-Level WPS OLED PaperMatte Display 10.100 mAh 66W",https://www.tokopedia.com/pvblicone/huawei-matepad-air-12-tablet-8-8gb-256gb-ultra-thin-air-light-ai-powered-pc-level-wps-oled-papermatte-display-10-100-mah-66w-1737518197715929033-1737531979235493833,Rp12360000,Rp19999000,,,1,pvblicone,,2026-10-03 08:30:13.393082
Huawei MatePad Air (2026),"31% HUAWEI MatePad Air 12"" 2026 Tablet 8+8GB/256GB Ultra-thin Air Light AI-powered PC-Level WPS OLED PaperMatte Display 10.100 mAh 66W",https://www.tokopedia.com/wekoi/huawei-matepad-air-12-tablet-8-8gb-256gb-ultra-thin-air-light-ai-powered-pc-level-wps-oled-papermatte-display-10-100-mah-66w-1737519272364705565-1737531470415824669,Rp12360000,Rp17999000,,,1,wekoi,,2026-10-03 08:30:13.396541
Huawei MatePad Air (2026),huawei matepad air 8/128 fullset plus pencill,https://www.tokopedia.com/greatcell/huawei-matepad-air-8-128-fullset-plus-pencill-1733643330060846655,Rp4825000,Rp4850000,,,,greatcell,,2026-10-03 08:30:13.399481
Huawei MatePad Air (2026),"30% HUAWEI MatePad Air 12"" Tablet | 8+8GB/256GB | Ultra-thin, Air Light | AI-powered PC-Level WPS | OLED PaperMatte Display l 10,100 mAh 66W",https://www.tokopedia.com/huawei/huawei-matepad-air-12-tablet-8-8gb-256gb-ultra-thin-air-light-ai-powered-pc-level-wps-oled-papermatte-display-l-10-100-mah-66w-1737232952638015292-1737232955431880508,Rp13999000,Rp19999000,,,2,huawei,,2026-10-03 08:30:13.401992
Huawei MatePad Air Z,"18% 【Free Pen, Keyboard & Mouse】HUAWEI MatePad Air 12"" Tablet | 8+8GB/256GB | Ultra-thin, Air Light | AI-powered PC-Level WPS | OLED PaperMatte Display l 10,100 mAh 66W",https://www.tokopedia.com/huawei/huawei-matepad-air-12-tablet-8-8gb-256gb-ultra-thin-air-light-ai-powered-pc-level-wps-oled-papermatte-display-l-10-100-mah-66w-1737232189318661948-1737232194611283772,Rp13999000,Rp16999000,,5.0,13,huawei,,2026-10-03 09:54:49.876217
Huawei MatePad Air Z,"18% 【Kreator Eksklusif】HUAWEI MatePad Air 12"" Tablet | 8+8GB/256GB | Ultra-thin, Air Light | AI-powered PC-Level WPS | OLED PaperMatte Display l 10,100 mAh 66W",https://www.tokopedia.com/huawei/segera-hadir-huawei-matepad-air-12-tablet-8-8gb-256gb-ultra-thin-air-light-ai-powered-pc-level-wps-oled-papermatte-display-l-10-100-mah-66w-1737232786555307836-1737232774430623548,Rp13999000,Rp16999000,,,,huawei,,2026-10-03 09:54:49.879109
Huawei MatePad Air Z,"28% 【10.10 Tablet Fest s/d 20%*】HUAWEI MatePad SE 11"" Tablet [4+128GB] |  FHD+ Eye Comfort Display | 7700mAh | Metal Unibody",https://www.tokopedia.com/huawei/sbd-voucher-s-d-20-huawei-matepad-se-11-tablet-4-128gb-fhd-eye-comfort-display-7700mah-metal-unibody-1729771890254120764-1737035096501552956,Rp3594000,Rp4999000,,4.9,10rb+,huawei,,2026-10-03 09:54:49.881686
Huawei MatePad Air Z,"22% 【10.10 Tablet Fest s/d 20%*】HUAWEI MatePad 11.5 Standard Tablet | Produktivitas WPS Setara PC ditenagai AI | 10,100 mAh 40W HUAWEI SuperCharge",https://www.tokopedia.com/huawei/sbd-voucher-s-d-20-huawei-matepad-11-5-new-standard-edition-tablet-wps-office-3-0-tingkat-pc-eksklusif-10-100-mah-40w-huawei-supercharge-1733934384891725628-1736762994079139644,Rp6994000,Rp8999000,,4.9,5rb+,huawei,,2026-10-03 09:54:49.884374
Huawei MatePad Air Z,29% HUAWEI MatePad 12x 2026 Tablet PC-Level WPS Office PaperMatte Display GoPaint 66W SuperCharge GREEN 12/256GB HarmonyOS 4.2 Garansi 12 Bulan Tablet Rasa Laptop 2026,https://www.tokopedia.com/kenken-official-store/huawei-matepad-12x-2026-tablet-pc-level-wps-office-papermatte-display-gopaint-66w-supercharge-green-12-256gb-harmonyos-4-2-garansi-12-bulan-tablet-rasa-laptop-2026-1733686872593105950,Rp9199000,Rp12999000,,5.0,14,kenken-official-store,,2026-10-03 09:54:49.886813
Huawei MatePad Air Z,(DCG) FREE KEYBOARD HUAWEI MATEPAD AIR 8/256 GB GARANSI RESMI LAYAR 12 INCH,https://www.tokopedia.com/digitalcellulargroupos/dcg-huawei-matepad-11-5-6-128-gb-garansi-resmi-1734392774934627473,Rp13650000,Rp14250000,,5.0,29,digitalcellulargroupos,,2026-10-03 09:54:49.889379
Huawei MatePad Air Z,(RESMI) Huawei Matepad Air 8/256GB White Airy Blue Putih Biru Original Garansi Resmi Indonesia,https://www.tokopedia.com/putra-group/resmi-huawei-matepad-air-8-256gb-white-airy-blue-putih-biru-original-garansi-resmi-indo-1737637963874141184-1737661876766934016,Rp13499000,,,,,putra-group,,2026-10-03 09:54:49.891866
Huawei MatePad Air Z,26% Huawei Matepad Air 2026 8/256 GB PaperMatte Display WiFi Tab 12 Inch WPS Office AI PC Level,https://www.tokopedia.com/gallerygadget/huawei-matepad-air-2026-8-256-gb-papermatte-display-wifi-tab-12-inch-wps-office-ai-pc-level-1737534875703609329-1737535318975219697,Rp13999000,Rp18999000,,,,gallerygadget,,2026-10-03 09:54:49.894260
Huawei MatePad Air Z,"38% HUAWEI MatePad Air 2026 12"" Tablet 8+8GB/256GB Ultra-thin Air Light AI-powered PC-Level WPS OLED PaperMatte Display 10.100 mAh 66W",https://www.tokopedia.com/pvblicone/huawei-matepad-air-12-tablet-8-8gb-256gb-ultra-thin-air-light-ai-powered-pc-level-wps-oled-papermatte-display-10-100-mah-66w-1737518197715929033-1737531979235493833,Rp12360000,Rp19999000,,,1,pvblicone,,2026-10-03 09:54:49.897080
Huawei MatePad Air Z,HUAWEI MATEPAD AIR 8/256 - Tablet Tipis Kerja & Desain Garansi Resmi,https://www.tokopedia.com/officialsentraponsel/tab-huawei-matepad-air-8-256-tablet-tipis-kerja-desain-garansi-resmi-1737658541296354385-1737659675052442705,Rp13499000,Rp14999000,,,,officialsentraponsel,,2026-10-03 09:54:49.899595
Huawei MatePad Pro Max,21% HUAWEI MatePad Pro Max 13.2 Inch 12+256GB / 12+512GB | Flexible OLED PaperMatte Display | WPS AI | Nearlink Garansi Resmi,https://www.tokopedia.com/pvblicone/huawei-matepad-pro-max-13-2-inch-12-256gb-12-512gb-flexible-oled-papermatte-display-wps-ai-nearlink-1736528229809883081-1736823071518721993,Rp19798000,Rp24999000,,,2,pvblicone,,2026-10-03 09:21:07.439978
Huawei MatePad Pro Max,"[10.10 Mega Sale s/d 15%] HUAWEI MatePad Pro Max Tablet | up to 12GB + 512GB | AI-powered PC-Level WPS | Ultra-thin Flagship Design | 13.2"" Flexible OLED PaperMatte Display",https://www.tokopedia.com/huawei/huawei-matepad-pro-max-tablet-up-to-12gb-512gb-ai-powered-pc-level-wps-ultra-thin-flagship-design-13-2-flexible-oled-papermatte-display-1736321589305640764-1736461652175521596,Rp26994000,Rp27999000,,,2,huawei,,2026-10-03 09:21:07.444039
Huawei MatePad Pro Max,"【10.10 Tablet Fest s/d 20%*】HUAWEI MatePad Pro Max Tablet | up to 12GB + 512GB | AI-powered PC-Level WPS | Ultra-thin Flagship Design | 13.2"" Flexible OLED PaperMatte Display",https://www.tokopedia.com/huawei/coming-soon-huawei-matepad-pro-max-tablet-up-to-12gb-512gb-ai-powered-pc-level-wps-ultra-thin-flagship-design-13-2-flexible-oled-papermatte-display-1736404965808441148-1736405016702715708,Rp26994000,Rp27999000,,,4,huawei,,2026-10-03 09:21:07.447218
Huawei MatePad Pro Max,"HUAWEI MatePad Pro Max Tablet | up to 12GB + 512GB | AI-powered PC-Level WPS | Ultra-thin Flagship Design | 13.2"" Flexible OLED PaperMatte Display",https://www.tokopedia.com/huaweistoreid/huawei-matepad-pro-13-2-tablet-2-8k-touchpad-keyboard-nearlink-stylus-green-12-512gb-1736634781033793196,Rp19222000,Rp19999000,,5.0,60+,huaweistoreid,,2026-10-03 09:21:07.450440
Huawei MatePad Pro Max,21% HUAWEI MatePad Pro Max 13.2-inch 2026 | Wi-Fi 12+256GB / 512GB Tablet Flexible OLED PaperMatte Display Garansi Resmi,https://www.tokopedia.com/pvblicone/huawei-matepad-pro-13-2-inch-2025-tablet-papermatte-edition-wi-fi-12-512gb-flexible-oled-papermatte-display-1730810263707551689-1736666231645439945,Rp19798000,Rp24990000,,5.0,60+,pvblicone,,2026-10-03 09:21:07.453626
Huawei MatePad Pro Max,"HUAWEI MatePad Pro Max Tablet | up to 12GB + 512GB | AI-powered PC-Level WPS | Ultra-thin Flagship Design | 13.2"" Flexible OLED PaperMatte Display",https://www.tokopedia.com/it-galeri-mall-taman-anggrek/huawei-matepad-pro-12-2-inch-2025-tablet-pc-level-wps-ultra-bright-oled-papermatte-2-in-1-keyboard-stylus-1736769313337411303-1736770296609474279,Rp21499000,,,,,it-galeri-mall-taman-anggrek,,2026-10-03 09:21:07.456725
Huawei MatePad Pro Max,24% HUAWEI MatePad Pro Max Tablet | up to 12GB + 512GB | AI-powered PC-Level WPS | Ultra-thin Flagship Design | 13.2-Inch Flexible OLED PaperMatte Display,https://www.tokopedia.com/itgaleripoinssquare/huawei-matepad-pro-max-tablet-up-to-12gb-512gb-ai-powered-pc-level-wps-ultra-thin-flagship-design-13-2-inch-flexible-oled-papermatte-display-1736660348833858786-1736660590518830306,Rp26499000,Rp34999000,,,,itgaleripoinssquare,,2026-10-03 09:21:07.459817
Huawei MatePad Pro Max,"HUAWEI MatePad Pro Max Tablet | 12GB + 256GB up to 12GB + 512GB | AI-powered PC-Level WPS | Ultra-thin Flagship Design | 13.2"" Flexible OLED PaperMatte Display",https://www.tokopedia.com/royalgadgetstore/huawei-matepad-pro-max-tablet-12gb-256gb-up-to-12gb-512gb-ai-powered-pc-level-wps-ultra-thin-flagship-design-13-2-flexible-oled-papermatte-display-1736703743974606517-1736703794056496821,Rp26999000,,,,,royalgadgetstore,,2026-10-03 09:21:07.463024
Huawei MatePad Pro Max,HUAWEI Matepad Pro Max 13.2 - 12GB/256GB | 512GB,https://www.tokopedia.com/itgaleri/huawei-matepad-pro-max-13-2-12gb-256gb-512gb-1736639896157848746-1736639980854084778,Rp18999000,Rp19999000,,,1,itgaleri,,2026-10-03 09:21:07.465774
Huawei MatePad Pro Max,"HUAWEI MatePad Pro Max Tablet [12GB + 256GB/512GB] | AI-powered PC-Level WPS | 13.2"" Flexible OLED PaperMatte Display Layar Bluetooth",https://www.tokopedia.com/it-galeri-ratu-plaza/huawei-matepad-pro-13-2-inch-2025-tablet-flexible-oled-papermatte-display-pc-level-wps-office-big-battery-and-fast-charging-1731562558212900546-1736749624479549122,Rp18999000,Rp20999000,,5.0,6,it-galeri-ratu-plaza,,2026-10-03 09:21:07.469164
Huawei Pura 90,11% 【10.10 Mega Sale s/d 20%*】HUAWEI Pura 90s Series 12/512GB | 5G | 200MP Telephoto* l True-to-Colour Camera 2.0 l HP AI | 100W | Kunlun Glass,https://www.tokopedia.com/huawei/segera-hadir-huawei-pura-90s-series-12-512gb-5g-200mp-telephoto-l-true-to-colour-camera-2-0-l-hp-ai-100w-kunlun-glass-1736763179216504636-1736763447294854972,Rp15994000,Rp17999000,,5.0,20,huawei,,2026-10-03 09:42:21.222288
Huawei Pura 90,29% HUAWEI Pura 80 Ultra Smartphone RAM 16GB ROM 512GB l 50MP Switchable Dual Telephoto Camera l 1-inch Ultra Lighting HDR Camera l Smart AI Feature,https://www.tokopedia.com/wekoi/huawei-pura-80-ultra-smartphone-ram-16gb-rom-512gb-l-50mp-switchable-dual-telephoto-camera-l-1-inch-ultra-lighting-hdr-camera-l-smart-ai-feature-1732422873952651037-1737164249561270045,Rp17687000,Rp24999000,,,2,wekoi,,2026-10-03 09:42:21.226282
Huawei Pura 90,28% HUAWEI Pura 80 Ultra 80Ultra 80 PRO 80PRO Smartphone | 10x Optical Zoom | 1-inch Sensor | Kunlun Glass | 100W | Smart AI,https://www.tokopedia.com/huaweistoreid/huawei-pura-80-ultra-80ultra-80-pro-80pro-smartphone-10x-optical-zoom-1-inch-sensor-kunlun-glass-100w-smart-ai-1732489925708580524,Rp18777000,Rp25999000,,,7,huaweistoreid,,2026-10-03 09:42:21.229164
Huawei Pura 90,( Special Creator ) Samsung Galaxy Tab S10 Fe Plus 12/256 / S10 Fe 8/128Gb Garansi Resmi Sein New,https://www.tokopedia.com/ini-toko-budi-shop/special-creator-samsung-galaxy-tab-s10-fe-plus-12-256-s10-fe-8-128gb-garansi-resmi-sein-new-1730815309075219943-1737662412529239527,Rp8749000,Rp8750000,,4.9,1rb+,ini-toko-budi-shop,,2026-10-03 09:42:21.231658
Huawei Pura 90,11% [10.10 Mega Sale s/d 15%] HUAWEI Pura 90s Series 12/512GB | 5G | 200MP Telephoto* l True-to-Colour Camera 2.0 l HP AI | 100W | Kunlun Glass,https://www.tokopedia.com/huawei/huawei-pura-90s-series-12-512gb-5g-200mp-telephoto-l-true-to-colour-camera-2-0-l-hp-ai-100w-kunlun-glass-1736767345861035836-1736767348749076284,Rp15994000,Rp17999000,,5.0,17,huawei,,2026-10-03 09:42:21.234203
Huawei Pura 90,Huawei Pura 90s Pro Max 12/512GB Garansi Resmi Indonesia RAM 12GB 512GB,https://www.tokopedia.com/kenken-official-store/huawei-pura-80-pro-12-512gb-garansi-resmi-indonesia-ram-12gb-512gb-80w-fast-charger-8-3mm-tebal-paket-promo-gt-5-black-harga-murah-garansi-1-tahun-1732539191836640286-1737062509368149022,Rp19699000,Rp20500000,,4.9,22,kenken-official-store,,2026-10-03 09:42:21.236656
Huawei Pura 90,Huawei Pura 90s Pro New Segel BNIB 12/512GB Warna Orange,https://www.tokopedia.com/pravdaindonesia/huawei-pura-90s-pro-new-segel-bnib-12-512gb-warna-orange-1737309609018098876-1737309681789600956,Rp13375000,Rp13400000,,,1,pravdaindonesia,,2026-10-03 09:42:21.239148
Huawei Pura 90,(RESMI) Huawei Pura 90s Pro 12/512GB Mulberry Black Guava Soda Orange Soda Coconut White Garansi Resmi indonesia,https://www.tokopedia.com/putra-group/resmi-huawei-pura-90s-pro-12-512gb-mulberry-black-1737461366977430528-1737461451678516224,Rp15999000,,,,1,putra-group,,2026-10-03 09:42:21.241619
Huawei Pura 90,"20% HUAWEI Pura 90s Pro 12/512GB 5G Handphone | 6.6""inch | Kirin 9030S | Kamera Telefoto Makro Ultra Lighting | 6000mAh | Garansi Resmi",https://www.tokopedia.com/pvblicone/huawei-pura-90s-pro-12-512gb-5g-handphone-6-6-inch-kirin-9030s-kamera-telefoto-makro-ultra-lighting-6000mah-garansi-resmi-1737132529841113033-1737395695878113225,Rp13667000,Rp16999000,,,,pvblicone,,2026-10-03 09:42:21.244186
Huawei Pura 90 Pro,11% 【10.10 Mega Sale s/d 20%*】HUAWEI Pura 90s Series 12/512GB | 5G | 200MP Telephoto* l True-to-Colour Camera 2.0 l HP AI | 100W | Kunlun Glass,https://www.tokopedia.com/huawei/segera-hadir-huawei-pura-90s-series-12-512gb-5g-200mp-telephoto-l-true-to-colour-camera-2-0-l-hp-ai-100w-kunlun-glass-1736763179216504636-1736763447294854972,Rp15994000,Rp17999000,,5.0,20,huawei,,2026-10-03 09:38:43.457668
Huawei Pura 90 Pro,28% HUAWEI Pura 80 Ultra 80Ultra 80 PRO 80PRO Smartphone | 10x Optical Zoom | 1-inch Sensor | Kunlun Glass | 100W | Smart AI,https://www.tokopedia.com/huaweistoreid/huawei-pura-80-ultra-80ultra-80-pro-80pro-smartphone-10x-optical-zoom-1-inch-sensor-kunlun-glass-100w-smart-ai-1732489925708580524,Rp18777000,Rp25999000,,,7,huaweistoreid,,2026-10-03 09:38:43.460365
Huawei Pura 90 Pro,29% HUAWEI Pura 80 Ultra Smartphone RAM 16GB ROM 512GB l 50MP Switchable Dual Telephoto Camera l 1-inch Ultra Lighting HDR Camera l Smart AI Feature,https://www.tokopedia.com/wekoi/huawei-pura-80-ultra-smartphone-ram-16gb-rom-512gb-l-50mp-switchable-dual-telephoto-camera-l-1-inch-ultra-lighting-hdr-camera-l-smart-ai-feature-1732422873952651037-1737164249561270045,Rp17687000,Rp24999000,,,2,wekoi,,2026-10-03 09:38:43.464797
Huawei Pura 90 Pro,( Special Creator ) Samsung Galaxy Tab S10 Fe Plus 12/256 / S10 Fe 8/128Gb Garansi Resmi Sein New,https://www.tokopedia.com/ini-toko-budi-shop/special-creator-samsung-galaxy-tab-s10-fe-plus-12-256-s10-fe-8-128gb-garansi-resmi-sein-new-1730815309075219943-1737662412529239527,Rp8749000,Rp8750000,,4.9,1rb+,ini-toko-budi-shop,,2026-10-03 09:38:43.467532
Huawei Pura 90 Pro,Huawei Pura 90s Pro Max 12/512GB Garansi Resmi Indonesia RAM 12GB 512GB,https://www.tokopedia.com/kenken-official-store/huawei-pura-80-pro-12-512gb-garansi-resmi-indonesia-ram-12gb-512gb-80w-fast-charger-8-3mm-tebal-paket-promo-gt-5-black-harga-murah-garansi-1-tahun-1732539191836640286-1737062509368149022,Rp19699000,Rp20500000,,4.9,22,kenken-official-store,,2026-10-03 09:38:43.470361
Huawei Pura 90 Pro,Huawei Pura 90s Pro New Segel BNIB 12/512GB Warna Orange,https://www.tokopedia.com/pravdaindonesia/huawei-pura-90s-pro-new-segel-bnib-12-512gb-warna-orange-1737309609018098876-1737309681789600956,Rp13375000,Rp13400000,,,1,pravdaindonesia,,2026-10-03 09:38:43.473369
Huawei Pura 90 Pro,"20% HUAWEI Pura 90s Pro 12/512GB 5G Handphone | 6.6""inch | Kirin 9030S | Kamera Telefoto Makro Ultra Lighting | 6000mAh | Garansi Resmi",https://www.tokopedia.com/pvblicone/huawei-pura-90s-pro-12-512gb-5g-handphone-6-6-inch-kirin-9030s-kamera-telefoto-makro-ultra-lighting-6000mah-garansi-resmi-1737132529841113033-1737395695878113225,Rp13667000,Rp16999000,,,,pvblicone,,2026-10-03 09:38:43.476168
Huawei Pura 90 Pro,HUAWEI Pura 90s PRO Series 12/512GB | 5G | 200MP Telephoto l True-to-Colour Camera 2.0,https://www.tokopedia.com/officialsentraponsel/huawei-pura-90s-pro-series-12-512gb-5g-200mp-telephoto-l-true-to-colour-camera-2-0-1737660485158863953-1737660915680511057,Rp15499000,Rp16999000,,,,officialsentraponsel,,2026-10-03 09:38:43.481152
Huawei Pura 90 Pro,11% HUAWEI SMARTPHONE PURA 90S PRO SERIES 12GB/256GB | FREE HUAWEI WATCH FIT 4 | 1 YEAR HUAWEI CARE+,https://www.tokopedia.com/it-galeri-ambasador-new/huawei-smartphone-pura-90s-pro-series-free-huawei-watch-fit-4-1-year-huawei-care-1737749262004946736-1737749433931695920,Rp14249000,Rp15999000,,,,it-galeri-ambasador-new,,2026-10-03 09:38:43.484489
Huawei Pura 90 Pro Max,11% 【10.10 Mega Sale s/d 20%*】HUAWEI Pura 90s Series 12/512GB | 5G | 200MP Telephoto* l True-to-Colour Camera 2.0 l HP AI | 100W | Kunlun Glass,https://www.tokopedia.com/huawei/segera-hadir-huawei-pura-90s-series-12-512gb-5g-200mp-telephoto-l-true-to-colour-camera-2-0-l-hp-ai-100w-kunlun-glass-1736763179216504636-1736763447294854972,Rp15994000,Rp17999000,,5.0,20,huawei,,2026-10-03 09:34:35.761470
Huawei Pura 90 Pro Max,Huawei Pura 90s Pro Max 12/512GB Garansi Resmi Indonesia RAM 12GB 512GB,https://www.tokopedia.com/kenken-official-store/huawei-pura-80-pro-12-512gb-garansi-resmi-indonesia-ram-12gb-512gb-80w-fast-charger-8-3mm-tebal-paket-promo-gt-5-black-harga-murah-garansi-1-tahun-1732539191836640286-1737062509368149022,Rp19699000,Rp20500000,,4.9,22,kenken-official-store,,2026-10-03 09:34:35.765068
Huawei Pura 90 Pro Max,29% HUAWEI Pura 80 Ultra Smartphone RAM 16GB ROM 512GB l 50MP Switchable Dual Telephoto Camera l 1-inch Ultra Lighting HDR Camera l Smart AI Feature,https://www.tokopedia.com/wekoi/huawei-pura-80-ultra-smartphone-ram-16gb-rom-512gb-l-50mp-switchable-dual-telephoto-camera-l-1-inch-ultra-lighting-hdr-camera-l-smart-ai-feature-1732422873952651037-1737164249561270045,Rp17687000,Rp24999000,,,2,wekoi,,2026-10-03 09:34:35.768563
Huawei Pura 90 Pro Max,28% HUAWEI Pura 80 Ultra 80Ultra 80 PRO 80PRO Smartphone | 10x Optical Zoom | 1-inch Sensor | Kunlun Glass | 100W | Smart AI,https://www.tokopedia.com/huaweistoreid/huawei-pura-80-ultra-80ultra-80-pro-80pro-smartphone-10x-optical-zoom-1-inch-sensor-kunlun-glass-100w-smart-ai-1732489925708580524,Rp18777000,Rp25999000,,,7,huaweistoreid,,2026-10-03 09:34:35.771264
Huawei Pura 90 Pro Max,41% Huawei Pura 90s Pro Max 12/512GB Garansi Resmi,https://www.tokopedia.com/digitechmall/huawei-nova-14-pro-12-512gb-garansi-resmi-1731123525144970867-1737249295735031411,Rp15302000,Rp25999000,,5.0,100+,digitechmall,,2026-10-03 09:34:35.774386
Huawei Pura 90 Pro Max,20% ITEL SUPER 26 ULTRA - T7300 Ultra Gaming Processor - Corning Gorilla 7i - IP65 - 3D Curved Amoled Screen- 32MP Selfie Camera - 6000mAH,https://www.tokopedia.com/itel-official-store/itel-super-26-ultra-t7300-ultra-gaming-processor-corning-gorilla-7i-ip65-3d-curved-amoled-screen-32mp-selfie-camera-6000mah-1732321706642081780-1736867473932060660,Rp3199000,Rp3999000,,4.8,5rb+,itel-official-store,,2026-10-03 09:34:35.777510
Huawei Pura 90 Pro Max,Tecno Camon 50 Pro 5G 8/256GB 12/256GB 12/512GB,https://www.tokopedia.com/myfon-teleshop/tecno-camon-40-pro-5g-8-256gb-12-256gb-garansi-resmi-tecno-indonesia-1731418975294883461-1737750078841652869,Rp5395000,Rp5699000,,4.9,1rb+,myfon-teleshop,,2026-10-03 09:34:35.780717
Huawei Pura 90 Pro Max,12% Huawei Pura 90s Pro Max - Pura 90s Pro 12/512GB Garansi Resmi,https://www.tokopedia.com/milano-cell/huawei-nova-14-pro-smartphone-l-true-to-life-color-camera-garansi-resmi-1730809964676416535-1737247723605296151,Rp14999000,Rp16999000,,5.0,19,milano-cell,,2026-10-03 09:34:35.783994
Huawei Pura 90 Pro Max,45% HUAWEI Pura 90s Pro Max Series 12/512GB | 5G | 200MP Telephoto* l True-to-Colour Camera 2.0 l HP AI | 100Watt | Kunlun Glass Resmi,https://www.tokopedia.com/wekoi/huawei-pura-90s-pro-max-series-12-512gb-5g-200mp-telephoto-l-true-to-colour-camera-2-0-l-hp-ai-100watt-kunlun-glass-resmi-1737048296574584605-1737393675688642333,Rp13667000,Rp25000000,,,,wekoi,,2026-10-03 09:34:35.786990
Huawei Pura 90s Pro,Huawei Pura 90s Pro New Segel BNIB 12/512GB Warna Orange,https://www.tokopedia.com/pravdaindonesia/huawei-pura-90s-pro-new-segel-bnib-12-512gb-warna-orange-1737309609018098876-1737309681789600956,Rp13375000,Rp13400000,,,1,pravdaindonesia,,2026-10-01 07:15:43.551234
Huawei Pura 90s Pro,12% Huawei Pura 90s Pro Max - Pura 90s Pro 12/512GB Garansi Resmi,https://www.tokopedia.com/milano-cell/huawei-nova-14-pro-smartphone-l-true-to-life-color-camera-garansi-resmi-1730809964676416535-1737247723605296151,Rp14999000,Rp16999000,,5.0,19,milano-cell,,2026-10-01 07:15:43.554571
Huawei Pura 90s Pro,HUAWEI Pura 90s PRO Series 12/512GB | 5G | 200MP Telephoto l True-to-Colour Camera 2.0,https://www.tokopedia.com/officialsentraponsel/huawei-pura-90s-pro-series-12-512gb-5g-200mp-telephoto-l-true-to-colour-camera-2-0-1737660485158863953-1737660915680511057,Rp15499000,Rp16999000,,,,officialsentraponsel,,2026-10-01 07:15:43.557566
Huawei Pura 90s Pro,(RESMI) Huawei Pura 90s Pro Max ProMax 12/512GB Orange Ocean Blush Gold Graphite Black Garansi Resmi Indonesia 1 Tahun,https://www.tokopedia.com/putra-group/resmi-huawei-pura-90s-pro-max-12-512gb-orange-ocean-1737460464993600512-1737460484800021504,Rp20999000,,,,,putra-group,,2026-10-01 07:15:43.560249
Huawei Pura 90s Pro,(RESMI) Huawei Pura 90s Pro 12/512GB Mulberry Black Guava Soda Orange Soda Coconut White Garansi Resmi indonesia,https://www.tokopedia.com/putra-group/resmi-huawei-pura-90s-pro-12-512gb-mulberry-black-1737461366977430528-1737461451678516224,Rp15999000,,,,1,putra-group,,2026-10-01 07:15:43.562754
Huawei Pura 90s Pro,Huawei Pura 90s Pro 90s Pro Max,https://www.tokopedia.com/dacel/huawei-pura-90s-pro-90s-pro-max-1737328494593673036-1737328503297836876,Rp13700000,,,,,dacel,,2026-10-01 07:15:43.565332
Huawei Pura 90s Pro,"Huawei Pura 90s Pro 12/512GB 5G [200MP Telephoto, True-to-Colour Camera, Kunlun Glass] - Garansi Resmi",https://www.tokopedia.com/maju-hardwareid/huawei-pura-90s-pro-12-512gb-5g-200mp-telephoto-true-to-colour-camera-kunlun-glass-garansi-resmi-1737574057136457032-1737574055759480136,Rp15999000,,,,,maju-hardwareid,,2026-10-01 07:15:43.567970
Huawei Pura 90s Pro,Huawei Pura 90S Pro 5G 256 512 - GARANSI RESMI INDONESIA black hitam orange putih,https://www.tokopedia.com/societyshop/huawei-pura-90s-pro-5g-256-512-garansi-resmi-indonesia-black-hitam-orange-putih-1737495394323432774-1737495400816805190,Rp11200000,,,,1,societyshop,,2026-10-01 07:15:43.571393
Huawei Pura 90s Pro,Huawei Pura 90S Pro 5G 12/512gb Like New Open Box Garansi On 9 2027,https://www.tokopedia.com/latansacsmalang/huawei-pura-90s-pro-5g-12-512gb-like-new-open-box-garansi-on-9-2027-1737517344377112117,Rp12950000,Rp13000000,,,,latansacsmalang,,2026-10-01 07:15:43.574933
Huawei Pura 90s Pro,Huawei Pura 90s Pro 5G 12/ 512gb New Baru Garansi 1 Tahun Free Huawei Watch Fit 4,https://www.tokopedia.com/latansacsmalang/samsung-a35-resmi-sein-8-256-gb-fullset-original-sein-resmi-no-minus-siap-pakai-1731185863361463861,Rp14450000,Rp14500000,,5.0,2,latansacsmalang,,2026-10-01 07:15:43.577574
Huawei nova 15 Max,"25% NEW LAUNCH HONOR X6c 6GB+256GB (Moonlight White / Midnight Black) - Storage Luas 256GB, 50MP , 5300mAh 35W Fitur Magic Capsule, Desain Stylish & Modern, Smartphone Handal Value for Money",https://www.tokopedia.com/honor-official-store/new-launch-honor-x6c-5300-mah-baterai-besar-6gb-256gb-50-mp-kamera-utama-5-mp-kamera-selfie-ai-button-creation-1736085646690650035-1736086159122794419,Rp2999000,Rp3999000,,5.0,21,honor-official-store,,2026-10-03 09:25:37.216401
Huawei nova 15 Max,20% ITEL SUPER 26 ULTRA - T7300 Ultra Gaming Processor - Corning Gorilla 7i - IP65 - 3D Curved Amoled Screen- 32MP Selfie Camera - 6000mAH,https://www.tokopedia.com/itel-official-store/itel-super-26-ultra-t7300-ultra-gaming-processor-corning-gorilla-7i-ip65-3d-curved-amoled-screen-32mp-selfie-camera-6000mah-1732321706642081780-1736867473932060660,Rp3199000,Rp3999000,,4.8,5rb+,itel-official-store,,2026-10-03 09:25:37.222117
Huawei nova 15 Max,11% 【10.10 Mega Sale s/d 20%*】HUAWEI Pura 90s Series 12/512GB | 5G | 200MP Telephoto* l True-to-Colour Camera 2.0 l HP AI | 100W | Kunlun Glass,https://www.tokopedia.com/huawei/segera-hadir-huawei-pura-90s-series-12-512gb-5g-200mp-telephoto-l-true-to-colour-camera-2-0-l-hp-ai-100w-kunlun-glass-1736763179216504636-1736763447294854972,Rp15994000,Rp17999000,,5.0,20,huawei,,2026-10-03 09:25:37.224817
Huawei nova 15 Max,NUBIA FOCUS 2 5G 8/256 GB GARANSI RESMI NUBIA FOCUS 2 5G RAM UP TO 20 GB,https://www.tokopedia.com/gadget-ind-store-/nubia-focus-2-5g-8-256-gb-garansi-resmi-nubia-focus-2-5g-ram-up-to-20-gb-1732021019236730752,Rp2599000,,,,30+,gadget-ind-store-,,2026-10-03 09:25:37.227269
Huawei nova 15 Max,HUAWEI NOVA 14 PRO 12/512 GB RESMI,https://www.tokopedia.com/dison-cell/huawei-nova-14-pro-12-512-gb-resmi-1737681935437825633,Rp6500000,,,,,dison-cell,,2026-10-03 09:25:37.229757
Huawei nova 15 Max,"[MajuHardware] - Huawei Nova 14 Pro 12/512GB [50 MP Front Dual Camera, AI Best Expression, 6.78"" Quad-curved Display] - Garansi Resmi",https://www.tokopedia.com/maju-hardwareid/majuhardware-huawei-nova-14-pro-12-512gb-50-mp-front-dual-camera-ai-best-expression-6-78-quad-curved-display-garansi-resmi-1734212611534259528,Rp8499000,,,,,maju-hardwareid,,2026-10-03 09:25:37.232486
Huawei nova 15 Max,huawei nova 14 pro ram 12/512gb dualsim no minus resmi indo,https://www.tokopedia.com/bekasion/huawei-nova-14-pro-ram-12-512gb-dualsim-no-minus-resmi-indo-1737480817194927918,Rp5775000,Rp5800000,,,,bekasion,,2026-10-03 09:25:37.235177
Huawei nova 15 Max,Huawei Nova 14 Pro Ram 12 internal 512 gb garansi juli 2027,https://www.tokopedia.com/hanaficell-1/huawei-nova-14-pro-ram-12-internal-512-gb-garansi-juli-2027-1737500222480418108,Rp6900000,,,,,hanaficell-1,,2026-10-03 09:25:37.237919
Huawei nova 15 Max,HUAWEI NOVA 14 PRO 12/512 GB RESMI INDO NO MINUS,https://www.tokopedia.com/divapkeyshastore/huawei-nova-14-pro-12-512-gb-resmi-indo-no-minus-1737480826869679570,Rp6374999,Rp6399999,,,,divapkeyshastore,,2026-10-03 09:25:37.240493
Huawei nova 15 Max,Huawei nova 14 pro 512gb Rom 12gb ram original,https://www.tokopedia.com/indramjazz/huawei-nova-14-pro-512gb-rom-12gb-ram-original-1737512059090011201,Rp5800000,,,5.0,4,indramjazz,,2026-10-03 09:25:37.243235
Huawei nova 15 Ultra,29% HUAWEI Pura 80 Ultra Smartphone RAM 16GB ROM 512GB l 50MP Switchable Dual Telephoto Camera l 1-inch Ultra Lighting HDR Camera l Smart AI Feature,https://www.tokopedia.com/wekoi/huawei-pura-80-ultra-smartphone-ram-16gb-rom-512gb-l-50mp-switchable-dual-telephoto-camera-l-1-inch-ultra-lighting-hdr-camera-l-smart-ai-feature-1732422873952651037-1737164249561270045,Rp17687000,Rp24999000,,,2,wekoi,,2026-10-03 10:16:25.963319
Huawei nova 15 Ultra,11% 【10.10 Mega Sale s/d 20%*】HUAWEI Pura 90s Series 12/512GB | 5G | 200MP Telephoto* l True-to-Colour Camera 2.0 l HP AI | 100W | Kunlun Glass,https://www.tokopedia.com/huawei/segera-hadir-huawei-pura-90s-series-12-512gb-5g-200mp-telephoto-l-true-to-colour-camera-2-0-l-hp-ai-100w-kunlun-glass-1736763179216504636-1736763447294854972,Rp15994000,Rp17999000,,5.0,20,huawei,,2026-10-03 10:16:25.969164
Huawei nova 15 Ultra,"25% NEW LAUNCH HONOR X6c 6GB+256GB (Moonlight White / Midnight Black) - Storage Luas 256GB, 50MP , 5300mAh 35W Fitur Magic Capsule, Desain Stylish & Modern, Smartphone Handal Value for Money",https://www.tokopedia.com/honor-official-store/new-launch-honor-x6c-5300-mah-baterai-besar-6gb-256gb-50-mp-kamera-utama-5-mp-kamera-selfie-ai-button-creation-1736085646690650035-1736086159122794419,Rp2999000,Rp3999000,,5.0,21,honor-official-store,,2026-10-03 10:16:25.971995
Huawei nova 15 Ultra,NUBIA FOCUS 2 5G 8/256 GB GARANSI RESMI NUBIA FOCUS 2 5G RAM UP TO 20 GB,https://www.tokopedia.com/gadget-ind-store-/nubia-focus-2-5g-8-256-gb-garansi-resmi-nubia-focus-2-5g-ram-up-to-20-gb-1732021019236730752,Rp2599000,,,,30+,gadget-ind-store-,,2026-10-03 10:16:25.974617
Huawei nova 15 Ultra,13% [EXCLUSIVE CREATOR] nubia NEO 5 GT MVP Edition RAM 12GB ROM 256 GB Built in Air Cooling Fan 80W Fast Charging 550Hz Neo Triggers Handphone Gaming Garansi Resmi Android,https://www.tokopedia.com/nubiaofficialstore/new-launching-nubia-neo-5-gt-mvp-edition-ram-12gb-rom-256-gb-built-in-air-cooling-fan-80w-fast-charging-550hz-neo-triggers-handphone-gaming-garansi-resmi-android-1736534464246351683,Rp6099000,Rp6999000,,5.0,6,nubiaofficialstore,,2026-10-03 10:16:25.977055
Huawei nova 15 Ultra,Tecno Camon 50 Pro 5G 8/256GB 12/256GB 12/512GB,https://www.tokopedia.com/myfon-teleshop/tecno-camon-40-pro-5g-8-256gb-12-256gb-garansi-resmi-tecno-indonesia-1731418975294883461-1737750078841652869,Rp5395000,Rp5699000,,4.9,1rb+,myfon-teleshop,,2026-10-03 10:16:25.979576
Huawei nova 15 Ultra,HUAWEI NOVA 14 PRO 12/512 GB RESMI,https://www.tokopedia.com/dison-cell/huawei-nova-14-pro-12-512-gb-resmi-1737681935437825633,Rp6500000,,,,,dison-cell,,2026-10-03 10:16:25.982041
Huawei nova 15 Ultra,31% [10.10 Mega Sale s/d 15%] HUAWEI Pura 80 Ultra Smartphone | 10x Optical Zoom | 1-inch Sensor | Kunlun Glass | 100W | Smart AI,https://www.tokopedia.com/huawei/huawei-pura-80-ultra-smartphone-10x-optical-zoom-1-inch-sensor-kunlun-glass-100w-smart-ai-1733630517845985084,Rp17994000,Rp25999000,,5.0,100+,huawei,,2026-10-03 10:16:25.984566
Huawei nova 15 Ultra,"[MajuHardware] - Huawei Nova 14 Pro 12/512GB [50 MP Front Dual Camera, AI Best Expression, 6.78"" Quad-curved Display] - Garansi Resmi",https://www.tokopedia.com/maju-hardwareid/majuhardware-huawei-nova-14-pro-12-512gb-50-mp-front-dual-camera-ai-best-expression-6-78-quad-curved-display-garansi-resmi-1734212611534259528,Rp8499000,,,,,maju-hardwareid,,2026-10-03 10:16:25.987106
Huawei nova 15 Ultra,huawei nova 14 pro ram 12/512gb dualsim no minus resmi indo,https://www.tokopedia.com/bekasion/huawei-nova-14-pro-ram-12-512gb-dualsim-no-minus-resmi-indo-1737480817194927918,Rp5775000,Rp5800000,,,,bekasion,,2026-10-03 10:16:25.989502
Huawei nova 16,ZTE Nubia A76 5G [8/128 GB] Garansi Indonesia,https://www.tokopedia.com/duniagadgetku/zte-nubia-a76-5g-8-128-gb-garansi-indonesia-1734333828422993723,Rp2498500,Rp2499000,,5.0,40+,duniagadgetku,,2026-10-03 09:07:01.360268
Huawei nova 16,"25% NEW LAUNCH HONOR X6c 6GB+256GB (Moonlight White / Midnight Black) - Storage Luas 256GB, 50MP , 5300mAh 35W Fitur Magic Capsule, Desain Stylish & Modern, Smartphone Handal Value for Money",https://www.tokopedia.com/honor-official-store/new-launch-honor-x6c-5300-mah-baterai-besar-6gb-256gb-50-mp-kamera-utama-5-mp-kamera-selfie-ai-button-creation-1736085646690650035-1736086159122794419,Rp2999000,Rp3999000,,5.0,21,honor-official-store,,2026-10-03 09:07:01.363717
Huawei nova 16,Huawei Pura 80 Ultra 16/512GB Gold - Layar Mulus Kamera Terbaik Garansi Resmi Sampai September 2027 + Proteksi Layar,https://www.tokopedia.com/vwnstore/huawei-pura-80-ultra-16-512gb-gold-1737622519570531815,Rp12999000,,,,,vwnstore,,2026-10-03 09:07:01.366260
Huawei nova 16,HUAWEI NOVA 14 PRO 12/512 GB RESMI,https://www.tokopedia.com/dison-cell/huawei-nova-14-pro-12-512-gb-resmi-1737681935437825633,Rp6500000,,,,,dison-cell,,2026-10-03 09:07:01.369100
Huawei nova 16,Huawei Pura 80 Ultra 16/512Gb Black Dualsim Ex Resmi Indo,https://www.tokopedia.com/yoeday/huawei-pura-80-ultra-16-512gb-black-dualsim-ex-resmi-indo-1737771367755450272,Rp12375000,,,,,yoeday,,2026-10-03 09:07:01.373530
Huawei nova 16,20% ITEL SUPER 26 ULTRA - T7300 Ultra Gaming Processor - Corning Gorilla 7i - IP65 - 3D Curved Amoled Screen- 32MP Selfie Camera - 6000mAH,https://www.tokopedia.com/itel-official-store/itel-super-26-ultra-t7300-ultra-gaming-processor-corning-gorilla-7i-ip65-3d-curved-amoled-screen-32mp-selfie-camera-6000mah-1732321706642081780-1736867473932060660,Rp3199000,Rp3999000,,4.8,5rb+,itel-official-store,,2026-10-03 09:07:01.377120
Huawei nova 16,"[MajuHardware] - Huawei Nova 14 Pro 12/512GB [50 MP Front Dual Camera, AI Best Expression, 6.78"" Quad-curved Display] - Garansi Resmi",https://www.tokopedia.com/maju-hardwareid/majuhardware-huawei-nova-14-pro-12-512gb-50-mp-front-dual-camera-ai-best-expression-6-78-quad-curved-display-garansi-resmi-1734212611534259528,Rp8499000,,,,,maju-hardwareid,,2026-10-03 09:07:01.380181
Huawei nova 16,huawei nova 14 pro ram 12/512gb dualsim no minus resmi indo,https://www.tokopedia.com/bekasion/huawei-nova-14-pro-ram-12-512gb-dualsim-no-minus-resmi-indo-1737480817194927918,Rp5775000,Rp5800000,,,,bekasion,,2026-10-03 09:07:01.382905
Huawei nova 16,Huawei Nova 14 Pro Ram 12 internal 512 gb garansi juli 2027,https://www.tokopedia.com/hanaficell-1/huawei-nova-14-pro-ram-12-internal-512-gb-garansi-juli-2027-1737500222480418108,Rp6900000,,,,,hanaficell-1,,2026-10-03 09:07:01.385509
Huawei nova 16,HUAWEI NOVA 14 PRO 12/512 GB RESMI INDO NO MINUS,https://www.tokopedia.com/divapkeyshastore/huawei-nova-14-pro-12-512-gb-resmi-indo-no-minus-1737480826869679570,Rp6374999,Rp6399999,,,,divapkeyshastore,,2026-10-03 09:07:01.388257
Huawei nova 16 Pro,"25% NEW LAUNCH HONOR X6c 6GB+256GB (Moonlight White / Midnight Black) - Storage Luas 256GB, 50MP , 5300mAh 35W Fitur Magic Capsule, Desain Stylish & Modern, Smartphone Handal Value for Money",https://www.tokopedia.com/honor-official-store/new-launch-honor-x6c-5300-mah-baterai-besar-6gb-256gb-50-mp-kamera-utama-5-mp-kamera-selfie-ai-button-creation-1736085646690650035-1736086159122794419,Rp2999000,Rp3999000,,5.0,21,honor-official-store,,2026-10-03 08:41:04.149963
Huawei nova 16 Pro,20% ITEL SUPER 26 ULTRA - T7300 Ultra Gaming Processor - Corning Gorilla 7i - IP65 - 3D Curved Amoled Screen- 32MP Selfie Camera - 6000mAH,https://www.tokopedia.com/itel-official-store/itel-super-26-ultra-t7300-ultra-gaming-processor-corning-gorilla-7i-ip65-3d-curved-amoled-screen-32mp-selfie-camera-6000mah-1732321706642081780-1736867473932060660,Rp3199000,Rp3999000,,4.8,5rb+,itel-official-store,,2026-10-03 08:41:04.153877
Huawei nova 16 Pro,11% 【10.10 Mega Sale s/d 20%*】HUAWEI Pura 90s Series 12/512GB | 5G | 200MP Telephoto* l True-to-Colour Camera 2.0 l HP AI | 100W | Kunlun Glass,https://www.tokopedia.com/huawei/segera-hadir-huawei-pura-90s-series-12-512gb-5g-200mp-telephoto-l-true-to-colour-camera-2-0-l-hp-ai-100w-kunlun-glass-1736763179216504636-1736763447294854972,Rp15994000,Rp17999000,,5.0,20,huawei,,2026-10-03 08:41:04.157069
Huawei nova 16 Pro,43% ZTE NUBIA V80 MAX 6GB/128GB & 8GB/128GB GARANSI RESMI - SMARTPHONE Layar Screen,https://www.tokopedia.com/mahkota-accessories/zte-nubia-v80-max-6gb-128gb-8gb-128gb-garansi-resmi-smartphone-1731381430848488652-1737560348272002252,Rp2183000,Rp3800000,,4.8,750+,mahkota-accessories,,2026-10-03 08:41:04.160074
Huawei nova 16 Pro,ZTE Nubia A76 5G [8/128 GB] Garansi Indonesia,https://www.tokopedia.com/duniagadgetku/zte-nubia-a76-5g-8-128-gb-garansi-indonesia-1734333828422993723,Rp2498500,Rp2499000,,5.0,40+,duniagadgetku,,2026-10-03 08:41:04.163302
Huawei nova 16 Pro,HUAWEI NOVA 14 PRO 12/512 GB RESMI,https://www.tokopedia.com/dison-cell/huawei-nova-14-pro-12-512-gb-resmi-1737681935437825633,Rp6500000,,,,,dison-cell,,2026-10-03 08:41:04.166325
Huawei nova 16 Pro,17% NUBIA V80 Max 6GB/128GB 8GB/128GB - Garansi Resmi Nasional,https://www.tokopedia.com/indahponsel/zte-nubia-v80-max-6gb-128gb-8gb-128gb-garansi-resmi-nasional-1734226835484673613-1737591557839750733,Rp2160000,Rp2615000,,4.9,1rb+,indahponsel,,2026-10-03 08:41:04.168921
Huawei nova 16 Pro,HUAWEI NOVA 14 PRO 12/512GB BLACK FULLSET,https://www.tokopedia.com/gadget-online/huawei-nova-14-pro-12-512gb-black-fullset-1737468246012888790,Rp7875000,Rp7900000,,,,gadget-online,,2026-10-03 08:41:04.172298
Huawei nova 16 Pro,Huawei Pura 80 Ultra 16/512GB Gold - Layar Mulus Kamera Terbaik Garansi Resmi Sampai September 2027 + Proteksi Layar,https://www.tokopedia.com/vwnstore/huawei-pura-80-ultra-16-512gb-gold-1737622519570531815,Rp12999000,,,,,vwnstore,,2026-10-03 08:41:04.175053
Huawei nova 16 Pro,"[MajuHardware] - Huawei Nova 14 Pro 12/512GB [50 MP Front Dual Camera, AI Best Expression, 6.78"" Quad-curved Display] - Garansi Resmi",https://www.tokopedia.com/maju-hardwareid/majuhardware-huawei-nova-14-pro-12-512gb-50-mp-front-dual-camera-ai-best-expression-6-78-quad-curved-display-garansi-resmi-1734212611534259528,Rp8499000,,,,,maju-hardwareid,,2026-10-03 08:41:04.178154
Huawei nova 16 Ultra,11% 【10.10 Mega Sale s/d 20%*】HUAWEI Pura 90s Series 12/512GB | 5G | 200MP Telephoto* l True-to-Colour Camera 2.0 l HP AI | 100W | Kunlun Glass,https://www.tokopedia.com/huawei/segera-hadir-huawei-pura-90s-series-12-512gb-5g-200mp-telephoto-l-true-to-colour-camera-2-0-l-hp-ai-100w-kunlun-glass-1736763179216504636-1736763447294854972,Rp15994000,Rp17999000,,5.0,20,huawei,,2026-10-03 08:36:29.971380
Huawei nova 16 Ultra,"25% NEW LAUNCH HONOR X6c 6GB+256GB (Moonlight White / Midnight Black) - Storage Luas 256GB, 50MP , 5300mAh 35W Fitur Magic Capsule, Desain Stylish & Modern, Smartphone Handal Value for Money",https://www.tokopedia.com/honor-official-store/new-launch-honor-x6c-5300-mah-baterai-besar-6gb-256gb-50-mp-kamera-utama-5-mp-kamera-selfie-ai-button-creation-1736085646690650035-1736086159122794419,Rp2999000,Rp3999000,,5.0,21,honor-official-store,,2026-10-03 08:36:29.974502
Huawei nova 16 Ultra,20% ITEL SUPER 26 ULTRA - T7300 Ultra Gaming Processor - Corning Gorilla 7i - IP65 - 3D Curved Amoled Screen- 32MP Selfie Camera - 6000mAH,https://www.tokopedia.com/itel-official-store/itel-super-26-ultra-t7300-ultra-gaming-processor-corning-gorilla-7i-ip65-3d-curved-amoled-screen-32mp-selfie-camera-6000mah-1732321706642081780-1736867473932060660,Rp3199000,Rp3999000,,4.8,5rb+,itel-official-store,,2026-10-03 08:36:29.976999
Huawei nova 16 Ultra,17% NUBIA V80 Max 6GB/128GB 8GB/128GB - Garansi Resmi Nasional,https://www.tokopedia.com/indahponsel/zte-nubia-v80-max-6gb-128gb-8gb-128gb-garansi-resmi-nasional-1734226835484673613-1737591557839750733,Rp2160000,Rp2615000,,4.9,1rb+,indahponsel,,2026-10-03 08:36:29.979389
Huawei nova 16 Ultra,43% ZTE NUBIA V80 MAX 6GB/128GB & 8GB/128GB GARANSI RESMI - SMARTPHONE Layar Screen,https://www.tokopedia.com/mahkota-accessories/zte-nubia-v80-max-6gb-128gb-8gb-128gb-garansi-resmi-smartphone-1731381430848488652-1737560348272002252,Rp2183000,Rp3800000,,4.8,750+,mahkota-accessories,,2026-10-03 08:36:29.981800
Huawei nova 16 Ultra,NUBIA FOCUS 2 5G 8/256 GB GARANSI RESMI NUBIA FOCUS 2 5G RAM UP TO 20 GB,https://www.tokopedia.com/gadget-ind-store-/nubia-focus-2-5g-8-256-gb-garansi-resmi-nubia-focus-2-5g-ram-up-to-20-gb-1732021019236730752,Rp2599000,,,,30+,gadget-ind-store-,,2026-10-03 08:36:29.984549
Huawei nova 16 Ultra,13% [EXCLUSIVE CREATOR] nubia NEO 5 GT MVP Edition RAM 12GB ROM 256 GB Built in Air Cooling Fan 80W Fast Charging 550Hz Neo Triggers Handphone Gaming Garansi Resmi Android,https://www.tokopedia.com/nubiaofficialstore/new-launching-nubia-neo-5-gt-mvp-edition-ram-12gb-rom-256-gb-built-in-air-cooling-fan-80w-fast-charging-550hz-neo-triggers-handphone-gaming-garansi-resmi-android-1736534464246351683,Rp6099000,Rp6999000,,5.0,6,nubiaofficialstore,,2026-10-03 08:36:29.987582
Huawei nova 16 Ultra,ZTE NUBIA NEO 3 5G SMARTPHONE GAMING RAM 8/256GB 6000MAH AMOLED 120HZ GARANSI RESMI,https://www.tokopedia.com/indo-line/zte-nubia-neo-3-5g-smartphone-gaming-ram-8-256gb-6000mah-amoled-120hz-garansi-resmi-1733966155411850810,Rp3000000,,,,18,indo-line,,2026-10-03 08:36:29.990023
Huawei nova 16 Ultra,Honor magic 6 pro 5G ram 16/512gb china version,https://www.tokopedia.com/revolution2023/honor-magic-6-pro-5g-ram-12-512gb-china-version-1737579974091507687,Rp8700000,,,,,revolution2023,,2026-10-03 08:36:29.992422
Huawei nova 16s Pro,"25% NEW LAUNCH HONOR X6c 6GB+256GB (Moonlight White / Midnight Black) - Storage Luas 256GB, 50MP , 5300mAh 35W Fitur Magic Capsule, Desain Stylish & Modern, Smartphone Handal Value for Money",https://www.tokopedia.com/honor-official-store/new-launch-honor-x6c-5300-mah-baterai-besar-6gb-256gb-50-mp-kamera-utama-5-mp-kamera-selfie-ai-button-creation-1736085646690650035-1736086159122859955,Rp2999000,Rp3999000,,5.0,19,honor-official-store,,2026-10-01 06:53:09.840572
Huawei nova 16s Pro,ZTE Nubia A76 5G [8/128 GB] Garansi Indonesia,https://www.tokopedia.com/duniagadgetku/zte-nubia-a76-5g-8-128-gb-garansi-indonesia-1734333828422993723,Rp2498500,Rp2499000,,5.0,40+,duniagadgetku,,2026-10-01 06:53:09.847104
Huawei nova 16s Pro,43% ZTE NUBIA V80 MAX 6GB/128GB & 8GB/128GB GARANSI RESMI - SMARTPHONE Layar Screen,https://www.tokopedia.com/mahkota-accessories/zte-nubia-v80-max-6gb-128gb-8gb-128gb-garansi-resmi-smartphone-1731381430848488652-1737560348272002252,Rp2183000,Rp3800000,,4.8,750+,mahkota-accessories,,2026-10-01 06:53:09.851030
Huawei nova 16s Pro,NUBIA FOCUS 2 5G 8/256 GB GARANSI RESMI NUBIA FOCUS 2 5G RAM UP TO 20 GB,https://www.tokopedia.com/gadget-ind-store-/nubia-focus-2-5g-8-256-gb-garansi-resmi-nubia-focus-2-5g-ram-up-to-20-gb-1732021019236730752,Rp2599000,,,,30+,gadget-ind-store-,,2026-10-01 06:53:09.854869
Huawei nova 16s Pro,HUAWEI NOVA 14 PRO 12/512 GB RESMI,https://www.tokopedia.com/dison-cell/huawei-nova-14-pro-12-512-gb-resmi-1737681935437825633,Rp6500000,,,,,dison-cell,,2026-10-01 06:53:09.858755
Huawei nova 16s Pro,HUAWEI NOVA 14 PRO 12/512GB BLACK FULLSET,https://www.tokopedia.com/gadget-online/huawei-nova-14-pro-12-512gb-black-fullset-1737468246012888790,Rp7875000,Rp7900000,,,,gadget-online,,2026-10-01 06:53:09.862202
Huawei nova 16s Pro,Huawei P40 Pro+ 8/256GB Resmi Indonesia,https://www.tokopedia.com/fajriramadhan666/huawei-p40-pro-8-256gb-resmi-indonesia-1737447418904151218,Rp5075000,Rp5100000,,,,fajriramadhan666,,2026-10-01 06:53:09.865724
Huawei nova 16s Pro,"[MajuHardware] - Huawei Nova 14 Pro 12/512GB [50 MP Front Dual Camera, AI Best Expression, 6.78"" Quad-curved Display] - Garansi Resmi",https://www.tokopedia.com/maju-hardwareid/majuhardware-huawei-nova-14-pro-12-512gb-50-mp-front-dual-camera-ai-best-expression-6-78-quad-curved-display-garansi-resmi-1734212611534259528,Rp8499000,,,,,maju-hardwareid,,2026-10-01 06:53:09.869599
Huawei nova 16s Pro,HUAWEI NOVA 14 PRO 12/512 GB RESMI INDO NO MINUS,https://www.tokopedia.com/divapkeyshastore/huawei-nova-14-pro-12-512-gb-resmi-indo-no-minus-1737480826869679570,Rp6374999,Rp6399999,,,,divapkeyshastore,,2026-10-01 06:53:09.873902
Huawei nova 16s Pro,Huawei nova 14 pro 512gb Rom 12gb ram original,https://www.tokopedia.com/indramjazz/huawei-nova-14-pro-512gb-rom-12gb-ram-original-1737512059090011201,Rp5800000,,,5.0,4,indramjazz,,2026-10-01 06:53:09.876628
Huawei nova Y74,Huawei Nova 13 Pro 512gb Resmi Indonesia,https://www.tokopedia.com/jrstorejhon/huawei-nova-13-pro-512gb-resmi-indonesia-1737695683473474649,Rp4650000,,,,,jrstorejhon,,2026-10-03 09:16:16.048885
Huawei nova Y74,Huawei Nova 13 pro garansi Resmi,https://www.tokopedia.com/aat-155/huawei-nova-13-pro-garansi-resmi-1737540005168252793,Rp6000000,,,,,aat-155,,2026-10-03 09:16:16.052433
Huawei nova Y74,"25% NEW LAUNCH HONOR X6c 6GB+256GB (Moonlight White / Midnight Black) - Storage Luas 256GB, 50MP , 5300mAh 35W Fitur Magic Capsule, Desain Stylish & Modern, Smartphone Handal Value for Money",https://www.tokopedia.com/honor-official-store/new-launch-honor-x6c-5300-mah-baterai-besar-6gb-256gb-50-mp-kamera-utama-5-mp-kamera-selfie-ai-button-creation-1736085646690650035-1736086159122794419,Rp2999000,Rp3999000,,5.0,21,honor-official-store,,2026-10-03 09:16:16.150366
Huawei nova Y74,ZTE Nubia A76 5G [8/128 GB] Garansi Indonesia,https://www.tokopedia.com/duniagadgetku/zte-nubia-a76-5g-8-128-gb-garansi-indonesia-1734333828422993723,Rp2498500,Rp2499000,,5.0,40+,duniagadgetku,,2026-10-03 09:16:16.154465
Huawei nova Y74,"25% [LIVE] HONOR X6c 6GB+256GB (Moonlight White / Midnight Black) - Storage Luas 256GB, 50MP , 5300mAh 35W Fitur Magic Capsule, Desain Stylish & Modern, Smartphone Handal Value for Money",https://www.tokopedia.com/honor-official-store/live-honor-x6c-6gb-256gb-moonlight-white-midnight-black-storage-luas-256gb-50mp-5300mah-35w-fitur-magic-capsule-desain-stylish-modern-smartphone-handal-value-for-money-1737093008796518323-1737093066200221619,Rp2999000,Rp3999000,,,2,honor-official-store,,2026-10-03 09:16:16.158099
Huawei nova Y74,43% ZTE NUBIA V80 MAX 6GB/128GB & 8GB/128GB GARANSI RESMI - SMARTPHONE Layar Screen,https://www.tokopedia.com/mahkota-accessories/zte-nubia-v80-max-6gb-128gb-8gb-128gb-garansi-resmi-smartphone-1731381430848488652-1737560348272002252,Rp2183000,Rp3800000,,4.8,750+,mahkota-accessories,,2026-10-03 09:16:16.264998
Huawei nova Y74,Huawei Nova 7 5G 8/256GB Garansi Resmi Space Silver 4748,https://www.tokopedia.com/fastgadget/huawei-nova-7-5g-8-256gb-garansi-resmi-space-silver-4748-fullset,Rp2975000,Rp3000000,,3.0,5,fastgadget,,2026-10-03 09:16:16.268910
Huawei nova Y74,UNIT NOVA 10 HUAWEI 8/128 || 8/256 UNIT TIDAK FULLSET,https://www.tokopedia.com/wt-teknologi/unit-nova-10-huawei-8-128-8-256-unit-tidak-fullset-1736367459342124483-1736367987292145091,Rp2655000,Rp2695000,,,2,wt-teknologi,,2026-10-03 09:16:16.271815
Huawei nova Y74,Huawei Nova 5T 8 / 128 Blue kondisi 97% normal termurah,https://www.tokopedia.com/it-smart-cheap/huawei-nova-5t-6-128-blue-kondisi-97-normal-siap-pakai-termurah-1737059227695482294,Rp3500000,,,,,it-smart-cheap,,2026-10-03 09:16:16.369637
Infinix GT 30,Infinix GT 30 8/256GB New Garansi resmi,https://www.tokopedia.com/suksess-99/infinix-gt-30-8-256gb-new-garansi-resmi-1732615158534079812,Rp3374000,Rp3399000,,,13,suksess-99,,2026-10-03 09:07:31.993752
Infinix GT 30,INFINIX GT 30 5G RAM 8/256 BERGARANSI RESMI INFINIX INDONESIA,https://www.tokopedia.com/infinix-authorized/infinix-gt-30-5g-ram-8-256-bergaransi-resmi-infinix-indonesia-1733499080513390224,Rp3574000,Rp3599000,,,3,infinix-authorized,,2026-10-03 09:07:32.182304
Infinix GT 30,[BEST SELLER] INFINIX GT 30 5G 8GB 256GB GARANSI RESMI,https://www.tokopedia.com/simurahlaptop/best-seller-infinix-gt-30-5g-8gb-256gb-garansi-resmi-1737325708272043981-1737325707838064589,Rp6749000,,,,,simurahlaptop,,2026-10-03 09:07:32.248058
Infinix GT 30,"Infinix GT 30 5G 8/256GB - Up to 16GB Extended RAM - Dimensity 7400 5G - 6.78"" Amoled+ 144Hz - 64MP - NFC",https://www.tokopedia.com/elevenlaptop/infinix-gt-30-5g-8-256gb-up-to-16gb-extended-ram-dimensity-7400-5g-6-78-amoled-144hz-64mp-nfc-1732803449034933980-1735130968284104412,Rp6389000,Rp6399000,,5.0,2,elevenlaptop,,2026-10-03 09:07:32.375995
Infinix GT 30,INFINIX GT 30 Ram 8/256Gb Garansi Resmi,https://www.tokopedia.com/ajn-ponsel-store/infinix-gt-30-ram-8-256gb-garansi-resmi-1733244928218859232,Rp3475000,Rp3500000,,,2,ajn-ponsel-store,,2026-10-03 09:07:32.505001
Infinix GT 30,Infinix GT 30 8/256GB Second Resmi,https://www.tokopedia.com/gadget-pin-store/infinix-hot-40i-8-256gb-second-resmi-1729871034242073936,Rp3290000,,,,,gadget-pin-store,,2026-10-03 09:07:32.570743
Infinix GT 30,Ready INFINIX GT - 30(5G),https://www.tokopedia.com/r4nssum/ready-infinix-gt-30-5g-1733658696760526389,Rp3325000,Rp3350000,,,,r4nssum,,2026-10-03 09:07:32.694211
Infinix GT 30,Infinix GT 30 5G 8GB 256GB Android 15 MediaTek Dimensity 7400 5500mAh 144Hz Refresh Rate Garansi Resmi 1 Tahun,https://www.tokopedia.com/laptopproject/infinix-gt-30-5g-8gb-256gb-android-15-mediatek-dimensity-7400-5500mah-144hz-refresh-rate-garansi-resmi-1-tahun-1733658964485703063,Rp3719000,,,,1,laptopproject,,2026-10-03 09:07:32.882712
Infinix GT 30,Infinix Gt 30 5G Original Ram8/256Gb Garansi Resmi,https://www.tokopedia.com/apin91/infinix-gt-30-5g-original-ram8-256gb-garansi-resmi-1732595722039493827,Rp3774000,Rp3799000,,5.0,91,apin91,,2026-10-03 09:07:33.004520
Infinix GT 30,infinix GT 30 8/256 second garansi resmi indonesia,https://www.tokopedia.com/mlc-store-memberlutficell/infinix-gt-30-8-256-second-garansi-resmi-indonesia-1737022363970733247,Rp3374000,Rp3399000,,5.0,3,mlc-store-memberlutficell,,2026-10-03 09:07:33.200355
Infinix GT 30 Pro,Infinix GT 30 Pro GT Trigger,https://www.tokopedia.com/shadil-store/infinix-gt-30-pro-gt-trigger-1732315559581615419,Rp4399000,,,,,shadil-store,,2026-10-03 09:47:14.132650
Infinix GT 30 Pro,Infinix GT 30 Pro 5G 8/256GB 12/512GB Garansi Resmi,https://www.tokopedia.com/dave-com/infinix-gt-30-pro-5g-8-256gb-12-512gb-1731852039639106730,Rp4110000,Rp4135000,,4.8,100+,dave-com,,2026-10-03 09:47:14.135706
Infinix GT 30 Pro,Infinix GT 30 Pro 12/512GB - Produk Resmi Indonesia,https://www.tokopedia.com/goodgameofficial/infinix-gt-30-pro-12-512gb-produk-resmi-indonesia-1735176964747723915-1737051780172448907,Rp3950000,,,5.0,40+,goodgameofficial,,2026-10-03 09:47:14.138032
Infinix GT 30 Pro,"Infinix GT 30 Pro 12/256GB - Up to 16GB Extended RAM - Dimensity 8350 Ultimate - 6.78"" Amoled+ 144Hz - 108MP - NFC",https://www.tokopedia.com/grandcells/infinix-gt-30-pro-12-256gb-up-to-16gb-extended-ram-dimensity-8350-ultimate-6-78-amoled-144hz-108mp-nfc-1732099138611217463,Rp4290000,,,4.7,28,grandcells,,2026-10-03 09:47:14.140471
Infinix GT 30 Pro,"Infinix GT 30 Pro 12/512GB Gift Box - Up to 24GB Extended RAM - Dimensity 8350 Ultimate - 6.78"" Amoled+ 144Hz - 108MP - NFC - Dark Flare q1",https://www.tokopedia.com/arie-ramadhani-07/infinix-gt-30-pro-12-512gb-gift-box-up-to-24gb-extended-ram-dimensity-8350-ultimate-6-78-amoled-144hz-108mp-nfc-dark-flare-q1-1731875843144123918,Rp4974000,Rp4999000,,,15,arie-ramadhani-07,,2026-10-03 09:47:14.142936
Infinix GT 30 Pro,Infinix GT 30 Pro 12+512GB | 8+256GB AMOLED screen with 144Hz refresh rate | Original Garansi Resmi,https://www.tokopedia.com/tube/infinix-gt-30-pro-12-512gb-8-256gb-amoled-screen-with-144hz-refresh-rate-original-garansi-resmi-1732568856673158807,Rp4257000,Rp4282000,,5.0,14,tube,,2026-10-03 09:47:14.145340
Infinix GT 30 Pro,Infinix GT 30 Pro 5G 8/256GB | 12/512GB Garansi Resmi,https://www.tokopedia.com/maremacell/infinix-gt-30-pro-5g-8-256gb-12-512gb-garansi-resmi-1732115756527486233,Rp4674000,Rp4699000,,,13,maremacell,,2026-10-03 09:47:14.147799
Infinix GT 30 Pro,"INFINIX GT 30 PRO (SPESIAL EDITION) 8/256 GB,  GIF BOX",https://www.tokopedia.com/radjaponsell/infinix-gt-30-pro-spesial-edition-8-256-gb-gif-box-1732706929225008322,Rp3174000,Rp3199000,,,,radjaponsell,,2026-10-03 09:47:14.150521
Infinix GT 30 Pro,Infinix GT 30 Pro 8/256 GB Shadow Ash - Ponsel Gaming dengan Sistem FPS Penuh dan Kontrol Tingkat Konsol,https://www.tokopedia.com/noirrrshop/infinix-gt-30-pro-8-256-gb-shadow-ash-ponsel-gaming-dengan-sistem-fps-penuh-dan-kontrol-tingkat-konsol-1735420538856441836,Rp3275000,Rp3300000,,,1,noirrrshop,,2026-10-03 09:47:14.152921
Infinix GT 30 Pro,INFINIX GT 30 PRO Gift Box / Non Gift Box Ram 8/256 & Ram 12/512Gb,https://www.tokopedia.com/ajn-ponsel-store/infinix-gt-30-pro-gift-box-non-gift-box-ram-8-256-ram-12-512gb-1733245067092788960,Rp4275000,Rp4300000,,5.0,7,ajn-ponsel-store,,2026-10-03 09:47:14.155739
Infinix GT 50 Pro,INFINIX GT 50 PRO 5G 12/256 GB | 12/512 GB SPESIAL GIFT BOX GARANSI RESMI,https://www.tokopedia.com/qstore-pedia/infinix-hot-11-play-ram-4-64-gb-garansi-resmi-1735141531778581589,Rp6559000,Rp7000000,,5.0,2rb+,qstore-pedia,,2026-10-01 06:58:18.107712
Infinix GT 50 Pro,"Infinix GT 50 Pro 12/256GB Special Box - Up to 24GB Extended RAM - Dimensity 8400 Ultimate - 6.78"" Amoled 1.5KHz - 50MP - 6500 mAh - NFC",https://www.tokopedia.com/officialinfinix/infinix-gt-50-pro-12-256gb-coming-soon-14-april-2026-1734901499550205316-1734901500522104196,Rp6649000,Rp6999000,,4.9,100+,officialinfinix,,2026-10-01 06:58:18.113760
Infinix GT 50 Pro,"Infinix GT 50 Pro 12/512GB Specia Box - Up to 24GB Extended RAM - Dimensity 8400 Ultimate - 6.78"" Amoled 1.5KHz - 50MP - 6500 mAh - NFC",https://www.tokopedia.com/officialinfinix/infinix-gt-50-pro-12-256gb-coming-soon-14-april-2026-1734901510265341316-1734901510822724996,Rp7624000,Rp7999000,,4.9,60+,officialinfinix,,2026-10-01 06:58:18.116311
Infinix GT 50 Pro,13% (PROMO LIVE) INFINIX GT 50 PRO 5G 12/256 & 12/512 GARANSI RESMI,https://www.tokopedia.com/goldencellphone/promo-live-infinix-gt-50-pro-5g-12-256-12-512-garansi-resmi-1735124716215633872-1735125172504135632,Rp6929000,Rp7999000,,5.0,2,goldencellphone,,2026-10-01 06:58:18.118668
Infinix GT 50 Pro,13% (PROMO LIVE) INFINIX GT 50 PRO 5G 12/256 & 12/512 GARANSI RESMI,https://www.tokopedia.com/bintangempatcell/promo-live-infinix-gt-50-pro-5g-12-256-12-512-garansi-resmi-1735124736410420721-1735125026633319921,Rp6929000,Rp7999000,,,2,bintangempatcell,,2026-10-01 06:58:18.121155
Infinix GT 50 Pro,Infinix GT 50 Pro 5G 12/256 12/512 12/256GB 12/512GB 12GB 256GB 512GB Garansi Resmi,https://www.tokopedia.com/diamondhandphone/infinix-xpad-gt-wifi-8-256-tablet-8-256gb-8gb-256gb-garansi-resmi-1731707536213247502-1735496206567245326,Rp6729000,,,,3,diamondhandphone,,2026-10-01 06:58:18.123501
Infinix GT 50 Pro,50% Infinix GT 50 Pro 5G 12/256GB 12/512GB GT50 Garansi Resmi Not GT 30 Pro,https://www.tokopedia.com/distriponsel/infinix-hot-30i-i-8-128-gb-garansi-resmi-hot-30-not-12i-20-i-5g-128-gb-1735157605285791142,Rp7347000,Rp14730000,,4.9,1rb+,distriponsel,,2026-10-01 06:58:18.126366
Infinix GT 50 Pro,"15% (PROMO EXCLUSIVE CREATOR) - Price Handphone HP Infinix GT 50 Pro 5G 12/256GB 12/512GB | 6.78"" | Dimensity 8400 Ultimate | 6500mAh | Garansi Resmi",https://www.tokopedia.com/teknotrend/infinix-note-50s-5g-infinix-note-50x-5g-8-256gb-garansi-resmi-infinix-indonesia-live-paylater-1732050503575832514-1736163930993166274,Rp6601500,Rp7772000,,5.0,30+,teknotrend,,2026-10-01 06:58:18.128676
Infinix GT 50 Pro,62% Infinix GT 50 Pro 5G 256GB 512GB  [ Ram 12GB ] Garansi Resmi - Black Silver Red,https://www.tokopedia.com/new-rizkyapple/infinix-gt-20-pro-256gb-ram-8gb-12gb-garansi-resmi-blue-orange-silver-12-256gb-silver-7a208,Rp6443999,Rp16799000,,4.3,18,new-rizkyapple,,2026-10-01 06:58:18.130872
Infinix Hot 50 Pro 4G,Infinix Hot 50 Pro 8/256GB 4G NFC - Garansi Resmi,https://www.tokopedia.com/gadget-centre/infinix-hot-50-pro-8-256gb-4g-nfc-garansi-resmi-glacier-blue-8-256gb-1b292,Rp2474000,Rp2499000,,4.9,21,gadget-centre,,2026-10-03 10:20:40.106011
Infinix Hot 50 Pro 4G,[TERMURAH] Infinix Hot 50 Pro+ | Infinix Hot 50 Pro 8 256/GB 4G,https://www.tokopedia.com/familycellular/termurah-infinix-hot-50-pro-infinix-hot-50-pro-8-256-gb-4g-1731881779245122721,Rp2550750,Rp2685000,,3.0,16,familycellular,,2026-10-03 10:20:40.109032
Infinix Hot 50 Pro 4G,Infinix Hot 50 Pro 4G 8 256GB Ponsel dengan Spesifikasi 4G dan Ruang Penyimpanan 256GB Prosesor 8 Performa Cukup untuk Kebutuhan Sehari-hari,https://www.tokopedia.com/dave-com/infinix-hot-50-pro-4g-8-256gb-ponsel-dengan-spesifikasi-4g-dan-ruang-penyimpanan-256gb-prosesor-8-performa-cukup-untuk-kebutuhan-sehari-hari-1733511729414964394,Rp2175000,Rp2340000,,,,dave-com,,2026-10-03 10:20:40.112156
Infinix Hot 50 Pro 4G,Infinix hot 50 pro 8GB + 8GB | 256GB Garansi resmi,https://www.tokopedia.com/rr-mobile/infinix-hot-50-pro-8gb-8gb-256gb-garansi-resmi-1731341218890417434,Rp2025000,Rp2050000,,,30+,rr-mobile,,2026-10-03 10:20:40.115085
Infinix Hot 50 Pro 4G,Infinix Hot 50 Pro 4G RAM 8GB ROM 256GB Layar 6.78 Inci AMOLED 120Hz Kamera 50MP Garansi Resmi 1 Tahun Fullset Accessories Packing Aman Gratis Ongkir,https://www.tokopedia.com/angkasacellcepu/infinix-hot-50-pro-4g-ram-8gb-rom-256gb-layar-6-78-inci-amoled-120hz-kamera-50mp-garansi-resmi-1-tahun-fullset-accessories-packing-aman-gratis-ongkir-1731647006965270322,Rp2175000,Rp2200000,,5.0,1,angkasacellcepu,,2026-10-03 10:20:40.117778
Infinix Hot 50 Pro 4G,Infinix Hot 50 Pro 4G 8/256GB - Up to 16GB Extended RAM - Helio G100 - 6.78 inch 120Hz Amoled - 50MP - 5000 mAh - NFC Garansi Resmi Indonesia,https://www.tokopedia.com/honchiceluller/infinix-hot-50-pro-4g-8-256gb-up-to-16gb-extended-ram-helio-g100-6-78-inch-120hz-amoled-50mp-5000-mah-nfc-garansi-resmi-indonesia-1730976526354253617,Rp2374000,Rp2399000,,,2,honchiceluller,,2026-10-03 10:20:40.120299
Infinix Hot 50 Pro 4G,infinix Hot 50pro 4G 8+8/256 new,https://www.tokopedia.com/cokishops/infinix-hot-50pro-4g-8-8-256-new-1730761646622869227,Rp2174000,Rp2199000,,,,cokishops,,2026-10-03 10:20:40.122860
Infinix Hot 50 Pro 4G,Infinix HOT 50 Pro 8/256 New Garansi Resmi,https://www.tokopedia.com/molicelluler/infinix-hot-50-pro-8-256-new-garansi-resmi-1731333853907552205,Rp2475000,Rp2500000,,5.0,14,molicelluler,,2026-10-03 10:20:40.125420
Infinix Hot 50 Pro 4G,Infinix Hot 50 Pro 16/256GB Garansi Resmi Infinix Indonesia,https://www.tokopedia.com/das-ponsel-store/infinix-hot-50-pro-16-256gb-garansi-resmi-infinix-indonesia-1731398023948044056,Rp2125000,Rp2150000,,,3,das-ponsel-store,,2026-10-03 10:20:40.128016
Infinix Hot 50 Pro 4G,Infinix Hot 50 Pro 8+256GB [+8GB Extended] Original Garansi Resmi 1 Tahun Infinix Indonesia,https://www.tokopedia.com/philosophy-computer/infinix-hot-50-pro-8-256gb-8gb-extended-original-garansi-resmi-1-tahun-infinix-indonesia-1731103103955404760,Rp2174000,Rp2199000,,,1,philosophy-computer,,2026-10-03 10:20:40.130770
Infinix Hot 50 Pro+ 4G,[TERMURAH] Infinix Hot 50 Pro+ | Infinix Hot 50 Pro 8 256/GB 4G,https://www.tokopedia.com/familycellular/termurah-infinix-hot-50-pro-infinix-hot-50-pro-8-256-gb-4g-1731881779245122721,Rp2550750,Rp2685000,,3.0,16,familycellular,,2026-10-03 10:24:19.970451
Infinix Hot 50 Pro+ 4G,Infinix Hot 50 Pro+ 4G 8/256GB - Up to 16GB Extended RAM - Helio G100 - 6.78 inch 3D Curved 120Hz Amoled - 50MP - 5000 mAh - NFC Garansi Resmi Indonesia,https://www.tokopedia.com/honchiceluller/infinix-hot-50-pro-4g-8-256gb-up-to-16gb-extended-ram-helio-g100-6-78-inch-3d-curved-120hz-amoled-50mp-5000-mah-nfc-garansi-resmi-indonesia-50-pro-8-256gb-non-bundling-c6144,Rp2574000,Rp2599000,,,1,honchiceluller,,2026-10-03 10:24:19.976692
Infinix Hot 50 Pro+ 4G,NEW INFINIX HOT 50 PRO PLUS RAM 8+8/256 GARANSI RESMI INFINIX,https://www.tokopedia.com/lisiachin/new-infinix-hot-50-pro-plus-ram-8-8-256-garansi-resmi-infinix-hitam-hot-50-pro8-256-5f5bb,Rp2075000,Rp2100000,,5.0,21,lisiachin,,2026-10-03 10:24:19.979509
Infinix Hot 50 Pro+ 4G,(NEW) BARU!! INFINIX HOT 50 PRO+ BY RIZQIPHONE,https://www.tokopedia.com/teguhad/new-baru-infinix-hot-50-pro-by-rizqiphone,Rp2574000,Rp2599000,,,1,teguhad,,2026-10-03 10:24:19.982117
Infinix Hot 50 Pro+ 4G,SMARTPHONE INFINIX HOT 50 PRO PLUS 8GB 256GB GARANSI RESMI INDONESIA,https://www.tokopedia.com/laptopproject/smartphone-infinix-hot-50-pro-plus-8gb-256gb-garansi-resmi-indonesia-1732387054489929111,Rp2364000,Rp2389000,,,,laptopproject,,2026-10-03 10:24:19.984619
Infinix Hot 50 Pro+ 4G,Handpone Infinix Hot 50 Pro+ [8/256 GB] Garansi Resmi,https://www.tokopedia.com/keybenstore/handpone-infinix-hot-50-pro-8-256-gb-garansi-resmi-1730974420767114308,Rp2375085,Rp2400085,,5.0,16,keybenstore,,2026-10-03 10:24:19.986949
Infinix Hot 50 Pro+ 4G,Infinix Hot 50 Pro Plus 16/256GB Garansi Resmi Infinix Indonesia,https://www.tokopedia.com/das-ponsel-store/infinix-hot-50-pro-plus-16-256gb-garansi-resmi-infinix-indonesia-1731398239542806296,Rp2355000,Rp2380000,,,7,das-ponsel-store,,2026-10-03 10:24:19.989349
Infinix Hot 50 Pro+ 4G,Infinix Hot 50 Pro Plus [8/256 GB] Garansi Resmi Infinix Indonesia,https://www.tokopedia.com/amirra-beauty/infinix-hot-50-pro-plus-8-256-gb-garansi-resmi-infinix-indonesia-1731027871933105370,Rp2598500,Rp2623500,,,,amirra-beauty,,2026-10-03 10:24:19.991848
Infinix Hot 50 Pro+ 4G,Infinix Hot 50 Pro Plus 256GB Garansi Resmi,https://www.tokopedia.com/roxy-tamitra-makasar/infinix-hot-50-pro-plus-256gb-garansi-resmi-hitam-e389b,Rp2574000,Rp2599000,,5.0,3,roxy-tamitra-makasar,,2026-10-03 10:24:19.994345
Infinix Hot 50 Pro+ 4G,Infinix Hot 50 pro plus ram 8 rom 256Gb Garansi,https://www.tokopedia.com/grandcells/infinix-hot-50-pro-plus-ram-8-rom-256gb-garansi-sleek-black-6e7a8,Rp2750000,,,4.6,100+,grandcells,,2026-10-03 10:24:19.996881
Infinix Hot 60,21% Infinix Hot 70 NFC [6/128 GB] [6/256 GB] [8/128 GB] Garansi Resmi Indonesia,https://www.tokopedia.com/duniagadgetku/infinix-hot-70-nfc-6-128-gb-6-256-gb-8-128-gb-garansi-resmi-indonesia-1735658506490054459-1736440114558371643,Rp2748500,Rp3499000,,5.0,2rb+,duniagadgetku,,2026-10-03 09:12:08.270879
Infinix Hot 60,Infinix Hot 60 Pro 8/128GB | 8/256GB - NFC - Garansi Resmi,https://www.tokopedia.com/gadget-centre/infinix-hot-60-pro-8-128gb-8-256gb-nfc-garansi-resmi-1732072682514843345,Rp2274000,Rp2299000,,4.6,18,gadget-centre,,2026-10-03 09:12:08.283354
Infinix Hot 60,[BEST SELLER] Infinix HOT 70 Mediatek Helio G100 RAM 6gb Storage 256gb Garansi Resmi,https://www.tokopedia.com/agresidbogor/infinix-hot-50-pro-plus-8gb-256gb-garansi-resmi-1735690305733887407,Rp3538028,Rp3548028,,5.0,100+,agresidbogor,,2026-10-03 09:12:08.286958
Infinix Hot 60,Infinix Hot 70 4/128GB - Up to 8GB Extended RAM - Helio G100 Ultimate - 6.78 inch 120Hz - 50MP - 6000 mAh – NFC,https://www.tokopedia.com/modern-selular/infinix-hot-70-pro-4-128gb-up-to-8gb-extended-ram-helio-g100-ultimate-6-78-inch-120hz-50mp-6000-mah-nfc-1735696535408378903-1735696925285057559,Rp2789000,Rp2899000,,5.0,100+,modern-selular,,2026-10-03 09:12:08.289575
Infinix Hot 60,Infinix Hot 70 4/128GB - Up to 8GB Extended RAM - Helio G100 Ultimate - 6.78 inch 120Hz - 50MP - 6000 mAh – NFC,https://www.tokopedia.com/gimugimumobile/infinix-hot-70-pro-4-128gb-up-to-8gb-extended-ram-helio-g100-ultimate-6-78-inch-120hz-50mp-6000-mah-nfc-1735695873492288800-1735977209464456480,Rp2789000,Rp2899000,,5.0,80+,gimugimumobile,,2026-10-03 09:12:08.293757
Infinix Hot 60,[New Launch] Infinix Smart 20 4/128GB - Up to 8GB Extended RAM - Mediatek Helio G81 - 6.78” - 8MP - 5200 mAh - IP64,https://www.tokopedia.com/gimugimumobile/new-launch-infinix-smart-20-4-128gb-up-to-8gb-extended-ram-mediatek-helio-g81-6-78-8mp-5200-mah-ip64-1734571989657748768-1734572106828580128,Rp2159000,Rp2299000,,5.0,2rb+,gimugimumobile,,2026-10-03 09:12:08.297789
Infinix Hot 60,Infinix Smart 20 4/256GB - Up to 8GB Extended RAM - Mediatek Helio G81 - 6.78” - 8MP - 5200 mAh - IP64,https://www.tokopedia.com/gimugimumobile/infinix-smart-20-4-256gb-up-to-8gb-extended-ram-mediatek-helio-g81-6-78-8mp-5200-mah-ip64-1735376344515183904-1736644947284428064,Rp2249000,Rp2399000,,5.0,750+,gimugimumobile,,2026-10-03 09:12:08.300117
Infinix Hot 60,43% ZTE NUBIA V80 MAX 6GB/128GB & 8GB/128GB GARANSI RESMI - SMARTPHONE Layar Screen,https://www.tokopedia.com/mahkota-accessories/zte-nubia-v80-max-6gb-128gb-8gb-128gb-garansi-resmi-smartphone-1731381430848488652-1737560348272002252,Rp2183000,Rp3800000,,4.8,750+,mahkota-accessories,,2026-10-03 09:12:08.302838
Infinix Hot 60 Pro,Infinix Hot 60 Pro 8/128GB | 8/256GB - NFC - Garansi Resmi,https://www.tokopedia.com/gadget-centre/infinix-hot-60-pro-8-128gb-8-256gb-nfc-garansi-resmi-1732072682514843345,Rp2274000,Rp2299000,,4.6,18,gadget-centre,,2026-10-03 09:21:28.271279
Infinix Hot 60 Pro,Infinix Hot 60 Pro+ 8/256GB - Produk Resmi Indonesia,https://www.tokopedia.com/goodgameofficial/infinix-hot-60-pro-8-256gb-produk-resmi-indonesia-1735599485139387531-1735599689293137035,Rp2900000,,,4.8,100+,goodgameofficial,,2026-10-03 09:21:28.274569
Infinix Hot 60 Pro,INFINIX HOT 60 PRO+ PRO PLUS RAM 8/256GB GARANSI RESMI,https://www.tokopedia.com/sinar-cemerlang-jaya88/infinix-hot-60-pro-pro-plus-ram-8-256gb-garansi-resmi-1732186731765925705,Rp2724000,Rp2749000,,5.0,30+,sinar-cemerlang-jaya88,,2026-10-03 09:21:28.277624
Infinix Hot 60 Pro,Terlaris ( Special Creator ) Infinix Hot 60 Pro ( 8/256 ) Garansi Resmi - Hot 60 Pro Plus 8/256 Blue No Bonus,https://www.tokopedia.com/toko-anita555/terlaris-special-creator-infinix-hot-60-pro-8-256-garansi-resmi-hot-60-pro-plus-8-256-blue-no-bonus-1733220891316356129,Rp1705000,Rp1730000,,,4,toko-anita555,,2026-10-03 09:21:28.280844
Infinix Hot 60 Pro,INFINIX HOT 60 PRO 8/256 INFINIX HOT 60PRO 8/256 INFINIX HOT60PRO 8/256 GARANSI RESMI INDONESIA,https://www.tokopedia.com/cuan-gadgetid/infinix-hot-60-pro-8-256-infinix-hot-60pro-8-256-infinix-hot60pro-8-256-garansi-resmi-indonesia-1736368682617374120-1736368799857411496,Rp4399000,,,5.0,9,cuan-gadgetid,,2026-10-03 09:21:28.283721
Infinix Hot 60 Pro,Infinix Hot 60 Pro+ 8/256GB - Up to 16GB Extended RAM - Helio G200 - 6.78 inch 1.5k AMOLED - 50MP - 5160 mAh - NFC,https://www.tokopedia.com/grandcells/infinix-hot-60-pro-8-256gb-up-to-16gb-extended-ram-helio-g200-6-78-inch-1-5k-amoled-50mp-5160-mah-nfc-1731578527117182007-1735033922341340215,Rp3080000,,,4.6,80+,grandcells,,2026-10-03 09:21:28.286888
Infinix Hot 60 Pro,69% Infinx Hot 60 Pro 16GB/1TB Smartphone 7.5inci Layar HD Fast Charge Gaming Phone,https://www.tokopedia.com/setiawanl59/cod-murah-smartphone-hot-70pro-2026-baru-16gb-1tb-garansi-12-bulan-cicilan-0-24-bulan-1737634754894923534-1737634792667449102,Rp1534500,Rp4950000,,,,setiawanl59,,2026-10-03 09:21:28.289888
Infinix Hot 60 Pro,66% Infinx Hot 60Pro 5G Ponsel 7.3 inch 16GB+1TB 8000mAh Berkualitas Tinggi Bebas Ongkir dengan Bluetooth,https://www.tokopedia.com/eloishaarer08382/stok-terbatas-hot-70pro-2026-baru-ponsel-5g-handphone-bisa-cod-cicilan-1737742919108494763-1737743003826619819,Rp1512320,Rp4448000,,,2,eloishaarer08382,,2026-10-03 09:21:28.293229
Infinix Hot 60 Pro,Infinix Hot 60 Pro Ram 8Gb Rom 256Gb Up to 16GB Extended Ram Fullset,https://www.tokopedia.com/grandcells/infinix-hot-60-pro-ram-8gb-rom-256gb-up-to-16gb-extended-ram-fullset-1737515280794420279-1737515350162113591,Rp2890000,,,,,grandcells,,2026-10-03 09:21:28.296139
Infinix Hot 60 Pro+,Infinix Hot 60 Pro+ 8/256GB - Produk Resmi Indonesia,https://www.tokopedia.com/goodgameofficial/infinix-hot-60-pro-8-256gb-produk-resmi-indonesia-1735599485139387531-1735599689293137035,Rp2900000,,,4.8,100+,goodgameofficial,,2026-10-03 09:16:45.171895
Infinix Hot 60 Pro+,Infinix Hot 60 Pro 8/128GB | 8/256GB - NFC - Garansi Resmi,https://www.tokopedia.com/gadget-centre/infinix-hot-60-pro-8-128gb-8-256gb-nfc-garansi-resmi-1732072682514843345,Rp2274000,Rp2299000,,4.6,18,gadget-centre,,2026-10-03 09:16:45.289336
Infinix Hot 60 Pro+,Infinix Hot 60 Pro+ 8/256GB - Up to 16GB Extended RAM - Helio G200 - 6.78 inch 1.5k AMOLED - 50MP - 5160 mAh - NFC,https://www.tokopedia.com/grandcells/infinix-hot-60-pro-8-256gb-up-to-16gb-extended-ram-helio-g200-6-78-inch-1-5k-amoled-50mp-5160-mah-nfc-1731578527117182007-1735033922341340215,Rp3080000,,,4.6,80+,grandcells,,2026-10-03 09:16:45.527331
Infinix Hot 60 Pro+,INFINIX HOT 60 PRO+ PRO PLUS RAM 8/256GB GARANSI RESMI,https://www.tokopedia.com/sinar-cemerlang-jaya88/infinix-hot-60-pro-pro-plus-ram-8-256gb-garansi-resmi-1732186731765925705,Rp2724000,Rp2749000,,5.0,30+,sinar-cemerlang-jaya88,,2026-10-03 09:16:45.710576
Infinix Hot 60 Pro+,Promo Infinix Hot 60 Pro Plus 8/256 Ram 68 Rom 256 Garansi Resmi - 8/256 Black No Free,https://www.tokopedia.com/toko-anita555/promo-infinix-hot-60-pro-plus-8-256-ram-68-rom-256-garansi-resmi-8-256-black-no-free-1733220938120594465,Rp1986000,Rp2011000,,,14,toko-anita555,,2026-10-03 09:16:45.894394
Infinix Hot 60 Pro+,Infinix hot 60 pro plus 8/256 gb warna pink Smart,https://www.tokopedia.com/zeinponsel/infinix-hot-60-pro-plus-8-256-gb-warna-pink-smart-1732637874445649145,Rp2574000,Rp2599000,,,5,zeinponsel,,2026-10-03 09:16:46.148363
Infinix Hot 60 Pro+,INFINIX HOT 60 PRO PLUS 8/256 RESMI,https://www.tokopedia.com/dison-cell/infinix-hot-60-pro-plus-8-256-resmi-1732671886909539937,Rp2999000,,,4.5,22,dison-cell,,2026-10-03 09:16:46.451556
Infinix Hot 60 Pro+,Terlaris ( Special Creator ) Infinix Hot 60 Pro ( 8/256 ) Garansi Resmi - Hot 60 Pro Plus 8/256 Blue No Bonus,https://www.tokopedia.com/toko-anita555/terlaris-special-creator-infinix-hot-60-pro-8-256-garansi-resmi-hot-60-pro-plus-8-256-blue-no-bonus-1733220891316356129,Rp1705000,Rp1730000,,,4,toko-anita555,,2026-10-03 09:16:46.753371
Infinix Hot 60 Pro+,"INFINIX HOT 60 PRO PLUS 8/128, 8/256 SECOND",https://www.tokopedia.com/stargadgetstore/infinix-hot-60-pro-plus-8-128-8-256-1737491555358377878-1737491668049102742,Rp3201000,Rp3300000,,,,stargadgetstore,,2026-10-03 09:16:46.822384
Infinix Hot 60 Pro+,Murah ( Special Creator ) Infinix Hot 60 Pro Plus 8/256 Garansi Resmi New - 8/256 Black No Free,https://www.tokopedia.com/toko-anita555/murah-special-creator-infinix-hot-60-pro-plus-8-256-garansi-resmi-new-8-256-black-no-free-1733220938594092065,Rp2004000,Rp2029000,,,,toko-anita555,,2026-10-03 09:16:46.885002
Infinix Hot 60i,Infinix Hot 60i 6/128GB | 8/256GB NFC- Garansi Resmi,https://www.tokopedia.com/gadget-centre/infinix-hot-60i-6-128gb-8-256gb-nfc-garansi-resmi-1732007736521688785,Rp2074000,Rp2099000,,5.0,18,gadget-centre,,2026-10-03 08:41:26.177239
Infinix Hot 60i,Infinix Hot 60i 6/128GB - Up to 12GB Extended RAM - Helio G81 - 6.7 inch 120Hz HD+ - 50MP - 5160 mAh - NFC,https://www.tokopedia.com/airy-cell/infinix-hot-60i-6-128gb-up-to-12gb-extended-ram-helio-g81-6-7-inch-120hz-hd-50mp-5160-mah-nfc-1734874957091144928,Rp1875000,Rp1900000,,5.0,40+,airy-cell,,2026-10-03 08:41:26.222503
Infinix Hot 60i,[NEW ARRIVAL] Infinix Hot 60i 8/256GB Mediatek Helio G81 Ultimate GARANSI,https://www.tokopedia.com/familycellular/new-arrival-infinix-hot-60i-8-256gb-mediatek-helio-g81-ultimate-garansi-1731966898283512993,Rp2555500,Rp2690000,,5.0,40+,familycellular,,2026-10-03 08:41:26.327028
Infinix Hot 60i,Infinix Hot 60i Ram 8+8/256 GB Garansi Resmi 1 Tahun,https://www.tokopedia.com/sgc-gemilang-cell/infinix-hot-60i-ram-8-8-256-gb-garansi-resmi-1-tahun-1732332727706289821,Rp1775000,Rp1800000,,,2,sgc-gemilang-cell,,2026-10-03 08:41:26.331016
Infinix Hot 60i,Infinix hot 60i 8/256 garansi resmi BNIB,https://www.tokopedia.com/untungterus123/infinix-hot-60i-8-256-garansi-resmi-bnib-1734293363312854778,Rp1974000,Rp1999000,,,1,untungterus123,,2026-10-03 08:41:26.333860
Infinix Hot 60i,INFINIX HOT 60 i 6/128 8/256,https://www.tokopedia.com/asabah-mart/infinix-hot-60-i-6-128-8-256-1732860529840915992,Rp1575000,Rp1600000,,,11,asabah-mart,,2026-10-03 08:41:26.336609
Infinix Hot 60i,"INFINIX Hot 60i Ram 8/256Gb, 6/128 Gb  Garansi Resmi",https://www.tokopedia.com/ajn-ponsel-store/infinix-hot-60i-ram-8-256gb-6-128-gb-garansi-resmi-1733242721374340832,Rp2075000,Rp2100000,,,4,ajn-ponsel-store,,2026-10-03 08:41:26.339715
Infinix Hot 60i,Infinix Hot 60i 8/256GB NFC Fullset Bergaransi Resmi,https://www.tokopedia.com/dave-com/infinix-hot-60i-8-256gb-nfc-fullset-bergaransi-1732847135048303786,Rp2275000,Rp2300000,,4.5,100+,dave-com,,2026-10-03 08:41:26.342253
Infinix Note 50 4G,Infinix Note 50 16/256GB Garansi Resmi Infinix Indonesia,https://www.tokopedia.com/das-ponsel-store/infinix-note-50-16-256gb-garansi-resmi-infinix-indonesia-1731398328907826968,Rp2605000,Rp2630000,,,21,das-ponsel-store,,2026-10-03 10:12:58.710211
Infinix Note 50 4G,Terlaris Infinix ( Note 50 Pro / Note 50 ) 8/256Gb 12/256Gb Garansi Resmi Infinix - Note 50 8/256 Black NoBonus,https://www.tokopedia.com/toko-anita555/terlaris-infinix-note-50-pro-note-50-8-256gb-12-256gb-garansi-resmi-infinix-note-50-8-256-black-nobonus-1733220970482467873,Rp1949000,Rp1974000,,,17,toko-anita555,,2026-10-03 10:12:58.716409
Infinix Note 50 4G,Infinix Note 50 4G 8/256GB Garansi Resmi,https://www.tokopedia.com/maremacell/infinix-note-50-4g-8-256gb-garansi-resmi-1732089768173602073,Rp2774000,Rp2799000,,,2,maremacell,,2026-10-03 10:12:58.719075
Infinix Note 50 4G,Infinix Note 50 4G 8/256GB - Garansi Resmi,https://www.tokopedia.com/modelux/infinix-note-50-4g-8-256gb-garansi-resmi-1731546896107275511,Rp2774000,Rp2799000,,,1,modelux,,2026-10-03 10:12:58.721953
Infinix Note 50 4G,INFINIX NOTE 50 4G (8/256GB) RESMI,https://www.tokopedia.com/dsaka-gadget-store/infinix-note-50-4g-8-256gb-resmi-1731391527592297720,Rp2774000,Rp2799000,,,2,dsaka-gadget-store,,2026-10-03 10:12:58.724461
Infinix Note 50 4G,INFINIX NOTE 50 8/256 NEW GARANSI RESMI,https://www.tokopedia.com/winstorehp/infinix-note-50-8-256-new-garansi-resmi-1731289447152452925,Rp2664000,Rp2689000,,,4,winstorehp,,2026-10-03 10:12:58.726942
Infinix Note 50 4G,infinix note 50 4g 8/256 Garansi resmi,https://www.tokopedia.com/galeri-hp/infinix-note-50-4g-8-256-garansi-resmi-1730967720119862337,Rp3454000,Rp3479000,,,,galeri-hp,,2026-10-03 10:12:58.729436
Infinix Note 50 4G,INFINIX NOTE 50 4G RAM 8 GB / 256 GB,https://www.tokopedia.com/platinumos/infinix-note-50-4g-ram-8-gb-256-gb-1732235538238047392,Rp2774000,Rp2799000,,,,platinumos,,2026-10-03 10:12:58.731920
Infinix Note 50 4G,INFINIX NOTE 50 4G RAM 8/256 BERGARANSI RESMI INFINIX INDONESIA,https://www.tokopedia.com/infinix-authorized/infinix-note-50-4g-ram-8-256-bergaransi-resmi-infinix-indonesia-1733486146918647440,Rp2874000,Rp2899000,,,,infinix-authorized,,2026-10-03 10:12:58.734448
Infinix Note 50 4G,INFINIX NOTE 50 4G (8/256GB) Resmi,https://www.tokopedia.com/dsaka-gdget-store/infinix-note-50-4g-8-256gb-resmi-1731399458511422653,Rp2774000,Rp2799000,,,1,dsaka-gdget-store,,2026-10-03 10:12:58.736973
Infinix Note 50 Pro 4G,"Infinix Note 50 Pro 8/256GB - Helio G100 Ultimate, 6.78"" FHD+ AMOLED, 50MP OIS, 5200 mAh, NFC, 8+8GB RAM, 4G/3G/2G, JBL Dual Speakers, Garansi Resmi",https://www.tokopedia.com/victorycelullar-1/infinix-note-50-pro-8-256gb-helio-g100-ultimate-6-78-fhd-amoled-50mp-ois-5200-mah-nfc-8-8gb-ram-4g-3g-2g-jbl-dual-speakers-garansi-resmi-1733643906672264742,Rp2850000,,,5.0,40+,victorycelullar-1,,2026-10-03 10:08:25.433954
Infinix Note 50 Pro 4G,Infinix Note 50 Pro 8/256GB - Up to 16GB Extended RAM - Helio G100 Ultimate - 6.78” FHD+ Amoled - 50MP OIS - 5200 mAh - NFC,https://www.tokopedia.com/grandcells/infinix-note-50-pro-8-256gb-up-to-16gb-extended-ram-helio-g100-ultimate-6-78-fhd-amoled-50mp-ois-5200-mah-nfc-1731439559682852296,Rp3460000,,,4.7,60+,grandcells,,2026-10-03 10:08:25.437250
Infinix Note 50 Pro 4G,Infinix Note 50 Pro 8/256GB - Up to 16GB Extended RAM - Helio G100 Ultimate - 6.78” FHD+ Amoled - 50MP OIS - 5200 mAh - NFC,https://www.tokopedia.com/inticellular/infinix-note-50-pro-8-256gb-up-to-16gb-extended-ram-helio-g100-ultimate-6-78-fhd-amoled-50mp-ois-5200-mah-nfc-1731116795709785709,Rp3489000,,,4.8,40+,inticellular,,2026-10-03 10:08:25.440004
Infinix Note 50 Pro 4G,Infinix Note 50 pro/Note50pro-4G-(Ram8/256Gb) Garansi Resmi,https://www.tokopedia.com/apin91/infinix-note-50-pro-note50pro-4g-ram8-256gb-garansi-resmi-1730976111922676931,Rp3525000,Rp3550000,,5.0,91,apin91,,2026-10-03 10:08:25.442808
Infinix Note 50 Pro 4G,Infinix Note 50 Pro 4G 8/256GB - Garansi Resmi,https://www.tokopedia.com/modelux/infinix-note-50-pro-4g-8-256gb-garansi-resmi-1731293541954782455,Rp3174000,Rp3199000,,5.0,8,modelux,,2026-10-03 10:08:25.445796
Infinix Note 50 Pro 4G,Infinix Note 50 Pro 4G 8/256GB Garansi Resmi,https://www.tokopedia.com/maremacell/infinix-note-50-pro-4g-8-256gb-garansi-resmi-1732090022386500889,Rp3174000,Rp3199000,,,7,maremacell,,2026-10-03 10:08:25.448430
Infinix Note 50 Pro 4G,Terlaris Infinix ( Note 50 Pro / Note 50 ) 8/256Gb 12/256Gb Garansi Resmi Infinix - Note 50 8/256 Black NoBonus,https://www.tokopedia.com/toko-anita555/terlaris-infinix-note-50-pro-note-50-8-256gb-12-256gb-garansi-resmi-infinix-note-50-8-256-black-nobonus-1733220970482467873,Rp1949000,Rp1974000,,,17,toko-anita555,,2026-10-03 10:08:25.450997
Infinix Note 50 Pro 4G,INFINIX NOTE 50 PRO 8/256 NEW GARANSI RESMI,https://www.tokopedia.com/winstorehp/infinix-note-50-pro-8-256-new-garansi-resmi-1730982297487705405,Rp3034000,Rp3059000,,5.0,27,winstorehp,,2026-10-03 10:08:25.453654
Infinix Note 50 Pro 4G,INFINIX NOTE 50 PRO 8/256 GB GARANSI RESMI INDONESIA,https://www.tokopedia.com/rpgadget/infinix-note-50-pro-8-256-gb-garansi-resmi-indonesia-1731377231714551388,Rp3174000,Rp3199000,,5.0,1,rpgadget,,2026-10-03 10:08:25.455961
Infinix Note 50 Pro 4G,INFINIX NOTE 50 Pro 8/256GB Garansi Resmi 1 Tahun,https://www.tokopedia.com/hacomofficialstore/infinix-note-50-pro-8-256gb-garansi-resmi-1-tahun-1731257326566082310,Rp3174000,Rp3199000,,,14,hacomofficialstore,,2026-10-03 10:08:25.458516
Infinix Note 50s,Infinix Note 50S 5G+ 8/256GB - Up to 16GB Extended RAM - Dimensity 7300 Ultimate - 6.78” 3D Curved FHD+ Amoled - 64MP OIS - 5200 mAh - NFC - Garansi Resmi,https://www.tokopedia.com/gadget-centre/infinix-note-50s-5g-8-256gb-up-to-16gb-extended-ram-dimensity-7300-ultimate-6-78-3d-curved-fhd-amoled-64mp-ois-5200-mah-nfc-garansi-resmi-1732008147904726737,Rp3374000,Rp3399000,,,3,gadget-centre,,2026-10-03 09:55:20.723708
Infinix Note 50s,Infinix Note 50S 5G+ 8/256GB - Up to 16GB Extended RAM - Dimensity 7300 Ultimate - 6.78” 3D Curved FHD+ Amoled - 64MP OIS,https://www.tokopedia.com/majufr/infinix-note-50s-5g-8-256gb-up-to-16gb-extended-ram-dimensity-7300-ultimate-6-78-3d-curved-fhd-amoled-64mp-ois-1731589332217529818,Rp4450000,,,5.0,18,majufr,,2026-10-03 09:55:20.726552
Infinix Note 50s,Infinix Note 50S 5G+ 8/256GB - Up to 16GB Extended RAM - Dimensity 7300 Ultimate - 6.78” 3D Curved FHD+ Amoled - 64MP OIS - 5200 mAh - NFC - Titanium Grey q1,https://www.tokopedia.com/arie-ramadhani-07/infinix-note-50s-5g-8-256gb-up-to-16gb-extended-ram-dimensity-7300-ultimate-6-78-3d-curved-fhd-amoled-64mp-ois-5200-mah-nfc-titanium-grey-q1-1731875979677107726,Rp3174000,Rp3199000,,,4,arie-ramadhani-07,,2026-10-03 09:55:20.729492
Infinix Note 50s,Infinix Note 50S 5G+ 8/256GB - Up to 16GB Extended RAM - Dimensity 7300 Ultimate - 6.78” 3D Curved FHD+ Amoled - 64MP OIS - 5200 mAh - NFC,https://www.tokopedia.com/infinitygadgetind/infinix-note-50s-5g-8-256gb-up-to-16gb-extended-ram-dimensity-7300-ultimate-6-78-3d-curved-fhd-amoled-64mp-ois-5200-mah-nfc-1731531254047279005,Rp3075000,Rp3100000,,,5,infinitygadgetind,,2026-10-03 09:55:20.732136
Infinix Note 50s,INFINIX Note 50s 5G+ (8/256GB) Dimensity Original RESMI,https://www.tokopedia.com/jaya-mandirielektro/infinix-note-50s-5g-8-256gb-dimensity-original-resmi-1735659509561788029,Rp3300001,,,4.0,12,jaya-mandirielektro,,2026-10-03 09:55:20.734702
Infinix Note 50s,Infinix Note 50S 5G+ 8/256 Resmi,https://www.tokopedia.com/dison-cell/infinix-note-50s-5g-8-256-resmi-1732257844197099105,Rp3200000,,,,4,dison-cell,,2026-10-03 09:55:20.736996
Infinix Note 50s,Infinix Note 50s 5G+ 8/256gb baru segel garansi resmi nfc fingerprint,https://www.tokopedia.com/mei-cellular-pgc/infinix-note-50s-5g-8-256gb-baru-segel-garansi-resmi-nfc-fingerprint-1731473410168423563,Rp4299000,,,5.0,1,mei-cellular-pgc,,2026-10-03 09:55:20.739923
Infinix Note 50s,"infinix note 50, 50x, 50s, 50pro, 256gb, AMOLED PROMO",https://www.tokopedia.com/prelovedwiori/infinix-note-50-50x-50s-50pro-256gb-amoled-promo-1734179332865689519,Rp2695000,Rp2720000,,5.0,1,prelovedwiori,,2026-10-03 09:55:20.742259
Infinix Note 50s,Infinix note 50S 8/256 Gb,https://www.tokopedia.com/violaona-store/infinix-note-50s-8-256-1736457581982352844,Rp2550000,,,,9,violaona-store,,2026-10-03 09:55:20.744794
Infinix Note 50s,INFINIX NOTE 50S - 8/256GB RAM - DIMENSITY 7300 - REPACK,https://www.tokopedia.com/impostore/infinix-note-50s-8-256gb-ram-dimensity-7300-repack-1733685076170475141,Rp3124000,Rp3149000,,,2,impostore,,2026-10-03 09:55:20.747035
Infinix Note 50x,Infinix Note 50X 5G+ 8/256 Resmi,https://www.tokopedia.com/dison-cell/infinix-note-50x-5g-8-256-resmi-1732094943410947681,Rp2675000,Rp2700000,,5.0,8,dison-cell,,2026-10-03 09:59:33.034311
Infinix Note 50x,infinix note 50X ram 8GB rom 256GB,https://www.tokopedia.com/nouval-store/infinix-note-50x-ram-8gb-rom-256gb-1732740789492155844,Rp1975000,Rp2000000,,,,nouval-store,,2026-10-03 09:59:33.040247
Infinix Note 50x,infinix note 50x 5G 8/256 up to 16GB extended RAM dimensity 7300 Ultimate 6.67 50MP OIS,https://www.tokopedia.com/547-store/infinix-note-50x-5g-8-256-up-to-16gb-extended-ram-dimensity-7300-ultimate-6-67-50mp-ois-1732014685239084877,Rp2750000,,,,547,547-store,,2026-10-03 09:59:33.043162
Infinix Note 50x,Infinix Note 50X 5G+ 8/256GB - Up to 16GB Extended RAM - Dimensity 7300 Ultimate - 6.67” HD+ - 50MP OIS - 5200 mAh - NFC,https://www.tokopedia.com/jaya-mandirielektro/infinix-note-50x-5g-8-256gb-up-to-16gb-extended-ram-dimensity-7300-ultimate-6-67-hd-50mp-ois-5200-mah-nfc-1734318549878277757,Rp3080001,,,5.0,12,jaya-mandirielektro,,2026-10-03 09:59:33.045828
Infinix Note 50x,Infinix Note 50X 5G+ 8/256GB - Up to 16GB Extended RAM - Dimensity 7300 Ultimate - 6.67” HD+ - 50MP OIS - 5200 mAh - NFC,https://www.tokopedia.com/olshopbaba01/infinix-note-50x-5g-8-256gb-up-to-16gb-extended-ram-dimensity-7300-ultimate-6-67-hd-50mp-ois-5200-mah-nfc-1735307690491807159-1735307860695811511,Rp2844000,Rp2869000,,,,olshopbaba01,,2026-10-03 09:59:33.048452
Infinix Note 50x,INFINIX NOTE 50X 5G 8/256GB segel original,https://www.tokopedia.com/gadgedmurah-1/infinix-note-50x-5g-8-256gb-1735297500938012574,Rp3100000,,,5.0,4,gadgedmurah-1,,2026-10-03 09:59:33.051092
Infinix Note 50x,infinix note 50x 5G 8+8/256 purpel,https://www.tokopedia.com/4lapanstore/oppo-reno-13-5g-12-256gb-new-bergaransi-resmi-indonesia-gratis-tws-enco-buds-3pro-1732004116093110041,Rp3800000,,,4.9,4,4lapanstore,,2026-10-03 09:59:33.053750
Infinix Note 50x,"infinix note 50, 50x, 50s, 50pro, 256gb, AMOLED PROMO",https://www.tokopedia.com/prelovedwiori/infinix-note-50-50x-50s-50pro-256gb-amoled-promo-1734179332865689519,Rp2695000,Rp2720000,,5.0,1,prelovedwiori,,2026-10-03 09:59:33.056367
Infinix Note 50x,Infinix Note 50x 8/256 5G+ Garansi Resmi,https://www.tokopedia.com/hpkusemarang/infinix-note-50x-8-256-5g-garansi-resmi-1731939138380530895,Rp2574000,Rp2599000,,,4,hpkusemarang,,2026-10-03 09:59:33.059096
Infinix Note 50x,infinix note 50x 5g 8/256 second garansi resmi indonesia,https://www.tokopedia.com/mlc-store-memberlutficell/infinix-note-50x-5g-8-256-second-garansi-resmi-indonesia-1735617159223411903,Rp2899000,,,5.0,2,mlc-store-memberlutficell,,2026-10-03 09:59:33.061985
Infinix Note 60 Ultra,Infinix Note 60 Ultra 12/512GB - Up to 24GB Extended RAM - Mediatek Dimensity 8400 Ultimate - 6.78” 1.5K Amoled - 200MP - 7000 mAh - 100W Charging - NFC,https://www.tokopedia.com/officialinfinix/infinix-note-60-ultra-12-512gb-coming-soon-21-april-2026-1735138146186397060-1735138160234038660,Rp11974000,Rp11999000,,5.0,9,officialinfinix,,2026-10-01 07:02:52.419199
Infinix Note 60 Ultra,"41% Infinix Note 60 Ultra 12Gb 512Gb 6.78"" 144Hz Garansi Resmi Indonesia",https://www.tokopedia.com/agresidbandung/infinix-note-60-ultra-12gb-512gb-1735341219646637240-1735341378216428728,Rp10699000,Rp17998800,,,1,agresidbandung,,2026-10-01 07:02:52.422542
Infinix Note 60 Ultra,Infinix Note 60 Ultra [12/512 GB] Special Edititon Garansi Resmi Indonesia,https://www.tokopedia.com/duniagadgetku/infinix-note-60-ultra-12-512-gb-special-edititon-garansi-resmi-indonesia-1735245933357598523-1735322899403343675,Rp10998500,Rp10999000,,5.0,10,duniagadgetku,,2026-10-01 07:02:52.425236
Infinix Note 60 Ultra,infinix note 60 ultra 12/512gb Pininfarina edition resmi fullset second bekas,https://www.tokopedia.com/ponselkamuh/infinix-note-60-ultra-12-512gb-pininfarina-edition-second-bekas-fullset-1735541688909006777,Rp8900000,,,,,ponselkamuh,,2026-10-01 07:02:52.427729
Infinix Note 60 Ultra,"INFINIX NOTE 60 Ultra 5G [12/512GB] - Design By Pininfarina Edition, MediaTek Dimensity 8400 | GARANSI RESMI INFINIX INDONESIA",https://www.tokopedia.com/grandstorecell/hydrogell-screen-protector-crystal-clear-infinix-note-60-ultra-12-512gb-garansi-resmi-1735619537809147335-1735647788893898183,Rp10997000,Rp10999000,,5.0,60+,grandstorecell,,2026-10-01 07:02:52.430313
Infinix Note Edge,34% Infinix Note Edge 5G [8/128 GB] [8/256 GB] Garansi Resmi Infinix Indonesia,https://www.tokopedia.com/duniagadgetku/infinix-note-edge-5g-8-256-gb-garansi-resmi-infinix-indonesia-1734005276295333691-1736440509227304763,Rp3948500,Rp5999000,,4.9,1rb+,duniagadgetku,,2026-10-03 08:30:37.769043
Infinix Note Edge,Infinix Note Edge 5G+ 8/128GB - Up to 16GB Extended RAM - Dimensity 7100 5G - 6.78” 3D Curved Amoled - 50MP - 6500 mAh - NFC,https://www.tokopedia.com/officialinfinix/infinix-note-edge-5g-8-128gb-up-to-16gb-extended-ram-dimensity-7100-5g-6-78-3d-curved-amoled-50mp-6500-mah-nfc-1734452328902002052,Rp3959000,Rp4099000,,5.0,100+,officialinfinix,,2026-10-03 08:30:37.774766
Infinix Note Edge,[ PROMO } INFINIX NOTE EDGE 5G 8/256 NEW GARANSI RESMI,https://www.tokopedia.com/j3-shop/exclusive-gadget-update-infinix-note-edge-5g-8-256-new-garansi-resmi-1733980568193631772-1736857817287591452,Rp4699000,,,,,j3-shop,,2026-10-03 08:30:37.777435
Infinix Note Edge,Infinix Note Edge 8GB/128GB 8GB/256GB Prosesor Dimensity 7100- Garansi Resmi Nasional,https://www.tokopedia.com/gadgetinaofficial/infinix-note-edge-8gb-256gb-prosesor-dimensity-7100-garansi-resmi-nasional-1734078466086896682-1736943413314552874,Rp4315000,,,,6,gadgetinaofficial,,2026-10-03 08:30:37.779816
Infinix Note Edge,13% [ allkomputer ] Infinix Note Edge 8/128 8/256 Curved AMOLED 120Hz Fast Charging Garansi Resmi Baru,https://www.tokopedia.com/allkomputejkt/allkomputer-infinix-note-edge-8-128-8-256-curved-amoled-120hz-fast-charging-garansi-resmi-baru-1737083090054973192-1737083251621136136,Rp3562618,Rp4118430,,,11,allkomputejkt,,2026-10-03 08:30:37.783051
Infinix Note Edge,[ LIVE SPESIAL ] INFINIX NOTE EDGE 5G 8/256 NEW GARANSI RESMI,https://www.tokopedia.com/j3gold/live-spesial-infinix-note-edge-5g-8-256-new-garansi-resmi-1733980380227798463-1736630352940795327,Rp3999000,,,4.9,70+,j3gold,,2026-10-03 08:30:37.785795
Infinix Note Edge,20% {AFFILIATE} INFINIX NOTE EDGE 5G RAM 8 ROM 128 256GB ORIGINAL Garansi Resmi 12BULAN,https://www.tokopedia.com/premiumofficial/affiliate-infinix-note-edge-5g-ram-8-256-original-garansi-resmi-1734095723768284663-1736526714338641399,Rp3999000,Rp5000000,,,1,premiumofficial,,2026-10-03 08:30:37.788155
Infinix Note Edge,INFINIX NOTE EDGE 5G NFC RAM 8/256GB (Up to 16GB Extended RAM - Dimensity 7100 5G - 6.78” 3D Curved Amoled) Garansi resmi indonesia,https://www.tokopedia.com/spideronlineshop/infinix-note-edge-5g-nfc-ram-8-256gb-up-to-16gb-extended-ram-dimensity-7100-5g-6-78-3d-curved-amoled-garansi-resmi-indonesia-1734079400442561541-1737315005566714885,Rp4100000,Rp4300000,,4.0,3,spideronlineshop,,2026-10-03 08:30:37.790564
Infinix Note Edge,11% (PROMO LIVE) INFINIX NOTE EDGE 5G 8/256 & 8/128 GARANSI RESMI,https://www.tokopedia.com/bintangempatcell/promo-live-infinix-note-edge-5g-8-256-garansi-resmi-1733972772462298609-1736345566311777777,Rp4149000,Rp4649000,,5.0,100+,bintangempatcell,,2026-10-03 08:30:37.792862
Infinix Smart 10,Infinix SMART 10 Original dengan Garansi Resmi dan Bluetooth Lebih Smooth dan Durable PastiDapatLebih,https://www.tokopedia.com/ubaystore88/infinix-smart-10-original-dengan-garansi-resmi-dan-bluetooth-lebih-smooth-dan-durable-pastidapatlebih-1732182005374289077,Rp1174000,Rp1199000,,,40+,ubaystore88,,2026-10-03 09:39:02.684105
Infinix Smart 10,Infinix Smart 10 Ram 4/128gb | 120Hz Smooth Display | T7250 | Bateray 5000mAh,https://www.tokopedia.com/sgc-gemilang-cell/infinix-smart-10-ram-4-128gb-120hz-smooth-display-t7250-bateray-5000mah-1732265192970028701,Rp1225000,Rp1250000,,,14,sgc-gemilang-cell,,2026-10-03 09:39:02.687525
Infinix Smart 10,Infinix smart 10 4/64 - up to 8Gb extended ram-6.67inch 120Hz HD+ -T7250.5000mah,https://www.tokopedia.com/serang-store-403/infinix-smart-10-4-64-up-to-8gb-extended-ram-6-67inch-120hz-hd-t7250-5000mah-1732123947948869437,Rp1074000,Rp1099000,,,30+,serang-store-403,,2026-10-03 09:39:02.690158
Infinix Smart 10,[TERMURAH] Infinix Smart 10 4/64GB Unisoc T7250 (12 nm),https://www.tokopedia.com/familycellular/termurah-infinix-smart-10-4-64gb-unisoc-t7250-12-nm-1731899918720140449-1737642007485908129,Rp1638750,Rp1725000,,4.9,60+,familycellular,,2026-10-03 09:39:02.692641
Infinix Smart 10,Infinix Smart 10 4/128 - Selempang Mic - Smartphone dengan Kapasitas 4GB RAM dan 128GB ROM - Dibuat di Indonesia,https://www.tokopedia.com/kapuas-cellular/infinix-smart-10-4-128-selempang-mic-smartphone-dengan-kapasitas-4gb-ram-dan-128gb-rom-dibuat-di-indonesia-1737616930073380211,Rp1600000,,,,,kapuas-cellular,,2026-10-03 09:39:02.695370
Infinix Smart 10,Infinix Smart 10 4/128gb Fullset Second Garansi Resmi,https://www.tokopedia.com/phone-store23/infinix-smart-10-4-128gb-fullset-second-garansi-resmi-1732014683564574520,Rp1500000,,,5.0,4,phone-store23,,2026-10-03 09:39:02.697943
Infinix Smart 10,infinix smart 10 ram 8gb(4+4) rom 128gb garansi resmi,https://www.tokopedia.com/kimpo-cellular-palembang/infinix-smart-10-ram-8gb-4-4-rom-128gb-garansi-resmi-1731711168108070833,Rp1225000,Rp1250000,,,17,kimpo-cellular-palembang,,2026-10-03 09:39:02.700314
Infinix Smart 10,infinix smart 10 Ram 4|128gb resmi,https://www.tokopedia.com/kiosbelihape/infinix-smart-10-ram-4-128gb-resmi-1731823032025974584,Rp1325000,Rp1350000,,,1,kiosbelihape,,2026-10-03 09:39:02.702875
Infinix Smart 10 Plus,INFINIX SMART 10 PLUS 8GB 128GB TITANIUM SILVER,https://www.tokopedia.com/gagdet-indo/infinix-smart-10-plus-8gb-128gb-titanium-silver-1733712716013602319,Rp1445000,Rp1470000,,,18,gagdet-indo,,2026-10-03 09:35:10.744953
Infinix Smart 10 Plus,Infinix smart 10 plus ram 8/128 biru,https://www.tokopedia.com/vandellastore14/infinix-smart-10-plus-ram-8-128-biru-1733686106386957769,Rp1185000,Rp1210000,,,6,vandellastore14,,2026-10-03 09:35:10.750817
Infinix Smart 10 Plus,"Infinix Smart 10 plus 8/128GB Up To 16GB Extended RAM - 6.67inch 120Hz HD+ - 6000mAh Garansi Resmi - titanium silver, 8/128Infinix Smart 10 plus 8/128GB Up To 16GB Extended RAM - 6.67inch 120Hz HD+ - 6000mAh Garansi Resmi - titanium silver, 8/128",https://www.tokopedia.com/berkah-phonecell/infinix-smart-10-plus-8-128gb-up-to-16gb-extended-ram-6-67inch-120hz-hd-6000mah-garansi-resmi-titanium-silver-8-128infinix-smart-10-plus-8-128gb-up-to-16gb-extended-ram-6-67inch-120hz-hd-6000mah-garansi-resmi-titanium-silver-8-128-1737331133265905377-1737331293529016033,Rp2250000,Rp2275000,,,,berkah-phonecell,,2026-10-03 09:35:10.753534
Infinix Smart 10 Plus,INFINIX SMART 10 PLUS 8+8/128GB BNOB GARANSI RESMI INDONESIA,https://www.tokopedia.com/rumahponselsurabaya/infinix-smart-10-plus-8-8-128gb-bnob-garansi-resmi-indonesia-1733614542766901100,Rp2399999,,,5.0,50+,rumahponselsurabaya,,2026-10-03 09:35:10.755817
Infinix Smart 10 Plus,INFINIX SMART 10 PLUS 8GB 128GB GARANSI RESMI INDONESIA,https://www.tokopedia.com/laptopproject/infinix-smart-10-plus-8gb-128gb-garansi-resmi-indonesia-1732466236213003671,Rp1524000,Rp1549000,,,8,laptopproject,,2026-10-03 09:35:10.758263
Infinix Smart 10 Plus,"Infinix Smart 10 Plus 8/128 GARANSI RESMI,  100% ORIGINAL Smartphone Kamera Camera Wifi",https://www.tokopedia.com/ifx-store-pontianak/infinix-smart-10-plus-8-128-garansi-resmi-100-original-smartphone-kamera-camera-wifi-1732913219317302435,Rp1474000,Rp1499000,,,8,ifx-store-pontianak,,2026-10-03 09:35:10.760736
Infinix Smart 10 Plus,Infinix Smart 10 plus 8/128GB Up To 16GB Extended RAM - 6.67inch 120Hz HD+ - 6000mAh Garansi Resmi,https://www.tokopedia.com/nutzzcellular/infinix-smart-10-plus-8-128gb-up-to-16gb-extended-ram-6-67inch-120hz-hd-6000mah-garansi-resmi-1732954473426617839,Rp2200000,,,5.0,40+,nutzzcellular,,2026-10-03 09:35:10.763432
Infinix Smart 10 Plus,Infinix Smart 10 Plus 8/128 GB,https://www.tokopedia.com/okman/infinix-smart-10-plus-8-128-gb-1732290195905021432,Rp1465000,Rp1490000,,,7,okman,,2026-10-03 09:35:10.765856
Infinix Smart 10 Plus,INFINIX SMART 10 PLUS NEW BERGARANSI RESMI,https://www.tokopedia.com/gedank-pusat-probolinggo/infinix-smart-10-plus-new-bergaransi-resmi-1733889298242635609,Rp1474000,Rp1499000,,,2,gedank-pusat-probolinggo,,2026-10-03 09:35:10.768432
Infinix Smart 20,44% [ TP ] INFINIX SMART 20 ( 4/128GB ) GARANSI RESMI,https://www.tokopedia.com/digital-electronics-lifestyle/tp-infinix-smart-20-4-128gb-garansi-resmi-1735708308763411988-1735708327934461460,Rp1974000,Rp3500000,,5.0,4rb+,digital-electronics-lifestyle,,2026-10-01 07:16:14.058745
Infinix Smart 20,[New Launch] Infinix Smart 20 4/128GB - Up to 8GB Extended RAM - Mediatek Helio G81 - 6.78” - 8MP - 5200 mAh - IP64,https://www.tokopedia.com/gimugimumobile/new-launch-infinix-smart-20-4-128gb-up-to-8gb-extended-ram-mediatek-helio-g81-6-78-8mp-5200-mah-ip64-1734571989657748768-1734572106828580128,Rp2249000,Rp2299000,,5.0,2rb+,gimugimumobile,,2026-10-01 07:16:14.062666
Infinix Smart 20,54% [KT] INFINIX SMART 20 4GB 64GB | 4GB 128GB Garansi Resmi,https://www.tokopedia.com/agresid/infinix-smart-20-4gb-64gb-4gb-128gb-garansi-resmi-1729589319101941827-1735542999195092035,Rp2009000,Rp4399000,,4.9,1rb+,agresid,,2026-10-01 07:16:14.065821
Infinix Smart 20,Infinix Smart 20 4/64GB 4/128GB - Up to 8GB Extended RAM - Mediatek Helio G81 - 6.78” - 8MP - 5200 mAh - IP64,https://www.tokopedia.com/agresidjakartaselatan/infinix-smart-20-4gb-64gb-4gb-128gb-garansi-resmi-4gb-64gb-polaris-titanium-1735149053596108559-1735336973027018511,Rp2999000,,,5.0,250+,agresidjakartaselatan,,2026-10-01 07:16:14.068627
Infinix Smart 20,Infinix Smart 20 4/256GB - Up to 8GB Extended RAM - Mediatek Helio G81 - 6.78” - 8MP - 5200 mAh - IP64,https://www.tokopedia.com/officialinfinix/infinix-smart-20-4-256gb-up-to-8gb-extended-ram-mediatek-helio-g81-6-78-8mp-5200-mah-ip64-1735346034882020740-1735346050859566468,Rp2209000,Rp2399000,,5.0,6rb+,officialinfinix,,2026-10-01 07:16:14.071388
Infinix Smart 20,44% [ TP ] INFINIX SMART 20 ( 4/128GB ) GARANSI RESMI,https://www.tokopedia.com/dadriveofficialstore/tp-infinix-smart-20-4-128gb-garansi-resmi-1735708326164268871-1735708358766856007,Rp1974000,Rp3500000,,5.0,750+,dadriveofficialstore,,2026-10-01 07:16:14.074040
Infinix Smart 20,[HARGA AMBYAR] Infinix Smart 20 4/256GB - Up to 8GB Extended RAM - Mediatek Helio G81 - 6.78” - 8MP - 5200 mAh - IP64,https://www.tokopedia.com/modern-selular/infinix-smart-20-4-256gb-up-to-8gb-extended-ram-mediatek-helio-g81-6-78-8mp-5200-mah-ip64-1735376647984940055-1735376716309038103,Rp2249000,Rp2399000,,4.9,750+,modern-selular,,2026-10-01 07:16:14.077139
Infinix Smart 20,[HARGA AMBYAR] Infinix Smart 20 4/64GB - Up to 8GB Extended RAM - Mediatek Helio G81 - 6.78” - 8MP - 5200 mAh - IP64,https://www.tokopedia.com/modern-selular/infinix-smart-20-4-64gb-up-to-8gb-extended-ram-mediatek-helio-g81-6-78-8mp-5200-mah-ip64-1734572225330643991-1734572154786120727,Rp2049000,Rp2199000,,4.9,2rb+,modern-selular,,2026-10-01 07:16:14.079736
Infinix Smart 20,Infinix Smart 20 4/64GB - Up to 8GB Extended RAM - Mediatek Helio G81 - 6.78” - 8MP - 5200 mAh - IP64,https://www.tokopedia.com/airy-cell/infinix-smart-20-4-64gb-up-to-8gb-extended-ram-mediatek-helio-g81-6-78-8mp-5200-mah-ip64-1734874906338690272,Rp1475000,Rp1500000,,5.0,50+,airy-cell,,2026-10-01 07:16:14.082291
Infinix Xpad 20,26% Infinix Xpad 20 LTE [8/256 GB] Garansi Resmi Infinix Indonesia,https://www.tokopedia.com/duniagadgetku/infinix-xpad-20-lte-8-256-gb-garansi-resmi-infinix-indonesia-1731604526598293307-1736109150771316539,Rp3698500,Rp4999000,,5.0,2rb+,duniagadgetku,,2026-10-03 09:42:54.719685
Infinix Xpad 20,Infinix Xpad 20 8/256GB Garansi Resmi,https://www.tokopedia.com/maremacell/infinix-xpad-20-8-256gb-garansi-resmi-1732116495852471577,Rp2424000,Rp2449000,,,7,maremacell,,2026-10-03 09:42:54.723157
Infinix Xpad 20,26% Infinix Xpad | Infinix Xpad 20 LTE [4/256 GB] [8/256 GB]  Garansi Resmi Infinix Indonesia,https://www.tokopedia.com/duniagadgetku/infinix-xpad-infinix-xpad-20-lte-4-256-gb-8-256-gb-garansi-resmi-infinix-indonesia-1731611931629619003,Rp3698500,Rp4999000,,5.0,1rb+,duniagadgetku,,2026-10-03 09:42:54.726339
Infinix Xpad 20,Infinix Xpad 20 Tablet 256GB 8GB RAM Garansi Resmi 12 Bulan,https://www.tokopedia.com/viishoping/infinix-xpad-20-tablet-256gb-8gb-ram-garansi-resmi-12-bulan-1732330207795578323,Rp4700000,,,,4,viishoping,,2026-10-03 09:42:54.729354
Infinix Xpad 20,"Infinix XPAD 20 8/256GB - Mediatek G88 - 11"" 90Hz FHD+ - 7000 mAh - 4G LTE",https://www.tokopedia.com/eleora-714/infinix-xpad-20-8-256gb-mediatek-g88-11-90hz-fhd-7000-mah-4g-lte-1732394808121984906,Rp2324000,Rp2349000,,,1,eleora-714,,2026-10-03 09:42:54.732353
Infinix Xpad 20,INFINIX XPAD 20 RAM 8/256 GB GARANSI RESMI INFINIX,https://www.tokopedia.com/mitraponsel88/infinix-xpad-20-ram-8-256-gb-garansi-resmi-infinix-1732175239574816301-1735868995599304237,Rp2679000,Rp2799000,,5.0,6,mitraponsel88,,2026-10-03 09:42:54.734891
Infinix Xpad 20,18% Infinix Xpad 20 Garansi Resmi Infinix Indonesia,https://www.tokopedia.com/teknotrend/handphone-hp-infinix-note-50-pro-8-256gb-up-to-16gb-extended-ram-helio-g100-ultimate-6-78-fhd-amoled-50mp-ois-5200-mah-nfc-1731976786670028738,Rp4158500,Rp5048000,,5.0,100+,teknotrend,,2026-10-03 09:42:54.737769
Infinix Xpad 20,INFINIX XPAD 20 RAM 8 GB / 256 GB,https://www.tokopedia.com/platinumos/infinix-xpad-20-ram-8-gb-256-gb-1732235732627719328,Rp2324000,Rp2349000,,,2,platinumos,,2026-10-03 09:42:54.740670
Infinix Xpad 20,Infinix XPad 20 8/256 & 4/128 gb New Garansi Resmi,https://www.tokopedia.com/primajayacell/infinix-xpad-20-8-256-4-128-gb-new-garansi-resmi-1733769928525448691,Rp2775000,,,,4,primajayacell,,2026-10-03 09:42:54.744107
Infinix Xpad 20 Pro,"Infinix XPAD 20 Pro 8/128GB - Mediatek G100 Ultimate - 12"" 2K 90Hz  - 8000 mAh - 4G LTE",https://www.tokopedia.com/officialinfinix/infinix-xpad-20-pro-8-128gb-mediatek-g100-ultimate-12-2k-90hz-8000-mah-4g-lte-1732714387297961348-1735675474261607812,Rp3724000,Rp3899000,,4.9,1rb+,officialinfinix,,2026-10-03 08:37:01.652999
Infinix Xpad 20 Pro,42% [CO3] INFINIX XPAD 20 PRO 8GB 256GB Garansi Resmi,https://www.tokopedia.com/agresid/infinix-xpad20-pro-8gb-256gb-garansi-resmi-1734425652387873859-1736937087682380867,Rp4221970,Rp7299000,,5.0,14,agresid,,2026-10-03 08:37:01.658644
Infinix Xpad 20 Pro,24% Infinix Xpad 20 Pro [8/256 GB] Garansi Resmi Infinix Indonesia,https://www.tokopedia.com/duniagadgetku/infinix-xpad-20-pro-8-256-gb-garansi-resmi-infinix-indonesia-1732747389077325627,Rp4198500,Rp5499000,,5.0,500+,duniagadgetku,,2026-10-03 08:37:01.661722
Infinix Xpad 20 Pro,17% Creator ST - Infinix XPad 20 Pro 8GB+256GB - Display 12 Inch - Mediatek Helio G100 Ultimate New - 8000mAh - Garansi Resmi,https://www.tokopedia.com/36shop/creator-st-infinix-xpad-20-pro-8gb-256gb-display-12-inch-mediatek-helio-g100-ultimate-new-8000mah-garansi-resmi-1736686381599655314-1736686672850683282,Rp4153000,Rp4999000,,5.0,3636.,36shop,,2026-10-03 08:37:01.664143
Infinix Xpad 20 Pro,Infinix XPad 20 Pro [8/128GB] [8/256GB] Garansi Resmi,https://www.tokopedia.com/royalltech/apple-ipad-mini-7-2024-wi-fi-512gb-256gb-128gb-8-3-inch-7th-gen-1734629241501418999,Rp6974000,Rp6999000,,5.0,100+,royalltech,,2026-10-03 08:37:01.667263
Infinix Xpad 20 Pro,[CREATOR] Tablet INFINIX XPAD 20 PRO 8GB 256GB GARANSI RESMI,https://www.tokopedia.com/agres-id-bintaro/special-creator-tablet-infinix-xpad-20-pro-8gb-256gb-garansi-resmi-1737204717087721319-1737204687536490343,Rp4138990,Rp4139990,,,,agres-id-bintaro,,2026-10-03 08:37:01.669699
Infinix Xpad 20 Pro,39% Infinix XPad 20 Pro 8/128GB 8/256GB Garansi Resmi,https://www.tokopedia.com/digitechmall/infinix-xpad-20-pro-8-128gb-8-256gb-garansi-resmi-1734434679472424563,Rp3666901,Rp5999000,,4.9,100+,digitechmall,,2026-10-03 08:37:01.672418
Infinix Xpad 20 Pro,"46% Infinix XPAD 20 Pro 8/256GB - Mediatek G100 Ultimate - 12"" 2K 90Hz - 8000 mAh - 4G LTE - XPAD 30E XPAD 20",https://www.tokopedia.com/rogsstoreid/infinix-xpad-20-lte-8-256-gb-garansi-resmi-infinix-indonesia-1731610475947918668-1735689235021268300,Rp2719000,Rp4999000,,4.9,13,rogsstoreid,,2026-10-03 08:37:01.674594
Infinix Xpad 20 Pro,Infinix XPad 20 PRO 8GB 256GB 4G LTE 90Hz IPS 8000mAh Tablet Android 15 Mediatek Helio G100 Ultimate 12 Inci 2000x1200 450nits 18W,https://www.tokopedia.com/infinix-official-store/infinix-xpad-20-pro-8gb-256gb-4g-lte-90hz-ips-8000mah-tablet-android-15-mediatek-helio-g100-ultimate-12-inci-2000x1200-450nits-18w-1732864777899246696-1735066618573259880,Rp10000000,,,4.9,750+,infinix-official-store,,2026-10-03 08:37:01.676970
Infinix Xpad 20 Pro,51% Infinix Xpad 20 Pro 8/256GB | Xpad 20 Garansi Resmi,https://www.tokopedia.com/distriponsel/infinix-xpad-20-pro-8-256gb-xpad-20-garansi-resmi-1733756967395100070,Rp4149000,Rp8408000,,5.0,250+,distriponsel,,2026-10-03 08:37:01.679380
Infinix Xpad 30 Pro,( Special Creator ) Infinix Xpad 30 Pro ( 8/128 4/128 ) Garansi Resmi,https://www.tokopedia.com/ini-toko-budi-shop/itel-feature-phone-it2173-it2320b-it5026-garansi-resmi-1737683145927788007,Rp3449000,Rp3450000,,5.0,750+,ini-toko-budi-shop,,2026-10-01 06:45:19.015250
Infinix Xpad 30 Pro,"Infinix XPAD 30 Pro 4/128GB - MediaTek Helio G200 Ultimate - 11"" FHD+ 90Hz  - 8200 mAh - 4G LTE",https://www.tokopedia.com/officialinfinix/infinix-xpad-30-pro-4-128gbgb-coming-soon-24-agustus-12-00-wib-1736984191637882244-1736984198368888196,Rp3449000,Rp3499000,,5.0,20,officialinfinix,,2026-10-01 06:45:19.020800
Infinix Xpad 30 Pro,44% INFINIX XPAD 30 PRO 12.0 4G 4GB 128GB MEDIATEK HELIO G200,https://www.tokopedia.com/megamakmurelektronik/infinix-xpad-30-pro-12-0-4g-4gb-128gb-mediatek-helio-g200-1737199777326204263-1737199831292085607,Rp3364000,Rp5999000,,5.0,10,megamakmurelektronik,,2026-10-01 06:45:19.023137
Infinix Xpad 30 Pro,50% [ Mega Deals ] Infinix Xpad 30 Pro 4G 8/128GB 4/128GB Grey Garansi Resmi - [Digitech MallxCreator],https://www.tokopedia.com/digitechmall/mega-deals-infinix-xpad-30-pro-4g-8-128gb-4-128gb-grey-garansi-resmi-digitech-mallxcreator-1737655532972902003-1737655732838696563,Rp3516000,Rp6999000,,,,digitechmall,,2026-10-01 06:45:19.025502
Infinix Xpad 30 Pro,Infinix Xpad 30 Pro 4G 4/128 8/128 GB Garansi Resmi,https://www.tokopedia.com/ljsofficial/infinix-xpad-20-pro-4g-8-256-gb-garansi-resmi-1737585688736204190-1737585741570409886,Rp3449000,,,,,ljsofficial,,2026-10-01 06:45:19.028091
Infinix Xpad 30 Pro,INFINIX XPAD 30 PRO 4/128 GB | 8/128 GB GARANSI RESMI,https://www.tokopedia.com/qstore-pedia/infinix-gt-20-pro-5g-8-256-gb-garansi-resmi-1730968344589075852-1737675469505135701,Rp3449000,Rp3800000,,5.0,8,qstore-pedia,,2026-10-01 06:45:19.030321
Infinix Xpad 30 Pro,Infinix Xpad 30 Pro 4/128 GB I 8/128 GB Garansi Resmi,https://www.tokopedia.com/gudang-hp/infinix-xpad-30-pro-4-128-gb-i-8-128-gb-garansi-resmi-1737463582226745256-1737463623875659688,Rp3490000,,,,,gudang-hp,,2026-10-01 06:45:19.032298
Infinix Xpad 30 Pro,50% [ FS ] Infinix Xpad 30 Pro 4G 8/128GB 4/128GB Grey Garansi Resmi,https://www.tokopedia.com/digitechmall/fs-infinix-xpad-30-pro-4g-8-128gb-4-128gb-grey-garansi-resmi-1737655734504621683-1737655735150937715,Rp3480000,Rp6999000,,,,digitechmall,,2026-10-01 06:45:19.034335
Infinix Xpad 30 Pro,Infinix Xpad 30 Pro 4/128 8/128 Garansi Resmi,https://www.tokopedia.com/ini-toko-budi-shop/itel-s23-plus-s23-8-256-garansi-resmi-new-1737352849619977703,Rp3398000,Rp3399000,,5.0,2rb+,ini-toko-budi-shop,,2026-10-01 06:45:19.036381
Oppo A6c,Oppo A6c 4/64GB 4/128GB Garansi Resmi,https://www.tokopedia.com/myfon-teleshop/oppo-a6c-4-64gb-4-128gb-garansi-resmi-1736014737710024325-1736015041749616261,Rp2525000,Rp2699000,,5.0,70+,myfon-teleshop,,2026-10-03 09:51:29.544562
Oppo A6c,Oppo A6C 4/64GB Purple Smartphone Android CPH2895_4/64_FP,https://www.tokopedia.com/myhartono/oppo-a6c-4-64gb-purple-smartphone-android-cph2895-4-64-fp-1735993706426369389,Rp2709000,,,5.0,6,myhartono,,2026-10-03 09:51:29.547418
Oppo A6c,OPPO A6C 4/64GB | 4/128GB GARANSI RESMI,https://www.tokopedia.com/uwinfly-dunia-niaga-jaya/oppo-a6c-4-64gb-4-128gb-garansi-resmi-1735616289550403537-1735616349089859537,Rp2699000,,,,7,uwinfly-dunia-niaga-jaya,,2026-10-03 09:51:29.550161
Oppo A6c,15% [ LIVE SPESIAL ] OPPO A6C 4/64 & 4/128 NEW GARANSI RESMI,https://www.tokopedia.com/j3-shop/live-spesial-oppo-a6c-4-64-4-128-new-garansi-resmi-1735691077882512924-1735691180397463068,Rp2549000,Rp2999000,,4.9,100+,j3-shop,,2026-10-03 09:51:29.552671
Oppo A6c,OPPO A6C 4GB/64GB 4GB/128GB 7000mAh - Garansi Resmi Nasional,https://www.tokopedia.com/indahponsel/oppo-a6c-4gb-64gb-4gb-128gb-7000mah-garansi-resmi-nasional-1735787166303487565-1737792077494519373,Rp2730000,,,,,indahponsel,,2026-10-03 09:51:29.555207
Oppo A6c,22% (PROMO LIVE) OPPO A6C 4/128 & 4/64 GARANSI RESMI,https://www.tokopedia.com/bintangempatcell/promo-live-oppo-a6c-4-128-4-64-garansi-resmi-1735774477282870769-1735774846692918769,Rp2719000,Rp3489000,,5.0,5,bintangempatcell,,2026-10-03 09:51:29.557735
Oppo A6c,"29% OPPO A6C RAM [4/64GB] [4/128GB] - UNISOC T7250, 13MP | OPPO A6 C GARANSI RESMI",https://www.tokopedia.com/189-cell/oppo-a12-ram-3-32-gb-garansi-resmi-oppo-indonesia-1735586198765667874,Rp2492900,Rp3499900,,4.9,189,189-cell,,2026-10-03 09:51:29.560632
Oppo A6c,Oppo A6c 4/64GB 4/128GB A6 C HP Ponsel Android Garansi Resmi Not A6s A60,https://www.tokopedia.com/ismile-indonesia/oppo-a6c-4-64gb-4-128gb-a6-c-hp-ponsel-android-garansi-resmi-not-a6s-a60-1736162764732794763-1736162974501603211,Rp2974000,Rp2999000,,5.0,90+,ismile-indonesia,,2026-10-03 09:51:29.563338
Oppo A7 Pro Max,15% [ LIVE SPESIAL ] OPPO A6C 4/64 & 4/128 NEW GARANSI RESMI,https://www.tokopedia.com/j3-shop/live-spesial-oppo-a6c-4-64-4-128-new-garansi-resmi-1735691077882512924-1735691180397463068,Rp2549000,Rp2999000,,4.9,100+,j3-shop,,2026-10-01 07:12:14.167682
Oppo A7 Pro Max,17% [ LIVE SPESIAL ] OPPO A6T 4/64 & 4/128 & 6/128 NEW GARANSI RESMI,https://www.tokopedia.com/j3-shop/live-spesial-oppo-a6t-4-64-4-128-6-128-new-garansi-resmi-1734643949114131996-1736770767822685724,Rp2739000,Rp3299000,,4.9,100+,j3-shop,,2026-10-01 07:12:14.174096
Oppo A7 Pro Max,Oppo A6c 4/64GB 4/128GB Garansi Resmi,https://www.tokopedia.com/myfon-teleshop/oppo-a6c-4-64gb-4-128gb-garansi-resmi-1736014737710024325-1736015041749616261,Rp2525000,Rp2699000,,5.0,60+,myfon-teleshop,,2026-10-01 07:12:14.177899
Oppo A7 Pro Max,"[NEW LAUNCH] vivo Y11d - 6500mAh + 44W FlashCharge, Tahan Banting Ekstrem, Tahan Hujan IP65, 50MP Kamera Utama, Layar 120Hz Ultra Terang",https://www.tokopedia.com/vivo/new-launch-vivo-y11d-6500mah-44w-flashcharge-tahan-banting-ekstrem-tahan-hujan-ip65-50mp-kamera-utama-layar-120hz-ultra-terang-1735558834219878323-1735876459057350579,Rp2599000,Rp2859000,,5.0,250+,vivo,,2026-10-01 07:12:14.181106
Oppo A7 Pro Max,NUBIA FOCUS 2 5G 8/256 GB GARANSI RESMI NUBIA FOCUS 2 5G RAM UP TO 20 GB,https://www.tokopedia.com/gadget-ind-store-/nubia-focus-2-5g-8-256-gb-garansi-resmi-nubia-focus-2-5g-ram-up-to-20-gb-1732021019236730752,Rp2599000,,,,30+,gadget-ind-store-,,2026-10-01 07:12:14.184243
Oppo F33,Oppo A6c 4/64GB 4/128GB Garansi Resmi,https://www.tokopedia.com/myfon-teleshop/oppo-a6c-4-64gb-4-128gb-garansi-resmi-1736014737710024325-1736015041749616261,Rp2525000,Rp2699000,,5.0,70+,myfon-teleshop,,2026-10-03 09:43:25.843989
Oppo F33,"22% [BARU] OPPO Bubble Mag E-Badge [Ultra-Clear Rear Selfie View, Custom Vibe E-Badge]",https://www.tokopedia.com/oppo/hanya-uang-muka-oppo-bubble-mag-e-badge-1736140013778863313,Rp1174000,Rp1499000,,4.4,100+,oppo,,2026-10-03 09:43:25.850230
Oppo F33,17% [ LIVE SPESIAL ] OPPO A6T 4/64 & 4/128 & 6/128 NEW GARANSI RESMI,https://www.tokopedia.com/j3gold/live-spesial-oppo-a6t-4-64-4-128-6-128-new-garansi-resmi-1734644062459364799-1736771081098134975,Rp2749000,Rp3299000,,5.0,40+,j3gold,,2026-10-03 09:43:25.852809
Oppo F33,15% [ LIVE SPESIAL ] OPPO A6C 4/64 & 4/128 NEW GARANSI RESMI,https://www.tokopedia.com/j3-shop/live-spesial-oppo-a6c-4-64-4-128-new-garansi-resmi-1735691077882512924-1735691180397463068,Rp2549000,Rp2999000,,4.9,100+,j3-shop,,2026-10-03 09:43:25.855323
Oppo F33 Pro,Oppo A6c 4/64GB 4/128GB Garansi Resmi,https://www.tokopedia.com/myfon-teleshop/oppo-a6c-4-64gb-4-128gb-garansi-resmi-1736014737710024325-1736015041749616261,Rp2525000,Rp2699000,,5.0,70+,myfon-teleshop,,2026-10-03 09:39:23.500109
Oppo F33 Pro,17% [ LIVE SPESIAL ] OPPO A6T 4/64 & 4/128 & 6/128 NEW GARANSI RESMI,https://www.tokopedia.com/j3gold/live-spesial-oppo-a6t-4-64-4-128-6-128-new-garansi-resmi-1734644062459364799-1736771081098134975,Rp2749000,Rp3299000,,5.0,40+,j3gold,,2026-10-03 09:39:23.503563
Oppo F33 Pro,15% [ LIVE SPESIAL ] OPPO A6C 4/64 & 4/128 NEW GARANSI RESMI,https://www.tokopedia.com/j3-shop/live-spesial-oppo-a6c-4-64-4-128-new-garansi-resmi-1735691077882512924-1735691180397463068,Rp2549000,Rp2999000,,4.9,100+,j3-shop,,2026-10-03 09:39:23.507302
Oppo Find X10,32% [Official Store] OPPO Reno16 F 5G Eco Pack 7000mAh 80W SUPERVOOC — Garansi Resmi OPPO Indonesia,https://www.tokopedia.com/threetoone/new-launch-oppo-reno16-f-5g-eco-pack-8gb-256gb-3d-pop-planet-design-50mp-ultra-wide-selfie-camera-1736885494227371895-1736886057114961783,Rp7487040,Rp10999000,,,2,threetoone,,2026-10-01 06:49:41.157903
Oppo Find X10,"[SUPERZOOM FLASHSNAP] TECNO CAMON 50 8GB+8GB*/128GB, 50MP Sony + 8MP Ultra Wide, 32MP Front Camera, 1.5K 144Hz AMOLED, Mediatek Helio G200 Ultimate , IP69K, 45W Ultra Charging, camon50",https://www.tokopedia.com/tecnoofficialstore/new-superzoom-flashsnap-tecno-camon-50-8gb-8gb-128gb-50mp-sony-8mp-ultra-wide-32mp-front-camera-1-5k-144hz-amoled-mediatek-helio-g200-ultimate-ip69k-45w-ultra-charging-camon50-1734382406801785931-1737528499791103051,Rp4448000,Rp4758000,,4.9,5rb+,tecnoofficialstore,,2026-10-01 06:49:41.161096
Oppo Find X10,Tecno Camon 50 Pro 5G 8/256GB 12/256GB 12/512GB,https://www.tokopedia.com/myfon-teleshop/tecno-camon-40-pro-5g-8-256gb-12-256gb-garansi-resmi-tecno-indonesia-1731418975294883461-1737750078841652869,Rp5694000,Rp5699000,,4.9,1rb+,myfon-teleshop,,2026-10-01 06:49:41.164067
Oppo Find X10,21% [Exclusive Creator] ZTE Nubia V80 Max [8/128 GB] Garansi Resmi Indonesia,https://www.tokopedia.com/duniagadgetku/zte-blade-v50-design-8-128-gb-garansi-resmi-1736702235727267643,Rp2368500,Rp2999000,,4.9,60+,duniagadgetku,,2026-10-01 06:49:41.166391
Oppo Find X10,15% [ LIVE SPESIAL ] OPPO A6C 4/64 & 4/128 NEW GARANSI RESMI,https://www.tokopedia.com/j3-shop/live-spesial-oppo-a6c-4-64-4-128-new-garansi-resmi-1735691077882512924-1735691180397463068,Rp2549000,Rp2999000,,4.9,100+,j3-shop,,2026-10-01 06:49:41.169160
Oppo Find X10,"[ONLINE EXCLUSIVE] vivo T5 - 7200 mAH + 44W FlashCharge, 32MP Front Camera, Origin OS + vivo AI, IP68/69/69+",https://www.tokopedia.com/vivo/online-exclusive-vivo-t5-7200-mah-44w-flashcharge-32mp-front-camera-origin-os-vivo-ai-ip68-69-69-1735376155166017459-1735376256009996211,Rp3609000,Rp3709000,,4.9,750+,vivo,,2026-10-01 06:49:41.171326
Oppo Find X10,oppo find x9s 12/256gb resmi mulus,https://www.tokopedia.com/emran-show/oppo-find-x9s-12-256gb-resmi-mulus-1737384674224473342,Rp11899999,,,,,emran-show,,2026-10-01 06:49:41.173610
Oppo Find X10,OPPO FIND X9 16/512 GB Hitam/Black,https://www.tokopedia.com/sanggar/oppo-find-x9-16-512-gb-hitam-black-1737634749697459939,Rp13229020,Rp13499000,,,,sanggar,,2026-10-01 06:49:41.175875
Oppo Find X10,OPPO FIND X9S 12/512 GARANSI ON LENGKAP,https://www.tokopedia.com/jsphone-1/oppo-find-x9s-12-512-garansi-on-lengkap-1737416810963371329,Rp13474000,Rp13499000,,,,jsphone-1,,2026-10-01 06:49:41.179369
Oppo Find X10,Oppo find x9 ultra 12/512 garansi 2 tahun,https://www.tokopedia.com/boyri-cell/oppo-find-x9-ultra-12-512-garansi-2-tahun-1737682269103883397,Rp23199000,,,,,boyri-cell,,2026-10-01 06:49:41.181882
Oppo Find X10 Pro Max,"[SUPERZOOM FLASHSNAP] TECNO CAMON 50 8GB+8GB*/128GB, 50MP Sony + 8MP Ultra Wide, 32MP Front Camera, 1.5K 144Hz AMOLED, Mediatek Helio G200 Ultimate , IP69K, 45W Ultra Charging, camon50",https://www.tokopedia.com/tecnoofficialstore/new-superzoom-flashsnap-tecno-camon-50-8gb-8gb-128gb-50mp-sony-8mp-ultra-wide-32mp-front-camera-1-5k-144hz-amoled-mediatek-helio-g200-ultimate-ip69k-45w-ultra-charging-camon50-1734382406801785931-1737528499791103051,Rp4448000,Rp4758000,,4.9,5rb+,tecnoofficialstore,,2026-10-01 06:45:37.862608
Oppo Find X10 Pro Max,NUBIA FOCUS 2 5G 8/256 GB GARANSI RESMI NUBIA FOCUS 2 5G RAM UP TO 20 GB,https://www.tokopedia.com/gadget-ind-store-/nubia-focus-2-5g-8-256-gb-garansi-resmi-nubia-focus-2-5g-ram-up-to-20-gb-1732021019236730752,Rp2599000,,,,30+,gadget-ind-store-,,2026-10-01 06:45:37.865513
Oppo Find X10 Pro Max,15% [ LIVE SPESIAL ] OPPO A6C 4/64 & 4/128 NEW GARANSI RESMI,https://www.tokopedia.com/j3-shop/live-spesial-oppo-a6c-4-64-4-128-new-garansi-resmi-1735691077882512924-1735691180397463068,Rp2549000,Rp2999000,,4.9,100+,j3-shop,,2026-10-01 06:45:37.867588
Oppo Find X10 Pro Max,"25% NEW LAUNCH HONOR X6c 6GB+256GB (Moonlight White / Midnight Black) - Storage Luas 256GB, 50MP , 5300mAh 35W Fitur Magic Capsule, Desain Stylish & Modern, Smartphone Handal Value for Money",https://www.tokopedia.com/honor-official-store/new-launch-honor-x6c-5300-mah-baterai-besar-6gb-256gb-50-mp-kamera-utama-5-mp-kamera-selfie-ai-button-creation-1736085646690650035-1736086159122859955,Rp2999000,Rp3999000,,5.0,19,honor-official-store,,2026-10-01 06:45:37.870325
Oppo Find X10 Pro Max,Tecno Camon 50 Pro 5G 8/256GB 12/256GB 12/512GB,https://www.tokopedia.com/myfon-teleshop/tecno-camon-40-pro-5g-8-256gb-12-256gb-garansi-resmi-tecno-indonesia-1731418975294883461-1737750078841652869,Rp5694000,Rp5699000,,4.9,1rb+,myfon-teleshop,,2026-10-01 06:45:37.872921
Oppo Find X10 Pro Max,OPPO Find X9 Pro 16GB/512GB,https://www.tokopedia.com/oppo-brand-store-indonesia/oppo-find-x9-pro-16gb-512gb-1734092464751740818,Rp20999000,,,,5,oppo-brand-store-indonesia,,2026-10-01 06:45:37.875171
Oppo Find X10 Pro Max,49% XPRIME X17 PRO Tablet Harga Terjangkau Spesifikasi Tinggi 16GB+1TB Snapdragon 888 5G Dual SIM 10.1 Inch HD Paket Lengkap Semua Aksesoris,https://www.tokopedia.com/ax-prime/x-prime-x17-pro-tablet-snapdragon-888-16gb-ram-1tb-penyimpanan-8800mah-baterai-10-1-inch-hd-layar-gps-bluetooth-untuk-kerja-kantor-online-class-1736803135821809614-1736803138074085326,Rp1898499,Rp3688000,,4.6,100+,ax-prime,,2026-10-01 06:45:37.877552
Oppo Find X10 Pro Max,Oppo Find X9 Pro 5G 512GB Resmi,https://www.tokopedia.com/j-gadget21cell/oppo-find-x9-pro-5g-512gb-resmi-1737423185903780918,Rp17825000,Rp17850000,,,1,j-gadget21cell,,2026-10-01 06:45:37.879652
Oppo Find X10 Pro Max,21% [Exclusive Creator] ZTE Nubia V80 Max [8/128 GB] Garansi Resmi Indonesia,https://www.tokopedia.com/duniagadgetku/zte-blade-v50-design-8-128-gb-garansi-resmi-1736702235727267643,Rp2368500,Rp2999000,,4.9,60+,duniagadgetku,,2026-10-01 06:45:37.881813
Oppo Find X9 Ultra,"Oppo Find X9 Ultra 5G 12/512GB & 16/1TB Snapdragon 8 Elite Gen 5 (3 nm) 6,82 inci LTPO AMOLED (1-144Hz) | Garansi Resmi Oppo 1 Tahun",https://www.tokopedia.com/evogad/oppo-find-x9-ultra-5g-12-512gb-16-1tb-snapdragon-8-elite-gen-5-3-nm-6-82-inci-ltpo-amoled-1-144hz-garansi-resmi-oppo-1-tahun-1736155024720955384-1736155143835715576,Rp26070000,Rp28999000,,,,evogad,,2026-10-03 09:26:57.118490
Oppo Find X9 Ultra,OPPO Find X9 Ultra 12GB/512GB & 16GB/1TB (Garansi Resmi),https://www.tokopedia.com/oppo/oppo-find-x9-ultra-12gb-512gb-16gb-1tb-garansi-resmi-1735279051238442193-1735279189291336913,Rp25974000,Rp27999000,,4.8,70+,oppo,,2026-10-03 09:26:57.121763
Oppo Find X9 Ultra,33% [BARU] OPPO Find  X9 Ultra 16+1TB Kamera Ganda 200MP Hasselblad - Garansi Resmi OPPO Indonesia,https://www.tokopedia.com/the-five-season/baru-oppo-find-x9-ultra-16-1tb-kamera-ganda-200mp-hasselblad-garansi-resmi-oppo-indonesia-1735791890570249457-1735791979291706609,Rp26999000,Rp39999000,,,2,the-five-season,,2026-10-03 09:26:57.124310
Oppo Find X9 Ultra,Oppo Find X9 Ultra 5G 16/1TB Tundra umber Super Mulus Garansi resmi Agustus 2027,https://www.tokopedia.com/gadgetgeex-3/oppo-find-x9-ultra-5g-16-1tb-tundra-umber-super-mulus-garansi-resmi-agustus-2027-1737683882807559522,Rp28281000,,,,,gadgetgeex-3,,2026-10-03 09:26:57.126903
Oppo Find X9 Ultra,Oppo Find X9 Ultra 12/512GB Resmi Tundra Black Fullset Ori Mulus Like New Nominus Garansi 2 Tahun Perfect,https://www.tokopedia.com/storefwan8/oppo-find-x9-ultra-12-512gb-resmi-tundra-black-fullset-ori-mulus-like-new-nominus-garansi-2-tahun-perfect-1737668485550605705,Rp23000000,,,,,storefwan8,,2026-10-03 09:26:57.130053
Oppo Find X9 Ultra,Oppo Find X9 Ultra 12/512 Resmi Fullset,https://www.tokopedia.com/officialts/oppo-find-x9-ultra-12-512-resmi-fullset-1737511223934420920,Rp24999000,,,,,officialts,,2026-10-03 09:26:57.132686
Oppo Find X9 Ultra,Oppo find x9 ultra 12/512 garansi 2 tahun,https://www.tokopedia.com/boyri-cell/oppo-find-x9-ultra-12-512-garansi-2-tahun-1737682269103883397,Rp23199000,,,,,boyri-cell,,2026-10-03 09:26:57.135253
Oppo Find X9 Ultra,Oppo Find X9 Ultra Resmi Indonesia,https://www.tokopedia.com/domagadget/oppo-find-x9-ultra-resmi-indonesia-1737483729680696548,Rp23175000,Rp23200000,,,,domagadget,,2026-10-03 09:26:57.137969
Oppo Find X9 Ultra,"OPPO Find X9 Ultra [12/512GB] [16/1TB] - Snapdragon 8 Elite Gen 5, 200MP 7050mAh 100W SUPERVOOC | GARANSI RESMI OPPO INDONESIA",https://www.tokopedia.com/grandstorecell/oppo-find-x8-5g-ram-12-256gb-find-x8-5g-ram-16-512gb-dimensity-9400-garansi-resmi-oppo-indonesia-1731006571314120601-1735969155599992263,Rp25797000,Rp25799000,,4.9,50+,grandstorecell,,2026-10-03 09:26:57.140343
Oppo Find X9 Ultra,Oppo Find X9 Ultra 12GB/512GB & 16GB/1TB Garansi Resmi 1 Tahun,https://www.tokopedia.com/t0k0-0pp0st0re/oppo-a17-4-64gb-garansi-resmi-oppo-indonesia-1735900576064570535,Rp27974000,Rp27999000,,4.9,100+,t0k0-0pp0st0re,,2026-10-03 09:26:57.143111
Oppo Find X9s,26% [Official Store] OPPO Find X9s 5G 12/256GB 12/512GB Dimensity 9500 — Garansi Resmi OPPO Indonesia,https://www.tokopedia.com/threetoone/official-store-oppo-find-x9s-5g-12-256gb-12-512gb-dimensity-9500-garansi-resmi-oppo-indonesia-1735780773235427191-1735780692454442871,Rp13379040,Rp17999000,,,,threetoone,,2026-10-03 09:35:41.327576
Oppo Find X9s,(RESMI) Oppo Find X9s 12/256GB 12/512GB Midnight Grey Lavender Sky Sunset Orange Garansi Resmi Indonesia 1 Tahun,https://www.tokopedia.com/putra-group/resmi-oppo-find-x9s-12-256gb-12-512gb-midnight-grey-lavender-sky-sunset-orange-garansi-resmi-indonesia-1-tahun-1735861557487961088-1735862418150818816,Rp13974000,Rp13999000,,,1,putra-group,,2026-10-03 09:35:41.332334
Oppo Find X9s,OPPO Find X9s 12GB/256GB & 12GB/512GB (Garansi Resmi),https://www.tokopedia.com/oppo/oppo-find-x9s-12gb-256gb-12gb-512gb-garansi-resmi-1735279204023043281-1735279291046003921,Rp14474000,Rp15999000,,5.0,12,oppo,,2026-10-03 09:35:41.335701
Oppo Find X9s,Oppo Find X9s 12/256GB 12/512GB Sunset Orange Midnight Grey Lavender Sky Garansi Resmi Indonesia 1 Tahun,https://www.tokopedia.com/kawan-gadget-store/oppo-find-x9s-12-256gb-12-512gb-sunset-orange-midnight-grey-lavender-sky-garansi-resmi-indonesia-1-tahun-1735862464036243118-1735862561334396590,Rp13974000,Rp13999000,,,2,kawan-gadget-store,,2026-10-03 09:35:41.338780
Oppo Find X9s,"OPPO FIND X9s (12GB/256GB) (12GB/512GB) | FHD+ AMOLED 6,59in, 120Hz | Mediatek Dimensity 9500s | 7025mAh 80W Supervooc | Android 16 ColorOS 16 | In-Display FingerPrint",https://www.tokopedia.com/mpssurabaya/oppo-find-x9-12-256-16-512-garansi-resmi-1733150898920654184-1737627452439496040,Rp15999000,,,,2,mpssurabaya,,2026-10-03 09:35:41.341907
Oppo Find X9s,oppo find x9s 12/256gb resmi mulus,https://www.tokopedia.com/emran-show/oppo-find-x9s-12-256gb-resmi-mulus-1737384674224473342,Rp11899999,,,,,emran-show,,2026-10-03 09:35:41.345224
Oppo Find X9s,36% HP OPPO Find X9s 5G 12/256GB RAM 12+12GB Extended ROM 256GB Official Store Android Terbaru 2026 Ori,https://www.tokopedia.com/aurora-mall-phone/oppo-find-x9s-5g-12-256gb-12-512gb-12gb-12gb-extended-ram-official-store-hp-android-terbaru-2026-1735809481257158094-1735809506377631182,Rp13379040,Rp20999000,,,,aurora-mall-phone,,2026-10-03 09:35:41.348557
Oppo Find X9s,Oppo Find X9s 12/512Gb Baru Sebulan,https://www.tokopedia.com/darwaners/oppo-find-x9s-12-512gb-baru-sebulan-1737670809092260878,Rp13500000,,,,,darwaners,,2026-10-03 09:35:41.351803
Oppo Find X9s,OPPO Find X9s 12/256 GB Garansi Resmi,https://www.tokopedia.com/gudang-hp/oppo-find-x9s-12-256-gb-garansi-resmi-1736089977469896616-1736089990051039144,Rp13961000,,,,,gudang-hp,,2026-10-03 09:35:41.354934
Oppo Find X9s Pro,PreOrder Oppo Find X9s Pro 256GB 512GB 1TB Dimensity 9500 7025mAh 80W 200MP,https://www.tokopedia.com/flagship-store/oppo-find-x9s-pro-256gb-512gb-1tb-dimensity-9500-7025mah-80w-200mp-1735993680356279439-1735993614716732559,Rp20990000,,,,,flagship-store,,2026-10-03 09:31:14.767825
Oppo Find X9s Pro,PreOrder OPPO Find X9S Pro 5G China ROM Original Dimensity 9500 200MP Camera AMOLED IMEI Bea Cukai,https://www.tokopedia.com/gondray/oppo-find-x9s-pro-5g-china-rom-original-dimensity-9500-200mp-camera-amoled-imei-bea-cukai-1736070836829258769-1736070877567353873,Rp19950000,,,,,gondray,,2026-10-03 09:31:14.770844
Oppo Find X9s Pro,PreOrder Oppo Find X9s Pro 5G 6.32''AMOLED 144HZ Dimensity 9500 7025mAh 80W 200MP Main 200MP Telefoto,https://www.tokopedia.com/indemand/oppo-find-x9s-pro-5g-6-32-amoled-144hz-dimensity-9500-7025mah-80w-200mp-main-200mp-telefoto-1735943930419644322-1735943937173981090,Rp21374000,Rp21399000,,,,indemand,,2026-10-03 09:31:14.774061
Oppo Find X9s Pro,FIND X9s 12/256GB - FIND X9 PRO 16/512GB Super Like New | Garansi Resmi Indonesia,https://www.tokopedia.com/nrdn2nd/xiaomi-14-12-256-like-new-1730816468775372540-1736862715291993614,Rp12399999,,,,,nrdn2nd,,2026-10-03 09:31:14.777032
Oppo Find X9s Pro,26% [Official Store] OPPO Find X9s 5G 12/256GB 12/512GB Dimensity 9500 — Garansi Resmi OPPO Indonesia,https://www.tokopedia.com/threetoone/official-store-oppo-find-x9s-5g-12-256gb-12-512gb-dimensity-9500-garansi-resmi-oppo-indonesia-1735780773235427191-1735780692454442871,Rp13379040,Rp17999000,,,,threetoone,,2026-10-03 09:31:14.780275
Oppo Find X9s Pro,OPPO Find X9 Pro 16GB/512GB,https://www.tokopedia.com/oppo-brand-store-indonesia/oppo-find-x9-pro-16gb-512gb-1734092464751740818,Rp20999000,,,,5,oppo-brand-store-indonesia,,2026-10-03 09:31:14.783037
Oppo Find X9s Pro,(PROMO LIVE) OPPO FIND X9 PRO 5G 16/512 & FIND X9 5G 12/256 & 16/512 GARANSI RESMI,https://www.tokopedia.com/goldencellphone/promo-live-oppo-find-x9-pro-5g-16-512-find-x9-5g-12-256-16-512-garansi-resmi-1733180028997437392-1735142307949545424,Rp16499000,,,5.0,14,goldencellphone,,2026-10-03 09:31:14.788095
Oppo Find X9s Pro,(EXCLUSIVE DHIARCOM) OPPO FIND X9 PRO 5G 16/512 & FIND X9 5G 12/256 & 16/512 GARANSI RESMI,https://www.tokopedia.com/bintangempatcell/exclusive-dhiarcom-oppo-find-x9-pro-5g-16-512-find-x9-5g-12-256-16-512-garansi-resmi-1733181233952228849-1735144240865445361,Rp16499000,,,,1,bintangempatcell,,2026-10-03 09:31:14.791372
Oppo K14,Oppo A6c 4/64GB 4/128GB Garansi Resmi,https://www.tokopedia.com/myfon-teleshop/oppo-a6c-4-64gb-4-128gb-garansi-resmi-1736014737710024325-1736015041749616261,Rp2525000,Rp2699000,,5.0,70+,myfon-teleshop,,2026-10-03 10:13:29.025697
Oppo K14,40% [NEW] OPPO Reno16 F 5G Eco Pack 8/256GB (8GB+8GB Extended RAM) Dimensity 7300-Energy Terbaru 2026,https://www.tokopedia.com/threetoone/new-oppo-reno16-f-5g-8gb-128-256gb-3d-pop-planet-design-50mp-ultra-wide-selfie-camera-1736885215872976759-1736886068447840119,Rp6588595,Rp10999000,,5.0,15,threetoone,,2026-10-03 10:13:29.028948
Oppo K14,"Oppo A6t 4/64GB, 4/128GB, 6/128GB Snapdragon 685, 6500mAh 15W, 6.75 inch HD+ 120Hz | Garansi Resmi Oppo Indonesia 1 Tahun",https://www.tokopedia.com/evogad/oppo-a6t-4-64gb-4-128gb-6-128gb-snapdragon-685-6500mah-15w-6-75-inch-hd-120hz-garansi-resmi-oppo-indonesia-1-tahun-1734660586119858168-1734660652474271736,Rp2800000,Rp2999000,,,1,evogad,,2026-10-03 10:13:29.031449
Oppo K14,17% [ LIVE SPESIAL ] OPPO A6T 4/64 & 4/128 & 6/128 NEW GARANSI RESMI,https://www.tokopedia.com/j3gold/live-spesial-oppo-a6t-4-64-4-128-6-128-new-garansi-resmi-1734644062459364799-1736771081098134975,Rp2749000,Rp3299000,,5.0,40+,j3gold,,2026-10-03 10:13:29.033789
Oppo K14,"22% [BARU] OPPO Bubble Mag E-Badge [Ultra-Clear Rear Selfie View, Custom Vibe E-Badge]",https://www.tokopedia.com/oppo/hanya-uang-muka-oppo-bubble-mag-e-badge-1736140013778863313,Rp1174000,Rp1499000,,4.4,100+,oppo,,2026-10-03 10:13:29.036477
Oppo K15 Pro+,"PreOrder OPPO K15 Pro Plus 5G 6.78""AMOLED 165HZ Dimensity 9500s 8000mAh 100W Flash Charge 50MP",https://www.tokopedia.com/indemand/oppo-k15-pro-plus-5g-6-78-amoled-165hz-dimensity-9500s-8000mah-100w-flash-charge-50mp-1734998593309476770-1734998624057853858,Rp15174000,Rp15199000,,,,indemand,,2026-10-03 10:00:04.863167
Oppo K15 Pro+,PreOrder OPPO K15 Pro 256GB 512GB 5G 144HZ Dimensity 8500 7500mAh 80W SuperVOOC 50MP,https://www.tokopedia.com/flagship-store/oppo-k15-pro-256gb-512gb-5g-144hz-dimensity-8500-7500mah-80w-supervooc-50mp-1735912787995886735-1735912737871922319,Rp12965000,Rp12990000,,,,flagship-store,,2026-10-03 10:00:04.866529
Oppo K15 Pro+,"PreOrder OPPO K15 Pro Plus 5G 6.78""AMOLED 165HZ Dimensity 9500s 8000mAh 100W Flash Charge 50MP",https://www.tokopedia.com/flagship-store/oppo-k15-pro-plus-5g-6-78-amoled-165hz-dimensity-9500s-8000mah-100w-flash-charge-50mp-1735912763098956943-1735912762636731535,Rp13890000,,,,,flagship-store,,2026-10-03 10:00:04.869496
Oppo K15 Pro+,20% ITEL SUPER 26 ULTRA - T7300 Ultra Gaming Processor - Corning Gorilla 7i - IP65 - 3D Curved Amoled Screen- 32MP Selfie Camera - 6000mAH,https://www.tokopedia.com/itel-official-store/itel-super-26-ultra-t7300-ultra-gaming-processor-corning-gorilla-7i-ip65-3d-curved-amoled-screen-32mp-selfie-camera-6000mah-1732321706642081780-1736867473932060660,Rp3199000,Rp3999000,,4.8,5rb+,itel-official-store,,2026-10-03 10:00:04.872169
Oppo K15 Pro+,ZTE NUBIA NEO 3 5G SMARTPHONE GAMING RAM 8/256GB 6000MAH AMOLED 120HZ GARANSI RESMI,https://www.tokopedia.com/indo-line/zte-nubia-neo-3-5g-smartphone-gaming-ram-8-256gb-6000mah-amoled-120hz-garansi-resmi-1733966155411850810,Rp3000000,,,,18,indo-line,,2026-10-03 10:00:04.874693
Oppo K15 Pro+,"[NEW LAUNCH] vivo Y11d - 6500mAh + 44W FlashCharge, Tahan Banting Ekstrem, Tahan Hujan IP65, 50MP Kamera Utama, Layar 120Hz Ultra Terang",https://www.tokopedia.com/vivo/new-launch-vivo-y11d-6500mah-44w-flashcharge-tahan-banting-ekstrem-tahan-hujan-ip65-50mp-kamera-utama-layar-120hz-ultra-terang-1735558834219878323-1735876459057416115,Rp2599000,Rp2859000,,5.0,250+,vivo,,2026-10-03 10:00:04.877087
Oppo K15 Pro+,15% [ LIVE SPESIAL ] OPPO A6C 4/64 & 4/128 NEW GARANSI RESMI,https://www.tokopedia.com/j3-shop/live-spesial-oppo-a6c-4-64-4-128-new-garansi-resmi-1735691077882512924-1735691180397463068,Rp2549000,Rp2999000,,4.9,100+,j3-shop,,2026-10-03 10:00:04.879533
Oppo K15 Pro+,"22% [BARU] OPPO Bubble Mag E-Badge [Ultra-Clear Rear Selfie View, Custom Vibe E-Badge]",https://www.tokopedia.com/oppo/hanya-uang-muka-oppo-bubble-mag-e-badge-1736140013778863313,Rp1174000,Rp1499000,,4.4,100+,oppo,,2026-10-03 10:00:04.882006
Oppo K15 Pro+,"PreOrder OPPO K15 Pro 5G 6.59""AMOLED 144HZ Dimensity 8500 7500mAh 80W SuperVOOC 50MP",https://www.tokopedia.com/indemand/oppo-k15-pro-5g-6-59-amoled-144hz-dimensity-8500-7500mah-80w-supervooc-50mp-1734998535622330274-1734998591995283362,Rp13274000,Rp13299000,,,,indemand,,2026-10-03 10:00:04.884544
Oppo Reno16,42% OPPO Reno 16F 5G 8/128GB 8/256GB 7000mAh Garansi Resmi Indonesia Original,https://www.tokopedia.com/digitalisme/oppo-a60-8-256gb-6-128gb-a-60-garansi-resmi-1731040555308975313-1736506451622462673,Rp6960000,Rp11999000,,5.0,100+,digitalisme,,2026-10-03 08:41:48.995241
Oppo Reno16,(RESMI) Oppo Reno 16 5G 8/256GB 12/256GB Putih Violet Garansi Resmi Indonesia 1 Tahun,https://www.tokopedia.com/putra-group/resmi-oppo-reno-16-5g-8-256gb-putih-bimasakti-1736412334466040832-1736792949688337408,Rp10799000,,,,4,putra-group,,2026-10-03 08:41:49.008880
Oppo Reno16,(RESMI) Oppo Reno 16F 5G 8/128GB 8/256GB Putih Ultra Violet Ungu Garansi Resmi Indonesia 1 Tahun,https://www.tokopedia.com/putra-group/resmi-oppo-reno-16f-5g-8-128gb-putih-violet-ungu-garansi-resmi-indonesia-1-tahun-1736412379554939904-1736792891912717312,Rp7199000,,,5.0,22,putra-group,,2026-10-03 08:41:49.011993
Oppo Reno16,Oppo Reno16 5G 12/256GB Pop White Smartphone Android CPH2865_12/256_WH,https://www.tokopedia.com/myhartono/oppo-reno16-5g-12-256gb-pop-white-smartphone-android-cph2865-12-256-wh-1736153058214839661,Rp13069000,,,,,myhartono,,2026-10-03 08:41:49.014936
Oppo Reno16,32% [Official Store] OPPO Reno16 F 5G 8/128GB 8/256GB 50MP Camera Garansi Resmi HP Android Terbaru 2026,https://www.tokopedia.com/aurora-mall-phone/oppo-reno16-f-5g-8-128gb-8-256gb-8gb-8gb-extended-ram-nfc-official-store-hp-terbaru-2026-ori-cod-1736383376785507790-1736383341212763598,Rp6757555,Rp9999000,,5.0,1,aurora-mall-phone,,2026-10-03 08:41:49.017813
Oppo Reno16,[NEW] OPPO Reno16 F 5G Eco Pack 8+256GB (Garansi Resmi),https://www.tokopedia.com/oppo/segera-hadir-oppo-reno16-f-5g-eco-pack-1736765803653530833-1736765816217240785,Rp7799000,Rp7999000,,5.0,50+,oppo,,2026-10-03 08:41:49.020577
Oppo Reno16,[NEW] OPPO Reno16 5G 8GB+256GB & 12GB+256GB (Garansi Resmi),https://www.tokopedia.com/oppo/coming-soon-oppo-reno16-5g-1736012358014764241-1736012668513453265,Rp11999000,,,5.0,11,oppo,,2026-10-03 08:41:49.023832
Oppo Reno16,35% Promo Live Oppo Reno 16 | 16F 5G 8/256 12/256 Garansi Resmi Oppo Indonesia,https://www.tokopedia.com/indotechstore/promo-live-oppo-reno-16-16f-5g-8-256-12-256-garansi-resmi-oppo-indonesia-1736664329012152289-1736664328164771809,Rp10458000,Rp15999000,,,,indotechstore,,2026-10-03 08:41:49.026990
Oppo Reno16,[NEW] OPPO Reno16 F 5G 8GB+128GB & 8GB+256GB (Garansi Resmi),https://www.tokopedia.com/oppo/coming-soon-oppo-reno16-f-5g-1736012197461263569-1736012506737902801,Rp7999000,,,5.0,26,oppo,,2026-10-03 08:41:49.029565
Oppo Reno16,23% [Official Store] OPPO Reno16 F 5G/16 5G/16 Pro 5G Desain Planet 3D — Garansi Resmi OPPO Indonesia,https://www.tokopedia.com/threetoone/official-store-oppo-reno16-f-5g-16-5g-16-pro-5g-desain-planet-3d-garansi-resmi-oppo-indonesia-1736383853367297911-1736383761255139191,Rp7679040,Rp9999000,,5.0,10,threetoone,,2026-10-03 08:41:49.032065
Oppo Reno16 (China),(RESMI) Oppo Reno 16 5G 8/256GB 12/256GB Putih Violet Garansi Resmi Indonesia 1 Tahun,https://www.tokopedia.com/putra-group/resmi-oppo-reno-16-5g-8-256gb-putih-bimasakti-1736412334466040832-1736792949688337408,Rp10799000,,,,4,putra-group,,2026-10-03 09:22:02.243010
Oppo Reno16 (China),Oppo Reno 16 5G 8/256GB Smartphone Terkini Resmi Garansi Sampai September 2027 Baru Sehari Pakai,https://www.tokopedia.com/uwaisgadget/oppo-reno-16-5g-8-256gb-smartphone-terkini-resmi-garansi-sampai-september-2027-baru-sehari-pakai-1737450791801226863,Rp9499999,,,,,uwaisgadget,,2026-10-03 09:22:02.249190
Oppo Reno16 (China),50% [ Payday Voucher ] Oppo Reno 16 | 16F 5G 8/256 12/256 Garansi Resmi Oppo Indonesia,https://www.tokopedia.com/indotechstore/payday-voucher-oppo-reno-16-16f-5g-8-256-12-256-garansi-resmi-oppo-indonesia-1737409290263627745-1737409301269481441,Rp9515894,Rp18999000,,,,indotechstore,,2026-10-03 09:22:02.251752
Oppo Reno16 (China),[NEW] OPPO Reno16 5G 8GB+256GB & 12GB+256GB (Garansi Resmi),https://www.tokopedia.com/oppo/coming-soon-oppo-reno16-5g-1736012358014764241-1736012668513453265,Rp11999000,,,5.0,11,oppo,,2026-10-03 09:22:02.254545
Oppo Reno16 (China),50% [ Pickup Voucher ] Oppo Reno 16 | 16F 5G 8/256 12/256 Garansi Resmi Oppo Indonesia,https://www.tokopedia.com/indotechstore/pickup-voucher-oppo-reno-16-16f-5g-8-256-12-256-garansi-resmi-oppo-indonesia-1737413620427294689-1737413673916991457,Rp9458015,Rp18999000,,,,indotechstore,,2026-10-03 09:22:02.257385
Oppo Reno16 (China),Oppo Reno 16 5G 12/256GB | Baru 2 Bulan | Garansi Resmi | Original,https://www.tokopedia.com/aster-gadget/oppo-reno-16-5g-12-256gb-baru-2-bulan-garansi-resmi-original-1737735706048693839,Rp10375000,,,,,aster-gadget,,2026-10-03 09:22:02.260092
Oppo Reno16 (China),oppo Reno 16 5G 12/256GB fullset original second mulus,https://www.tokopedia.com/didoalfarezi/oppo-reno-16-5g-12-256gb-fullset-original-second-mulus-1737710112971719787,Rp10600000,,,,,didoalfarezi,,2026-10-03 09:22:02.262388
Oppo Reno16 (China),"OPPO Reno 16 5G 8/256GB & 12/256GB Dimensity 8500, 200MP, 6700mAh 80W | Garansi Resmi Oppo Indonesia 1 Tahun",https://www.tokopedia.com/jemisien/oppo-reno-165g-8-256gb-12-256gb-dimensity-8500-200mp-6700mah-80w-garansi-resmi-oppo-indonesia-1-tahun-1736174320626403087-1736174537142798095,Rp12999000,,,,,jemisien,,2026-10-03 09:22:02.264665
Oppo Reno16 (China),35% Promo Live Oppo Reno 16 | 16F 5G 8/256 12/256 Garansi Resmi Oppo Indonesia,https://www.tokopedia.com/indotechstore/promo-live-oppo-reno-16-16f-5g-8-256-12-256-garansi-resmi-oppo-indonesia-1736664329012152289-1736664328164771809,Rp10458000,Rp15999000,,,,indotechstore,,2026-10-03 09:22:02.267036
Oppo Reno16 (China),49% Exclusive Sale Oppo Reno 16 | 16F 5G 8/256 12/256 Garansi Resmi Oppo Indonesia,https://www.tokopedia.com/indotechstore/diskon-khusus-creator-oppo-reno-16-16f-5g-8-256-12-256-garansi-resmi-oppo-indonesia-1737189044836730849-1737188937329313761,Rp9605904,Rp18999000,,,,indotechstore,,2026-10-03 09:22:02.270107
Oppo Reno16 F,40% [NEW] OPPO Reno16 F 5G Eco Pack 8/256GB (8GB+8GB Extended RAM) Dimensity 7300-Energy Terbaru 2026,https://www.tokopedia.com/threetoone/new-oppo-reno16-f-5g-8gb-128-256gb-3d-pop-planet-design-50mp-ultra-wide-selfie-camera-1736885215872976759-1736886068447840119,Rp6588595,Rp10999000,,5.0,15,threetoone,,2026-10-03 09:12:31.895609
Oppo Reno16 F,32% [Official Store] OPPO Reno16 F 5G 8/128GB 8/256GB 50MP Camera Garansi Resmi HP Android Terbaru 2026,https://www.tokopedia.com/aurora-mall-phone/oppo-reno16-f-5g-8-128gb-8-256gb-8gb-8gb-extended-ram-nfc-official-store-hp-terbaru-2026-ori-cod-1736383376785507790-1736383341212763598,Rp6757555,Rp9999000,,5.0,1,aurora-mall-phone,,2026-10-03 09:12:31.899919
Oppo Reno16 F,"OPPO Reno16 F 5G (Ram 8GB, Rom 128/256GB, Dimensity 7300, UFS 3.1, 7000mAh)",https://www.tokopedia.com/tigaputrahp/oppo-reno16-f-5g-ram-8gb-rom-128-256gb-dimensity-7300-ufs-3-1-7000mah-1736436259771549694-1736436537134581758,Rp8358000,Rp8359000,,,,tigaputrahp,,2026-10-03 09:12:31.903093
Oppo Reno16 F,11% [Special Indah Gadget] OPPO RENO 16F 5G 8GB/128GB 8GB/256GB - Garansi Resmi Nasional,https://www.tokopedia.com/indahponsel/special-indah-gadget-oppo-reno-16f-5g-8gb-128gb-8gb-256gb-garansi-resmi-nasional-1736383584564577869-1737324725033403981,Rp8120000,Rp9149000,,,,indahponsel,,2026-10-03 09:12:31.906668
Oppo Reno16 F,15% (PROMO LIVE) OPPO RENO 16F 5G 8/256 & 8/128 GARANSI RESMI,https://www.tokopedia.com/bintangempatcell/promo-live-oppo-reno-16f-5g-8-256-8-128-garansi-resmi-1736405414105023985-1736405599930189297,Rp7649000,Rp8999000,,,2,bintangempatcell,,2026-10-03 09:12:31.911070
Oppo Reno16 F,"40% OPPO Reno16 F 5G Eco Pack 8GB+256GB [3D Pop Design, AI Remix Collage, 50MP Ultra-wide Selfie Camera]",https://www.tokopedia.com/threetoone/official-store-oppo-reno16-f-5g-eco-pack-8gb-256gb-ai-remix-collage-50mp-ultra-wide-selfie-camera-1736885617777346423-1736885863470958455,Rp6588595,Rp10999000,,4.0,4,threetoone,,2026-10-03 09:12:31.914456
Oppo Reno16 F,32% OPPO Reno16 F 5G 8/128GB 8/256GB NFC 50MP Camera Garansi resmi Indonesia HP Terbaru 2026 Bisa COD,https://www.tokopedia.com/aurora-mall-phone/oppo-reno16-f-5g-8-128gb-8-256gb-8gb-8gb-extended-ram-nfc-official-store-hp-terbaru-2026-ori-cod-1736383312863331790-1736383408447718862,Rp6757555,Rp9999000,,,3,aurora-mall-phone,,2026-10-03 09:12:31.917550
Oppo Reno16 F,40% [Official Store] OPPO Reno16 F 5G Eco Pack 7000mAh 80W SUPERVOOC — Garansi Resmi OPPO Indonesia,https://www.tokopedia.com/threetoone/new-launch-oppo-reno16-f-5g-eco-pack-8gb-256gb-3d-pop-planet-design-50mp-ultra-wide-selfie-camera-1736885494227371895-1736886057114961783,Rp6588595,Rp10999000,,,3,threetoone,,2026-10-03 09:12:31.921160
Oppo Reno16 F,42% OPPO Reno 16F 5G 8/128GB 8/256GB 7000mAh Garansi Resmi Indonesia Original,https://www.tokopedia.com/digitalisme/oppo-a60-8-256gb-6-128gb-a-60-garansi-resmi-1731040555308975313-1736506451622462673,Rp6960000,Rp11999000,,5.0,100+,digitalisme,,2026-10-03 09:12:31.924070
Oppo Reno16 FS,"OPPO Reno16 F 5G (Ram 8GB, Rom 128/256GB, Dimensity 7300, UFS 3.1, 7000mAh)",https://www.tokopedia.com/tigaputrahp/oppo-reno16-f-5g-ram-8gb-rom-128-256gb-dimensity-7300-ufs-3-1-7000mah-1736436259771549694-1736436537134581758,Rp8358000,Rp8359000,,,,tigaputrahp,,2026-10-03 09:08:00.468570
Oppo Reno16 FS,32% [Official Store] OPPO Reno16 F 5G 8/128GB 8/256GB 50MP Camera Garansi Resmi HP Android Terbaru 2026,https://www.tokopedia.com/aurora-mall-phone/oppo-reno16-f-5g-8-128gb-8-256gb-8gb-8gb-extended-ram-nfc-official-store-hp-terbaru-2026-ori-cod-1736383376785507790-1736383341212763598,Rp6757555,Rp9999000,,5.0,1,aurora-mall-phone,,2026-10-03 09:08:00.534304
Oppo Reno16 FS,11% [Special Indah Gadget] OPPO RENO 16F 5G 8GB/128GB 8GB/256GB - Garansi Resmi Nasional,https://www.tokopedia.com/indahponsel/special-indah-gadget-oppo-reno-16f-5g-8gb-128gb-8gb-256gb-garansi-resmi-nasional-1736383584564577869-1737324725033403981,Rp8120000,Rp9149000,,,,indahponsel,,2026-10-03 09:08:00.541200
Oppo Reno16 FS,15% (PROMO LIVE) OPPO RENO 16F 5G 8/256 & 8/128 GARANSI RESMI,https://www.tokopedia.com/bintangempatcell/promo-live-oppo-reno-16f-5g-8-256-8-128-garansi-resmi-1736405414105023985-1736405599930189297,Rp7649000,Rp8999000,,,2,bintangempatcell,,2026-10-03 09:08:00.605854
Oppo Reno16 FS,42% OPPO Reno 16F 5G 8/128GB 8/256GB 7000mAh Garansi Resmi Indonesia Original,https://www.tokopedia.com/digitalisme/oppo-a60-8-256gb-6-128gb-a-60-garansi-resmi-1731040555308975313-1736506451622462673,Rp6960000,Rp11999000,,5.0,100+,digitalisme,,2026-10-03 09:08:00.612972
Oppo Reno16 FS,"40% OPPO Reno16 F 5G Eco Pack 8GB+256GB [3D Pop Design, AI Remix Collage, 50MP Ultra-wide Selfie Camera]",https://www.tokopedia.com/threetoone/official-store-oppo-reno16-f-5g-eco-pack-8gb-256gb-ai-remix-collage-50mp-ultra-wide-selfie-camera-1736885617777346423-1736885863470958455,Rp6588595,Rp10999000,,4.0,4,threetoone,,2026-10-03 09:08:00.619489
Oppo Reno16 FS,32% OPPO Reno16 F 5G 8/128GB 8/256GB NFC 50MP Camera Garansi resmi Indonesia HP Terbaru 2026 Bisa COD,https://www.tokopedia.com/aurora-mall-phone/oppo-reno16-f-5g-8-128gb-8-256gb-8gb-8gb-extended-ram-nfc-official-store-hp-terbaru-2026-ori-cod-1736383312863331790-1736383408447718862,Rp6757555,Rp9999000,,,3,aurora-mall-phone,,2026-10-03 09:08:00.665302
Oppo Reno16 FS,(RESMI) Oppo Reno 16F 5G 8/128GB 8/256GB Putih Ultra Violet Ungu Garansi Resmi Indonesia 1 Tahun,https://www.tokopedia.com/putra-group/resmi-oppo-reno-16f-5g-8-128gb-putih-violet-ungu-garansi-resmi-indonesia-1-tahun-1736412379554939904-1736792891912717312,Rp7199000,,,5.0,22,putra-group,,2026-10-03 09:08:00.671596
Oppo Reno16 FS,40% [Official Store] OPPO Reno16 F 5G Eco Pack 7000mAh 80W SUPERVOOC — Garansi Resmi OPPO Indonesia,https://www.tokopedia.com/threetoone/new-launch-oppo-reno16-f-5g-eco-pack-8gb-256gb-3d-pop-planet-design-50mp-ultra-wide-selfie-camera-1736885494227371895-1736886057114961783,Rp6588595,Rp10999000,,,3,threetoone,,2026-10-03 09:08:00.677608
Oppo Reno16 Pro,23% [Official Store] OPPO Reno16 F 5G/16 5G/16 Pro 5G Desain Planet 3D — Garansi Resmi OPPO Indonesia,https://www.tokopedia.com/threetoone/official-store-oppo-reno16-f-5g-16-5g-16-pro-5g-desain-planet-3d-garansi-resmi-oppo-indonesia-1736383853367297911-1736383761255139191,Rp7679040,Rp9999000,,5.0,10,threetoone,,2026-10-03 08:37:24.117290
Oppo Reno16 Pro,[NEW] OPPO Reno16 Pro 5G 12GB+256GB (Garansi Resmi),https://www.tokopedia.com/oppo/coming-soon-oppo-reno16-pro-5g-1736012668981773521-1736012673804371153,Rp14999000,,,5.0,16,oppo,,2026-10-03 08:37:24.120306
Oppo Reno16 Pro,(RESMI) Oppo Reno 16 Pro 5G 12/256GB Hitam Putih Garansi Resmi Indonesia 1 Tahun,https://www.tokopedia.com/putra-group/resmi-oppo-reno-16-pro-5g-12-256gb-hitam-putih-garansi-resmi-indonesia-1-tahun-1736412349075719168-1736792952795595776,Rp13799000,,,5.0,4,putra-group,,2026-10-03 08:37:24.122759
Oppo Reno16 Pro,"[BARU] OPPO Reno16 Pro 5G 12GB/256GB [3D Pop Planet Design, AI Remix Collage, 200MP Ultra-clear Main Camera]",https://www.tokopedia.com/oppo/hanya-uang-muka-oppo-reno16-1736007879495812305-1737520135770047697,Rp14999000,,,5.0,100+,oppo,,2026-10-03 08:37:24.125320
Oppo Reno16 Pro,45% OPPO Reno 16 / Reno 16 Pro 5G 8/256GB 12/256GB Garansi Resmi Indonesia Original,https://www.tokopedia.com/digitalisme/oppo-a5x-8-128-6-128gb-4-128gb-4-64gb-oppo-a5-x-garansi-resmi-1729773540195665105-1736506338625094865,Rp10367000,Rp18999000,,5.0,100+,digitalisme,,2026-10-03 08:37:24.127895
Oppo Reno16 Pro,48% Oppo Reno 16 Pro 5G 12/256GB NFC Garansi Resmi | Reno 16 8/256GB,https://www.tokopedia.com/digitechmall/oppo-reno-16-5g-8-128gb-8-256gb-nfc-garansi-resmi-16-f-1736445987341633139-1736446098381375091,Rp10368000,Rp19999000,,,5,digitechmall,,2026-10-03 08:37:24.130211
Oppo Reno16 Pro,42% Promo Live Oppo Reno 16F | 16 Pro 5G 12/256 8/256GB Garansi Resmi Oppo Indonesia,https://www.tokopedia.com/indotechstore/promo-live-oppo-reno-16f-16-pro-5g-12-256-8-256gb-garansi-resmi-oppo-indonesia-1736664377904039905-1736664295198132193,Rp7018000,Rp12099000,,,,indotechstore,,2026-10-03 08:37:24.133130
Oppo Reno16 Pro,43% [ SELF PICKUP ] Oppo Reno 16F | 16 Pro 5G 12/256 8/256GB Garansi Resmi Oppo Indonesia,https://www.tokopedia.com/indotechstore/self-pickup-oppo-reno-16f-16-pro-5g-12-256-8-256gb-garansi-resmi-oppo-indonesia-1736736887388211169-1736736887328507873,Rp6890000,Rp12099000,,,,indotechstore,,2026-10-03 08:37:24.135644
Oppo Reno16 Pro,"24% OPPO RENO 16 PRO RAM [12/256GB] - Dimensity 8450, SUPERVOOC 200MP | Reno 16pro Reno16 pro GARANSI RESMI",https://www.tokopedia.com/189-cell/oppo-a76-ram-6-128-gb-a76-ram-11-128-gb-garansi-resmi-oppo-indonesia-1736454533744920098,Rp13652900,Rp17999900,,4.9,189,189-cell,,2026-10-03 08:37:24.138019
Oppo Reno16 Pro,43% [ JKT ] Oppo Reno 16F | 16 Pro 5G 12/256 8/256GB Garansi Resmi Oppo Indonesia,https://www.tokopedia.com/indotechstore/jkt-oppo-reno-16f-16-pro-5g-12-256-8-256gb-garansi-resmi-oppo-indonesia-1736869192716486625-1736869192846837729,Rp6954000,Rp12099000,,,,indotechstore,,2026-10-03 08:37:24.140443
Oppo Reno16c,42% Oppo Reno 16 256GB [ Ram 8GB / 12GB ] White Violet Garansi Resmi Oppo Indonesia,https://www.tokopedia.com/new-rizkyapple/honor-x9c-5g-256gb-ram-12gb-purple-cyan-black-garansi-resmi-honor-indonesia-1731189543871415422-1736410929518445694,Rp10363999,Rp17999000,,5.0,60+,new-rizkyapple,,2026-10-03 08:31:00.128730
Oppo Reno16c,40% [NEW] OPPO Reno16 F 5G Eco Pack 8/256GB (8GB+8GB Extended RAM) Dimensity 7300-Energy Terbaru 2026,https://www.tokopedia.com/threetoone/new-oppo-reno16-f-5g-8gb-128-256gb-3d-pop-planet-design-50mp-ultra-wide-selfie-camera-1736885215872976759-1736886068447840119,Rp6588595,Rp10999000,,5.0,15,threetoone,,2026-10-03 08:31:00.132157
Oppo Reno16c,Oppo A6c 4/64GB 4/128GB Garansi Resmi,https://www.tokopedia.com/myfon-teleshop/oppo-a6c-4-64gb-4-128gb-garansi-resmi-1736014737710024325-1736015041749616261,Rp2525000,Rp2699000,,5.0,70+,myfon-teleshop,,2026-10-03 08:31:00.134584
Oppo Reno16c,Oppo A6C 4/128GB White Smartphone Android CPH2895_4/128_FW,https://www.tokopedia.com/myhartono/oppo-a6c-4-128gb-white-smartphone-android-cph2895-4-128-fw-1735993778390533485,Rp3129000,,,4.0,4,myhartono,,2026-10-03 08:31:00.137302
Oppo Reno16c,15% [ LIVE SPESIAL ] OPPO A6C 4/64 & 4/128 NEW GARANSI RESMI,https://www.tokopedia.com/j3-shop/live-spesial-oppo-a6c-4-64-4-128-new-garansi-resmi-1735691077882512924-1735691180397463068,Rp2549000,Rp2999000,,4.9,100+,j3-shop,,2026-10-03 08:31:00.139664
Oppo Reno16c,17% [ LIVE SPESIAL ] OPPO A6T 4/64 & 4/128 & 6/128 NEW GARANSI RESMI,https://www.tokopedia.com/j3-shop/live-spesial-oppo-a6t-4-64-4-128-6-128-new-garansi-resmi-1734643949114131996-1736770767822685724,Rp2739000,Rp3299000,,4.9,100+,j3-shop,,2026-10-03 08:31:00.142245
Oppo Reno16c,"[NEW LAUNCH] vivo Y11d - 6500mAh + 44W FlashCharge, Tahan Banting Ekstrem, Tahan Hujan IP65, 50MP Kamera Utama, Layar 120Hz Ultra Terang",https://www.tokopedia.com/vivo/new-launch-vivo-y11d-6500mah-44w-flashcharge-tahan-banting-ekstrem-tahan-hujan-ip65-50mp-kamera-utama-layar-120hz-ultra-terang-1735558834219878323-1735876459057416115,Rp2599000,Rp2859000,,5.0,250+,vivo,,2026-10-03 08:31:00.144485
Oppo Reno16c,"18% (PROMO EXCLUSIVE CREATOR) - Price OPPO Reno15 5G (8/256)(12/256) - 50MP Ultra Wide Selfie Camera, Snapdragon 7 Gen 4 Prosesor",https://www.tokopedia.com/teknotrend/promo-exclusive-creator-price-oppo-reno15-5g-8-256-12-256-50mp-ultra-wide-selfie-camera-snapdragon-7-gen-4-prosesor-1735179128546625474-1735179083148658626,Rp8716500,Rp10652000,,,,teknotrend,,2026-10-03 08:31:00.146753
Realme 16 Pro+,REALME 16 PRO+ 5G 12/512GB GARANSI RESMI 1 TAHUN,https://www.tokopedia.com/t0k0-0pp0st0re/realme-8i-6-128gb-garansi-resmi-realme-1735533928213349543,Rp9999000,,,5.0,90+,t0k0-0pp0st0re,,2026-10-03 09:48:09.936414
Realme 16 Pro+,REALME 16 PRO PLUS 12/512 GARANSI RESMI REALME INDONESIA,https://www.tokopedia.com/mitraponsel88/realme-8-5g-ram-8-128-gb-nfc-garansi-resmi-realme-indonesia-1734623431816480301,Rp8999000,,,4.5,10,mitraponsel88,,2026-10-03 09:48:09.948905
Realme 16 Pro+,REALME 16 PRO PLUS 5G 12/512 REALME 16 PROPLUS 5G 12/512 REALME16PROPLUS 5G 12/512 GARANSI RESMI INDONESIA,https://www.tokopedia.com/cuan-gadgetid/realme-16-pro-plus-5g-12-512-realme-16-proplus-5g-12-512-realme16proplus-5g-12-512-garansi-resmi-indonesia-1734586017822311848-1734586238965548456,Rp9499000,,,5.0,7,cuan-gadgetid,,2026-10-03 09:48:09.954759
Realme 16 Pro+,Hp Realme 16 Pro 5G | Realme 16pro+ 5G [ 12/256GB - 12/512GB ] 200mp Kamera IP69 Tahan Air  Baru Garansi Resmi 100% Original,https://www.tokopedia.com/smarttechnology/hp-realme-16-pro-5g-realme-16pro-5g-12-256gb-12-512gb-200mp-kamera-ip69-tahan-air-baru-garansi-resmi-100-original-1734473832749762412,Rp7174000,Rp7199000,,,,smarttechnology,,2026-10-03 09:48:09.957812
Realme 16 Pro+,Realme 16 pro plus ram 12 / 512 resmi fullset original garansi,https://www.tokopedia.com/f44i-shop/realme-16-pro-plus-ram-12-512-resmi-fullset-original-garansi-1737253707627136905,Rp8125000,Rp8150000,,,,f44i-shop,,2026-10-03 09:48:09.976231
Realme 16 Pro+,REALME 16 PROPLUS 5G 12/512 REALME 16 PRO PLUS 5G 12/512 REALME16 PROPLUS 5G 12/512 GARANSI RESMI INDONESIA,https://www.tokopedia.com/cuan-gadgetid/realme-16-proplus-5g-12-512-realme-16-pro-plus-5g-12-512-realme16-proplus-5g-12-512-garansi-resmi-indonesia-1734586418264638888-1734586421454013864,Rp9499000,,,5.0,4,cuan-gadgetid,,2026-10-03 09:48:09.979310
Realme 16 Pro+,Realme 16 Pro Plus 5G 12/512GB Baru Garansi Resmi,https://www.tokopedia.com/gadget-pin-store/realme-13-pro-plus-5g-12-512gb-baru-garansi-resmi,Rp8910000,,,5.0,4,gadget-pin-store,,2026-10-03 09:48:09.985188
Realme 16 Pro+,Realme 16 Pro+ 5G 12/512GB Garansi Resmi Indonesia,https://www.tokopedia.com/apollogs/realme-16-pro-5g-12-512gb-garansi-resmi-indonesia-1735067655148963835-1735067763948750843,Rp8999000,,,,,apollogs,,2026-10-03 09:48:09.993093
Realme 16 Pro+,Realme 16 Pro+ 5G 12/512GB [Garansi Resmi Realme],https://www.tokopedia.com/planet-gadgets/realme-16-pro-5g-12-512gb-garansi-resmi-realme-1734609181375104131-1734609182605608067,Rp9385000,,,,,planet-gadgets,,2026-10-03 09:48:09.998989
Realme 16 Pro+,REALME 16 PRO PLUS RAM 12/512GB 5G GARANSI RESMI,https://www.tokopedia.com/samarinda-carin/realme-16-pro-plus-ram-12-512gb-5g-garansi-resmi-1734666078225205111-1734666070304589687,Rp9350000,,,,,samarinda-carin,,2026-10-03 09:48:10.004027
Realme 16T,38% Hp realme C100 6/128GB 8/256GB RAM 8GB+16GB Extended ROM 256GB Garansi Resmi Murah Handphone Android,https://www.tokopedia.com/aurora-mall-phone/realme-c71-4-128-6-128-8-128-garansi-resmi-hp-realme-terbaru-2025-ori-bisa-cod-1731697442391295438-1735464290544879054,Rp3090107,Rp4999000,,5.0,40+,aurora-mall-phone,,2026-10-01 07:12:46.133105
Realme 16T,Realme 16 5G 8/256GB NFC Garansi Resmi ( FREE GIFT ),https://www.tokopedia.com/hapejoss/realme-16-5g-8-256gb-nfc-garansi-resmi-free-gift-1734587326131832765-1734587325452093373,Rp5999000,,,,,hapejoss,,2026-10-01 07:12:46.136128
Realme 16T,realme C85 Pro 8GB+16GB RAM 256GB | 128GB | 7000mAh | IP69 Pro Tahan Air 144Hz Display Smartphone Performa Lancar,https://www.tokopedia.com/realmeauthorizedstorelampung/realme-c85-pro-8gb-16gb-ram-256gb-128gb-7000mah-ip69-pro-tahan-air-144hz-display-smartphone-performa-lancar-1733380612327638696,Rp3799000,Rp3999000,,5.0,5,realmeauthorizedstorelampung,,2026-10-01 07:12:46.138353
Realme 16T,realme C100 8GB+16GB / 6GB+12GB | 128GB/256GB | 8000 mAh | IP69 Pro Dust & Water Resistance | Millitary Grade Shock | ORIGINAL,https://www.tokopedia.com/realmeauthorizedstorelampung/realme-c100-8gb-16gb-6gb-12gb-128gb-256gb-8000-mah-ip69-pro-dust-water-resistance-millitary-grade-shock-original-1735467586574059176-1735467601373267624,Rp3649000,Rp3799000,,,,realmeauthorizedstorelampung,,2026-10-01 07:12:46.140654
Realme 16T,realme C100X 6GB+12GB | 256GB/128GB | 8000 mAh + 45W | Millitary Grade | Fluid Design | IP64 Dust & Water resistance | ORIGINAL,https://www.tokopedia.com/realmeauthorizedstorelampung/realme-c100x-6gb-12gb-256gb-128gb-8000-mah-45w-millitary-grade-fluid-design-ip64-dust-water-resistance-original-1735467847822182056-1735467857376544424,Rp3199000,Rp3399000,,,,realmeauthorizedstorelampung,,2026-10-01 07:12:46.142933
Realme 16T,"25% NEW LAUNCH HONOR X6c 6GB+256GB (Moonlight White / Midnight Black) - Storage Luas 256GB, 50MP , 5300mAh 35W Fitur Magic Capsule, Desain Stylish & Modern, Smartphone Handal Value for Money",https://www.tokopedia.com/honor-official-store/new-launch-honor-x6c-5300-mah-baterai-besar-6gb-256gb-50-mp-kamera-utama-5-mp-kamera-selfie-ai-button-creation-1736085646690650035-1736086159122859955,Rp2999000,Rp3999000,,5.0,19,honor-official-store,,2026-10-01 07:12:46.145011
Realme 16x,Realme 16 5G 8/256GB NFC Garansi Resmi ( FREE GIFT ),https://www.tokopedia.com/hapejoss/realme-16-5g-8-256gb-nfc-garansi-resmi-free-gift-1734587326131832765-1734587325452093373,Rp5999000,,,,,hapejoss,,2026-10-01 06:54:32.416582
Realme 16x,39% REALME P4X ( 4/256GB ) & ( 4/128GB )GARANSI RESMI,https://www.tokopedia.com/gadget-universe-official/promo-realme-p4x-4-256gb-4-128gb-garansi-resmi-1737017586011375383-1737018177243809559,Rp2671000,Rp4399000,,,,gadget-universe-official,,2026-10-01 06:54:32.419537
Realme 16x,realme C100 8GB+16GB / 6GB+12GB | 128GB/256GB | 8000 mAh | IP69 Pro Dust & Water Resistance | Millitary Grade Shock | ORIGINAL,https://www.tokopedia.com/realmeauthorizedstorelampung/realme-c100-8gb-16gb-6gb-12gb-128gb-256gb-8000-mah-ip69-pro-dust-water-resistance-millitary-grade-shock-original-1735467586574059176-1735467601373267624,Rp3649000,Rp3799000,,,,realmeauthorizedstorelampung,,2026-10-01 06:54:32.422901
Realme 16x,NUBIA FOCUS 2 5G 8/256 GB GARANSI RESMI NUBIA FOCUS 2 5G RAM UP TO 20 GB,https://www.tokopedia.com/gadget-ind-store-/nubia-focus-2-5g-8-256-gb-garansi-resmi-nubia-focus-2-5g-ram-up-to-20-gb-1732021019236730752,Rp2599000,,,,30+,gadget-ind-store-,,2026-10-01 06:54:32.426077
Realme C100,[Creator] Realme C100 6/128GB 8/256GB Garansi Resmi,https://www.tokopedia.com/myfon-teleshop/creator-realme-c100-6-128gb-8-256gb-garansi-resmi-1735532823900161669-1735532871569868421,Rp3555000,Rp3899000,,,2,myfon-teleshop,,2026-10-03 09:08:21.882571
Realme C100,Realme C100 NFC [6/128 GB] [8/256 GB] Garansi Resmi Indonesia,https://www.tokopedia.com/duniagadgetku/realme-c100-nfc-6-128-gb-8-256-gb-garansi-resmi-indonesia-1735778147508586299-1736139886343587643,Rp3398500,Rp3399000,,4.0,70+,duniagadgetku,,2026-10-03 09:08:22.013629
Realme C100,36% [NEW] realme C100 6/128GB 8/256GB 400% Ultra Volume 120Hz Display Garansi resmi Realme Indonesia,https://www.tokopedia.com/threetoone/new-realme-c71-8-128gb-unisoc-t7250-400-ultra-volume-120hz-display-garansi-resmi-realme-indonesia-1731849306175539063-1735517054213588855,Rp3209395,Rp4999000,,4.9,100+,threetoone,,2026-10-03 09:08:22.020251
Realme C100,45% REALME C100 6GB 128GB  / 8GB 256GB Garansi Resmi,https://www.tokopedia.com/agresid/realme-c100-6gb-128gb-8gb-256gb-garansi-resmi-1735724411962360899-1735724321666597955,Rp3474000,Rp6299000,,5.0,13,agresid,,2026-10-03 09:08:22.025068
Realme C100,52% Realme C100X 4G NFC 6/128GB 6/256GB Garansi Resmi,https://www.tokopedia.com/digitechmall/realme-c65-8-128gb-8-256gb-purple-black-helio-g85-45w-garansi-resmi-1735559942508086899,Rp2862334,Rp5999000,,5.0,250+,digitechmall,,2026-10-03 09:08:22.091294
Realme C100,REALME C100 8/256 REALME C 100 6/128 GARANSI RESMI INDONESIA,https://www.tokopedia.com/cuan-gadgetid/realme-c100-8-256-realme-c-100-6-128-garansi-resmi-indonesia-1735795984749594024-1735796171513038248,Rp3774000,Rp3799000,,4.8,7,cuan-gadgetid,,2026-10-03 09:08:22.099378
Realme C100,Realme C100 6/128GB 8/256GB Garansi Resmi,https://www.tokopedia.com/myfon-teleshop/realme-c100-6-128gb-8-256gb-garansi-resmi-1735506488346576517-1735506323149719173,Rp3520000,Rp3899000,,5.0,26,myfon-teleshop,,2026-10-03 09:08:22.104331
Realme C100 4G,48% Realme C100 4G | C100x | C100i 6/128GB Brown Purple White - Garansi Resmi  1 Tahun Gadget,https://www.tokopedia.com/indotechstore/realme-c67-8-128gb-black-2nd-second-like-new-ex-garansi-resmi-1736107274332964833,Rp3052000,Rp5899000,,,10,indotechstore,,2026-10-03 09:03:58.539670
Realme C100 4G,36% [NEW] realme C100 6/128GB 8/256GB 400% Ultra Volume 120Hz Display Garansi resmi Realme Indonesia,https://www.tokopedia.com/threetoone/new-realme-c71-8-128gb-unisoc-t7250-400-ultra-volume-120hz-display-garansi-resmi-realme-indonesia-1731849306175539063-1735517054213588855,Rp3209395,Rp4999000,,4.9,100+,threetoone,,2026-10-03 09:03:58.572942
Realme C100 4G,"28% Realme C100 4G 6Gb/8Gb 128Gb/256Gb 6.8"" 120Hz Garansi Resmi Indonesia",https://www.tokopedia.com/agresidbandung/realme-c100-4g-6gb-8gb-128gb-256gb-6-8-120hz-garansi-resmi-indonesia-1735655157131674808-1735655188784710840,Rp3474000,Rp4799000,,5.0,6,agresidbandung,,2026-10-03 09:03:58.577446
Realme C100 4G,44% [ JKT ] Realme C100 4G NFC 6/128GB 8/256GB Garansi Resmi,https://www.tokopedia.com/digitechmall/jkt-realme-c100-4g-nfc-6-128gb-8-256gb-garansi-resmi-1737203725925975667-1737203726737573491,Rp3335000,Rp5999000,,,,digitechmall,,2026-10-03 09:03:58.580273
Realme C100 4G,61% Realme C100X 4G 128GB 256GB [ Ram 6GB ] Garansi Resmi Indonesia Golden Blue,https://www.tokopedia.com/new-rizkyapple/realme-note-70-64gb-128gb-ram-4gb-black-gold-garansi-resmi-indonesia-titan-battery-6300mah-shock-resistance-military-grade-ultra-slim-design-1732709990813238398,Rp3054999,Rp7799000,,5.0,250+,new-rizkyapple,,2026-10-03 09:03:58.583253
Realme C100 4G,59% [ Live ] Realme C100X 4G 6/128GB 4/256GB / C100i 4/64GB 4/256GB 6/128GB Garansi Resmi Indonesia,https://www.tokopedia.com/digitalisme/live-realme-c100x-4g-6-128gb-4-256gb-c100i-4-64gb-4-256gb-6-128gb-garansi-resmi-indonesia-1736573806374126801-1736573808659498193,Rp2991000,Rp7349000,,5.0,2,digitalisme,,2026-10-03 09:03:58.586721
Realme C100 4G,43% Realme C100 4G NFC 6/128GB 8/256GB Garansi Resmi,https://www.tokopedia.com/digitechmall/realme-14t-5g-8-256gb-nfc-garansi-resmi-dimensity-6300-120hz-amoled-hp-gaming-murah-1731415798652175987-1735559512711399027,Rp3402000,Rp5999000,,5.0,7,digitechmall,,2026-10-03 09:03:58.589255
Realme C100 4G,41% Realme C100 4G | C100X | C100i - HANDPHONE PONSEL ANDROID GARANSI RESMI,https://www.tokopedia.com/studiolaptop/162261-extra-proteksi-bubble-wrap-perlindungan26-1-jkt-1734409895453034311-1736767133157394247,Rp2790000,Rp4756500,,5.0,23,studiolaptop,,2026-10-03 09:03:58.592439
Realme C100 4G,Realme C100 4G Series Helio G92Max Ram 8gb Storage 256gb Garansi Resmi Indonesia 1 TAHUN,https://www.tokopedia.com/agresidbogor/realme-c85-4g-series-snapdragon-685-ram-8gb-storage-256gb-garansi-resmi-indonesia-1-tahun-1735770359777297839-1735770359358457263,Rp3499000,,,,,agresidbogor,,2026-10-03 09:03:58.594961
Realme C100i,12% Realme C100i 4/128GB 4/256GB 6/128GB Garansi Resmi,https://www.tokopedia.com/myfon-teleshop/realme-c71-4-128gb-6-128gb-8-128gb-garansi-resmi-1730572742089868933-1737442685076866693,Rp2470000,Rp2799000,,4.9,750+,myfon-teleshop,,2026-10-03 08:31:33.883791
Realme C100i,11% [Creator] Realme C100i 4/128GB 4/256GB 6/128GB Garansi Resmi,https://www.tokopedia.com/myfon-teleshop/realme-c100-6-128gb-8-256gb-garansi-resmi-1735778718085973637-1737442649591481989,Rp2495000,Rp2799000,,,4,myfon-teleshop,,2026-10-03 08:31:33.889796
Realme C100i,Realme C100i 4/128GB 4/256GB & 6/256GB - Garansi Resmi 1 Tahun,https://www.tokopedia.com/bintangtimurselindo/realme-c100i-4-128gb-4-256gb-6-256gb-garansi-resmi-1-tahun-1736982248006321854-1736982248260273854,Rp2689000,,,5.0,60+,bintangtimurselindo,,2026-10-03 08:31:33.892191
Realme C100i,41% realme C100i 6/128GB (6+12GB Extended RAM) Garansi Resmi Indonesia Hp Android Murah Terbaru 2026 Ori,https://www.tokopedia.com/aurora-mall-phone/hp-realme-p3-lite-4-128gb-ram-4gb-8gb-extended-rom-128gb-realme-terbaru-2025-garansi-resmi-1733306170016630222-1735501833652962766,Rp2375120,Rp3999000,,5.0,40+,aurora-mall-phone,,2026-10-03 08:31:33.894549
Realme C100i,42% [ TP ] REALME C100I ( 6GB - 256GB ) GARANSI RESMI,https://www.tokopedia.com/digital-electronics-lifestyle/tp-realme-c100i-6gb-256gb-garansi-resmi-1735728808902231572-1735728806886409748,Rp2504000,Rp4300000,,5.0,40+,digital-electronics-lifestyle,,2026-10-03 08:31:33.897020
Realme C100i,50% REALME C100I 4GB/128GB 4GB/256GB 6GB/128GB Garansi Resmi,https://www.tokopedia.com/agresid/realme-c100i-4gb-128gb-4gb-256gb-6gb-128gb-garansi-resmi-1735724432370205763-1735724551931921475,Rp2504000,Rp4999000,,5.0,100+,agresid,,2026-10-03 08:31:33.900358
Realme C100i (India),12% Realme C100i 4/128GB 4/256GB 6/128GB Garansi Resmi,https://www.tokopedia.com/myfon-teleshop/realme-c71-4-128gb-6-128gb-8-128gb-garansi-resmi-1730572742089868933-1737442685076866693,Rp2470000,Rp2799000,,4.9,750+,myfon-teleshop,,2026-10-01 06:45:56.256987
Realme C100i (India),"23% REALME C100i [4/128GB] [4/256GB] [6/128GB] - 50MP Camera, Unisoc T606 Chipset - C 100i C100 i",https://www.tokopedia.com/189-cell/realme-c21y-ram-3-32-gb-c21y-3-32-c21y-4-64-garansi-resmi-realme-1735694867287541282,Rp2392900,Rp3099900,,4.9,189,189-cell,,2026-10-01 06:45:56.262909
Realme C100i (India),50% REALME C100I 4GB/128GB 4GB/256GB 6GB/128GB Garansi Resmi,https://www.tokopedia.com/agresid/realme-c100i-4gb-128gb-4gb-256gb-6gb-128gb-garansi-resmi-1735724432370205763-1735724551931921475,Rp2504000,Rp4999000,,5.0,100+,agresid,,2026-10-01 06:45:56.265979
Realme C100i (India),42% [ TP ] REALME C100I ( 6GB - 256GB ) GARANSI RESMI,https://www.tokopedia.com/digital-electronics-lifestyle/tp-realme-c100i-6gb-256gb-garansi-resmi-1735728808902231572-1735728806886409748,Rp2504000,Rp4300000,,5.0,30+,digital-electronics-lifestyle,,2026-10-01 06:45:56.268236
Realme C100i (India),REALME C100i 6/128 REALME C100 i 4/256 REALME C 100 i 4/128 GARANSI RESMI INDONESIA,https://www.tokopedia.com/cuan-gadgetid/realme-c100i-6-128-realme-c100-i-4-256-realme-c-100-i-4-128-garansi-resmi-indonesia-1735796232656094632-1735796279544087976,Rp2699000,,,,10,cuan-gadgetid,,2026-10-01 06:45:56.270409
Realme C100x,52% Realme C100X 4G NFC 6/128GB 6/256GB Garansi Resmi,https://www.tokopedia.com/digitechmall/realme-c65-8-128gb-8-256gb-purple-black-helio-g85-45w-garansi-resmi-1735559942508086899,Rp2862334,Rp5999000,,5.0,250+,digitechmall,,2026-10-03 08:27:14.989576
Realme C100x,31% [LIVE PRODUCT] REALME C100X 6+12GB/128GB GARANSI RESMI - SMARTPHONE/PONSEL,https://www.tokopedia.com/mahkota-accessories/live-product-realme-c100x-6-12gb-128gb-garansi-resmi-smartphone-ponsel-1735959009517274316-1736194785046136012,Rp3105000,Rp4500000,,,,mahkota-accessories,,2026-10-03 08:27:15.001723
Realme C100x,46% [ TP ] REALME C100X ( 6/256GB ) GARANSI RESMI,https://www.tokopedia.com/dadriveofficialstore/tp-realme-c100x-6-256gb-garansi-resmi-1735593071915796295-1735593081788270407,Rp3104000,Rp5800000,,,1,dadriveofficialstore,,2026-10-03 08:27:15.004799
Realme C100x,Realme C100x NFC [6/128 GB] [6/256 GB] Garansi Resmi Indonesia,https://www.tokopedia.com/duniagadgetku/realme-c100x-nfc-6-128-gb-6-256-gb-garansi-resmi-indonesia-1735778705824581435-1736140124173076283,Rp3048500,Rp3049000,,,70+,duniagadgetku,,2026-10-03 08:27:15.007324
Realme C100x,59% [ Live ] Realme C100X 4G 6/128GB 4/256GB / C100i 4/64GB 4/256GB 6/128GB Garansi Resmi Indonesia,https://www.tokopedia.com/digitalisme/live-realme-c100x-4g-6-128gb-4-256gb-c100i-4-64gb-4-256gb-6-128gb-garansi-resmi-indonesia-1736573806374126801-1736573808659498193,Rp2991000,Rp7349000,,5.0,2,digitalisme,,2026-10-03 08:27:15.009982
Realme Narzo 100 Lite,43% ZTE NUBIA V80 MAX 6GB/128GB & 8GB/128GB GARANSI RESMI - SMARTPHONE Layar Screen,https://www.tokopedia.com/mahkota-accessories/zte-nubia-v80-max-6gb-128gb-8gb-128gb-garansi-resmi-smartphone-1731381430848488652-1737560348272002252,Rp2183000,Rp3800000,,4.8,750+,mahkota-accessories,,2026-10-03 08:37:48.831053
Realme Narzo 100 Lite,REALME NARZO 4/128GB GARANSI RESMI (PRODUK ORIGINAL),https://www.tokopedia.com/elzain-cellular/realme-narzo-4-128gb-garansi-resmi-produk-original-hitam,Rp2224000,Rp2249000,,,,elzain-cellular,,2026-10-03 08:37:49.660404
Realme Narzo 100 Lite,realme Note 80 RAM 4+8GB | 128GB | 64GB (6300 mAh | Proteksi Armorshell | IP54 | ORIGINAL BEST SELLER,https://www.tokopedia.com/realmeauthorizedstorelampung/realme-note-80-ram-4-8gb-128gb-64gb-6300-mah-proteksi-armorshell-ip54-original-1735998823922960040-1735998787617719976,Rp1899000,Rp2099000,,4.3,80+,realmeauthorizedstorelampung,,2026-10-03 08:37:50.444311
Realme Narzo 100 Lite,"25% NEW LAUNCH HONOR X6c 6GB+256GB (Moonlight White / Midnight Black) - Storage Luas 256GB, 50MP , 5300mAh 35W Fitur Magic Capsule, Desain Stylish & Modern, Smartphone Handal Value for Money",https://www.tokopedia.com/honor-official-store/new-launch-honor-x6c-5300-mah-baterai-besar-6gb-256gb-50-mp-kamera-utama-5-mp-kamera-selfie-ai-button-creation-1736085646690650035-1736086159122794419,Rp2999000,Rp3999000,,5.0,21,honor-official-store,,2026-10-03 08:37:51.222085
Realme Narzo 90,Realme C85 Pro NFC [8/128 GB] [8/256 GB] Garansi Resmi Indonesia,https://www.tokopedia.com/duniagadgetku/realme-c85-pro-nfc-8-128-gb-8-256-gb-garansi-resmi-indonesia-1733682568373503803-1736139747344942907,Rp3348500,Rp3349000,,5.0,100+,duniagadgetku,,2026-10-03 10:00:39.117515
Realme Narzo 90,ZTE NUBIA NEO 3 5G SMARTPHONE GAMING RAM 8/256GB 6000MAH AMOLED 120HZ GARANSI RESMI,https://www.tokopedia.com/indo-line/zte-nubia-neo-3-5g-smartphone-gaming-ram-8-256gb-6000mah-amoled-120hz-garansi-resmi-1733966155411850810,Rp3000000,,,,18,indo-line,,2026-10-03 10:00:39.124027
Realme Narzo 90,ZTE Nubia A76 5G [8/128 GB] Garansi Indonesia,https://www.tokopedia.com/duniagadgetku/zte-nubia-a76-5g-8-128-gb-garansi-indonesia-1734333828422993723,Rp2498500,Rp2499000,,5.0,40+,duniagadgetku,,2026-10-03 10:00:39.126440
Realme Narzo 90,"25% NEW LAUNCH HONOR X6c 6GB+256GB (Moonlight White / Midnight Black) - Storage Luas 256GB, 50MP , 5300mAh 35W Fitur Magic Capsule, Desain Stylish & Modern, Smartphone Handal Value for Money",https://www.tokopedia.com/honor-official-store/new-launch-honor-x6c-5300-mah-baterai-besar-6gb-256gb-50-mp-kamera-utama-5-mp-kamera-selfie-ai-button-creation-1736085646690650035-1736086159122794419,Rp2999000,Rp3999000,,5.0,21,honor-official-store,,2026-10-03 10:00:39.128989
Realme Narzo 90,43% ZTE NUBIA V80 MAX 6GB/128GB & 8GB/128GB GARANSI RESMI - SMARTPHONE Layar Screen,https://www.tokopedia.com/mahkota-accessories/zte-nubia-v80-max-6gb-128gb-8gb-128gb-garansi-resmi-smartphone-1731381430848488652-1737560348272002252,Rp2183000,Rp3800000,,4.8,750+,mahkota-accessories,,2026-10-03 10:00:39.131447
Realme Narzo 90,Realme C85 6/128 8/128 GB Garansi Resmi Indonesia Snapdragon 685 NFC dengan Kamera Triple 50 MP dan Bluetooth 5.4 - Camera,https://www.tokopedia.com/sm-original/realme-gt-6-12-256-gb-garansi-resmi-iindonesia-realme-gt-12-256-gb-5g-1737621554945164355,Rp3099000,,,5.0,4,sm-original,,2026-10-03 10:00:39.133859
Realme Narzo 90,REALME NARZO 4/128GB GARANSI RESMI (PRODUK ORIGINAL),https://www.tokopedia.com/elzain-cellular/realme-narzo-4-128gb-garansi-resmi-produk-original-hitam,Rp2224000,Rp2249000,,,,elzain-cellular,,2026-10-03 10:00:39.136801
Realme Narzo 90X,ZTE NUBIA NEO 3 5G SMARTPHONE GAMING RAM 8/256GB 6000MAH AMOLED 120HZ GARANSI RESMI,https://www.tokopedia.com/indo-line/zte-nubia-neo-3-5g-smartphone-gaming-ram-8-256gb-6000mah-amoled-120hz-garansi-resmi-1733966155411850810,Rp3000000,,,,18,indo-line,,2026-10-03 10:04:51.387986
Realme Narzo 90X,Realme C85 Pro NFC [8/128 GB] [8/256 GB] Garansi Resmi Indonesia,https://www.tokopedia.com/duniagadgetku/realme-c85-pro-nfc-8-128-gb-8-256-gb-garansi-resmi-indonesia-1733682568373503803-1736139747344942907,Rp3348500,Rp3349000,,5.0,100+,duniagadgetku,,2026-10-03 10:04:51.391204
Realme Narzo 90X,ZTE Nubia A76 5G [8/128 GB] Garansi Indonesia,https://www.tokopedia.com/duniagadgetku/zte-nubia-a76-5g-8-128-gb-garansi-indonesia-1734333828422993723,Rp2498500,Rp2499000,,5.0,40+,duniagadgetku,,2026-10-03 10:04:51.395026
Realme Narzo 90X,43% ZTE NUBIA V80 MAX 6GB/128GB & 8GB/128GB GARANSI RESMI - SMARTPHONE Layar Screen,https://www.tokopedia.com/mahkota-accessories/zte-nubia-v80-max-6gb-128gb-8gb-128gb-garansi-resmi-smartphone-1731381430848488652-1737560348272002252,Rp2183000,Rp3800000,,4.8,750+,mahkota-accessories,,2026-10-03 10:04:51.398091
Realme Narzo 90X,"25% NEW LAUNCH HONOR X6c 6GB+256GB (Moonlight White / Midnight Black) - Storage Luas 256GB, 50MP , 5300mAh 35W Fitur Magic Capsule, Desain Stylish & Modern, Smartphone Handal Value for Money",https://www.tokopedia.com/honor-official-store/new-launch-honor-x6c-5300-mah-baterai-besar-6gb-256gb-50-mp-kamera-utama-5-mp-kamera-selfie-ai-button-creation-1736085646690650035-1736086159122794419,Rp2999000,Rp3999000,,5.0,21,honor-official-store,,2026-10-03 10:04:51.401177
Realme Narzo Power,Realme C85 Pro NFC [8/128 GB] [8/256 GB] Garansi Resmi Indonesia,https://www.tokopedia.com/duniagadgetku/realme-c85-pro-nfc-8-128-gb-8-256-gb-garansi-resmi-indonesia-1733682568373503803-1736139747344942907,Rp3348500,Rp3349000,,5.0,100+,duniagadgetku,,2026-10-03 09:27:38.190711
Realme Narzo Power,REALME NARZO 4/128GB GARANSI RESMI (PRODUK ORIGINAL),https://www.tokopedia.com/elzain-cellular/realme-narzo-4-128gb-garansi-resmi-produk-original-hitam,Rp2224000,Rp2249000,,,,elzain-cellular,,2026-10-03 09:27:38.197163
Realme Narzo Power,ZTE NUBIA NEO 3 5G SMARTPHONE GAMING RAM 8/256GB 6000MAH AMOLED 120HZ GARANSI RESMI,https://www.tokopedia.com/indo-line/zte-nubia-neo-3-5g-smartphone-gaming-ram-8-256gb-6000mah-amoled-120hz-garansi-resmi-1733966155411850810,Rp3000000,,,,18,indo-line,,2026-10-03 09:27:38.200323
Realme Narzo Power,Realme Narzo 50 5G Ram 6/128GB No Repack Segel Garansi Resmi,https://www.tokopedia.com/chameart/realme-narzo-50-5g-ram-6-128gb-no-repack-segel-garansi-resmi,Rp2474900,Rp2499900,,,3,chameart,,2026-10-03 09:27:38.203097
Realme Neo8,PreOrder Realme Neo 8 5G 6.78''AMOLED 165HZ Snapdragon 8 Gen 5 8000mAh 80W 50MP Dual Camera,https://www.tokopedia.com/indemand/realme-neo-8-5g-6-78-amoled-165hz-snapdragon-8-gen-5-8000mah-80w-50mp-dual-camera-1734227295972132770,Rp12074000,Rp12099000,,5.0,2,indemand,,2026-10-03 09:44:00.617441
Realme Neo8,PreOrder Realme Neo 8 5G 256GB 512GB 1TB RAM 12GB 16GB Snapdragon 8 Gen 5 8000mAh,https://www.tokopedia.com/flagship-store/realme-neo-8-5g-256gb-512gb-1tb-ram-12gb-16gb-snapdragon-8-gen-5-8000mah-1734309459455149199,Rp11850000,,,,,flagship-store,,2026-10-03 09:44:00.620652
Realme Neo8,Realme C85 Pro NFC [8/128 GB] [8/256 GB] Garansi Resmi Indonesia,https://www.tokopedia.com/duniagadgetku/realme-c85-pro-nfc-8-128-gb-8-256-gb-garansi-resmi-indonesia-1733682568373503803-1736139747344942907,Rp3348500,Rp3349000,,5.0,100+,duniagadgetku,,2026-10-03 09:44:00.623756
Realme Neo8,realme gt neo 3 t 8 128 garansi resmi Indonesia,https://www.tokopedia.com/dhandphone22/realme-gt-neo-3-t-8-128-garansi-resmi-indonesia-putih-8-128,Rp5374000,Rp5399000,,5.0,7,dhandphone22,,2026-10-03 09:44:00.626914
Realme Neo8,realme 8 5g 8/128 garansi resmi Indonesia,https://www.tokopedia.com/dhandphone22/realme-8-5g-8-128-garansi-resmi-indonesia-hitam,Rp3974000,Rp3999000,,4.6,12,dhandphone22,,2026-10-03 09:44:00.630066
Realme Neo8,"REALME GT NEO 3 8/256 , REALME GT NEO 3T 8/128 GARANSI RESMI",https://www.tokopedia.com/tokonisacell/realme-gt-neo-3-8-256-realme-gt-neo-3t-8-128-garansi-resmi-gt-neo-3t-8-128-1abf4,Rp5474000,Rp5499000,,5.0,10,tokonisacell,,2026-10-03 09:44:00.633199
Realme Neo8,"25% NEW LAUNCH HONOR X6c 6GB+256GB (Moonlight White / Midnight Black) - Storage Luas 256GB, 50MP , 5300mAh 35W Fitur Magic Capsule, Desain Stylish & Modern, Smartphone Handal Value for Money",https://www.tokopedia.com/honor-official-store/new-launch-honor-x6c-5300-mah-baterai-besar-6gb-256gb-50-mp-kamera-utama-5-mp-kamera-selfie-ai-button-creation-1736085646690650035-1736086159122794419,Rp2999000,Rp3999000,,5.0,21,honor-official-store,,2026-10-03 09:44:00.636425
Realme Neo8,REALME GT NEO 3T 8/128 RESMI,https://www.tokopedia.com/universalponsel/realme-gt-neo-3t-8-128-resmi,Rp5974000,Rp5999000,,,,universalponsel,,2026-10-03 09:44:00.639712
Realme P3 Lite,REALME P3 LITE 4/128GB SEGEL ORIGINAL & BERGARANSI RESMI,https://www.tokopedia.com/gadgedmurah-1/realme-p3-lite-8-128gb-segel-original-bergaransi-resmi-1735312620780881822,Rp2099000,,,5.0,4,gadgedmurah-1,,2026-10-03 10:09:12.955815
Realme P3 Lite,Realme P3 Lite 4/128GB Garansi Resmi,https://www.tokopedia.com/t9phonepwj/realme-p3-lite-4-128gb-garansi-resmi-1734426798326580544,Rp1974000,Rp1999000,,,,t9phonepwj,,2026-10-03 10:09:12.959880
Realme P3 Lite,Realme P3 lite 4+4 128gb warna putih,https://www.tokopedia.com/mars-cell-33/realme-p3-lite-4-4-128gn-warna-putih-1735373951811880739,Rp1874000,Rp1899000,,,,mars-cell-33,,2026-10-03 10:09:12.963152
Realme P3 Lite,REALME P3 LITE RAM 4+8/128GB GARANSI RESMI REALME INDONESIA,https://www.tokopedia.com/t0k0-0pp0st0re/realme-p3-lite-ram-4-8-128gb-garansi-resmi-realme-indonesia-1735289867448190119-1735289909248427175,Rp2599000,,,5.0,1,t0k0-0pp0st0re,,2026-10-03 10:09:12.965831
Realme P3 Lite,Realme P3 Lite NFC Ram 4+8GB*/128GB Garansi resmi,https://www.tokopedia.com/rrnumerouno/realme-p3-lite-nfc-ram-4-8gb-128gb-garansi-resmi-1734667951038957080-1734668084894729752,Rp2130000,,,5.0,4,rrnumerouno,,2026-10-03 10:09:12.968682
Realme P3 Lite,REALME P3 Lite 4/128GB GARANSI RESMI REALME INDONESIA,https://www.tokopedia.com/smart-cells/realme-p3-lite-4-128gb-garansi-resmi-realme-indonesia-1735345094934889898-1735345134070564266,Rp2299000,,,,,smart-cells,,2026-10-03 10:09:12.971284
Realme P4 Lite,42% [ TP ] REALME P4 LITE ( 4GB/128GB ) GARANSI RESMI,https://www.tokopedia.com/digital-electronics-lifestyle/tp-realme-p4-lite-4gb-128gb-garansi-resmi-1736731797019002388-1736731800251762196,Rp2329000,Rp4000000,,,,digital-electronics-lifestyle,,2026-10-03 09:12:56.423393
Realme P4 Lite,54% REALME P4 LITE [4GB 64GB] [4GB 128GB] - Garansi Resmi Indonesia,https://www.tokopedia.com/royalltech/realme-p4-lite-4gb-64gb-4gb-128gb-garansi-resmi-indonesia-1737389017547376119-1737388979281233399,Rp2304000,Rp4999000,,,,royalltech,,2026-10-03 09:12:56.427079
Realme P4 Lite,55% REALME P4 LITE 4GB 64GB / 4GB 128GB Garansi Resmi,https://www.tokopedia.com/gameridos/realme-p4-lite-4gb-64gb-4gb-128gb-garansi-resmi-1737390310049678945-1737390194267162209,Rp2304000,Rp5099000,,,,gameridos,,2026-10-03 09:12:56.431271
Realme P4 Lite,46% REALME P4 LITE 4GB 64GB / 4GB 128GB GARANSI RESMI,https://www.tokopedia.com/agres-id-cirebon/realme-p4-lite-4gb-64gb-4gb-128gb-garansi-resmi-1737552622014202994-1737552633960760434,Rp2329000,Rp4329000,,,,agres-id-cirebon,,2026-10-03 09:12:56.434720
Realme P4 Power,realme C85 Pro 8GB+16GB RAM 256GB | 128GB | 7000mAh | IP69 Pro Tahan Air 144Hz Display Smartphone Performa Lancar,https://www.tokopedia.com/realmeauthorizedstorelampung/realme-c85-pro-8gb-16gb-ram-256gb-128gb-7000mah-ip69-pro-tahan-air-144hz-display-smartphone-performa-lancar-1733380612327638696,Rp3799000,Rp3999000,,5.0,5,realmeauthorizedstorelampung,,2026-10-03 09:36:01.374443
Realme P4 Power,ZTE Nubia A76 5G [8/128 GB] Garansi Indonesia,https://www.tokopedia.com/duniagadgetku/zte-nubia-a76-5g-8-128-gb-garansi-indonesia-1734333828422993723,Rp2498500,Rp2499000,,5.0,40+,duniagadgetku,,2026-10-03 09:36:01.380739
Realme P4 Power,39% REALME P4X ( 4/256GB ) & ( 4/128GB )GARANSI RESMI,https://www.tokopedia.com/gadget-universe-official/promo-realme-p4x-4-256gb-4-128gb-garansi-resmi-1737017586011375383-1737018177243875095,Rp2671000,Rp4399000,,,,gadget-universe-official,,2026-10-03 09:36:01.383243
Realme P4 Power,Realme C85 Pro NFC [8/128 GB] [8/256 GB] Garansi Resmi Indonesia,https://www.tokopedia.com/duniagadgetku/realme-c85-pro-nfc-8-128-gb-8-256-gb-garansi-resmi-indonesia-1733682568373503803-1736139747344942907,Rp3348500,Rp3349000,,5.0,100+,duniagadgetku,,2026-10-03 09:36:01.385701
Realme P4R,39% REALME P4X ( 4/256GB ) & ( 4/128GB )GARANSI RESMI,https://www.tokopedia.com/gadget-universe-official/promo-realme-p4x-4-256gb-4-128gb-garansi-resmi-1737017586011375383-1737018177243809559,Rp2671000,Rp4399000,,,,gadget-universe-official,,2026-10-01 07:08:15.190595
Realme P4s,43% ZTE NUBIA V80 MAX 6GB/128GB & 8GB/128GB GARANSI RESMI - SMARTPHONE Layar Screen,https://www.tokopedia.com/mahkota-accessories/zte-nubia-v80-max-6gb-128gb-8gb-128gb-garansi-resmi-smartphone-1731381430848488652-1737560348272002252,Rp2183000,Rp3800000,,4.8,750+,mahkota-accessories,,2026-10-01 06:50:16.592419
Realme P4s,NUBIA FOCUS 2 5G 8/256 GB GARANSI RESMI NUBIA FOCUS 2 5G RAM UP TO 20 GB,https://www.tokopedia.com/gadget-ind-store-/nubia-focus-2-5g-8-256-gb-garansi-resmi-nubia-focus-2-5g-ram-up-to-20-gb-1732021019236730752,Rp2599000,,,,30+,gadget-ind-store-,,2026-10-01 06:50:16.595396
Realme P4s,12% Realme C100i 4/128GB 4/256GB 6/128GB Garansi Resmi,https://www.tokopedia.com/myfon-teleshop/realme-c71-4-128gb-6-128gb-8-128gb-garansi-resmi-1730572742089868933-1737442685076866693,Rp2470000,Rp2799000,,4.9,750+,myfon-teleshop,,2026-10-01 06:50:16.597839
Realme P4x,39% REALME P4X ( 4/256GB ) & ( 4/128GB )GARANSI RESMI,https://www.tokopedia.com/gadget-universe-official/promo-realme-p4x-4-256gb-4-128gb-garansi-resmi-1737017586011375383-1737018177243875095,Rp2671000,Rp4399000,,,,gadget-universe-official,,2026-10-03 10:17:41.962627
Samsung Galaxy A07,11% Samsung Galaxy A07 LTE 4/64GB,https://www.tokopedia.com/samsung-official-store/samsung-galaxy-a07-lte-4-64gb-1732159674958514157-1736783109666080749,Rp2679700,Rp2999000,,4.9,10rb+,samsung-official-store,,2026-10-03 09:40:08.108171
Samsung Galaxy A07,Samsung Galaxy A07 [4/64 GB] [4/128 GB] [8/256 GB] Garansi Resmi Indonesia,https://www.tokopedia.com/duniagadgetku/samsung-galaxy-a07-4-64-gb-4-128-gb-8-256-gb-garansi-resmi-indonesia-1732313115260913467-1736124203490445115,Rp2068500,Rp2069000,,4.9,3rb+,duniagadgetku,,2026-10-03 09:40:08.114223
Samsung Galaxy A07,11% [ King Kevin ] Samsung Galaxy A07 LTE 4/64GB,https://www.tokopedia.com/samsung-official-store/king-kevin-samsung-galaxy-a07-lte-4-64gb-1734195302377424877-1736783173761075181,Rp2679700,Rp2999000,,4.9,4rb+,samsung-official-store,,2026-10-03 09:40:08.117321
Samsung Galaxy A07,(RESMI) Samsung Galaxy A07  64GB 128GB 4/64GB 4/128GB 6/128GB Black Green Violet Garansi Resmi Indonesia,https://www.tokopedia.com/putra-group/resmi-samsung-galaxy-a06-4-64gb-4-128gb-black-blue-1736798586626933760,Rp2079000,,,4.9,500+,putra-group,,2026-10-03 09:40:08.120253
Samsung Galaxy A07,11% [ Robibois ] Samsung Galaxy A07 LTE 4/64GB,https://www.tokopedia.com/samsung-official-store/afdhal-yusman-samsung-galaxy-a07-lte-4-64gb-1735655320372217837-1736783163913963501,Rp2679700,Rp2999000,,,7,samsung-official-store,,2026-10-03 09:40:08.124253
Samsung Galaxy A07,18% [ Exclusive Baim Wong ] Samsung Galaxy A07 LTE 4/128GB,https://www.tokopedia.com/samsung-official-store/exclusive-baim-wong-samsung-galaxy-a07-lte-4-128gb-1734498932738787309,Rp3268700,Rp3999000,,5.0,500+,samsung-official-store,,2026-10-03 09:40:08.127521
Samsung Galaxy A07,55% [ Baim Wong ] Samsung Galaxy A07 LTE 4/64GB,https://www.tokopedia.com/samsung-official-store/baim-wong-samsung-galaxy-a07-lte-4-64gb-1732271466143647725-1736783216730736621,Rp2679700,Rp5999000,,4.9,3rb+,samsung-official-store,,2026-10-03 09:40:08.130575
Samsung Galaxy A07,11% [ Afdhal Yusman ] Samsung Galaxy A07 LTE 4/64GB,https://www.tokopedia.com/samsung-official-store/afdhal-yusman-samsung-galaxy-a07-lte-4-64gb-1732271334006818797-1736782895983921133,Rp2679700,Rp2999000,,4.9,5rb+,samsung-official-store,,2026-10-03 09:40:08.133591
Samsung Galaxy A07,SAMSUNG Galaxy A07 8Gb 256Gb Garansi Resmi Samsung Indonesia,https://www.tokopedia.com/agresidjaktim/samsung-galaxy-a07-8gb-256gb-garansi-resmi-samsung-indonesia-1732614732922914592,Rp2059000,Rp2069000,,5.0,100+,agresidjaktim,,2026-10-03 09:40:08.136602
Samsung Galaxy A07,"SAMSUNG GALAXY A07 RAM 4/64GB , 4/128GB , 6/128GB & 8/256GB GARANSI RESMI SAMSUNG INDONESIA",https://www.tokopedia.com/spideronlineshop/samsung-galaxy-a07-ram-4-64gb-4-128gb-6-128gb-8-256gb-garansi-resmi-samsung-indonesia-1732340238576878597,Rp2120000,Rp2245000,,4.9,2rb+,spideronlineshop,,2026-10-03 09:40:08.139514
Samsung Galaxy A07s,Galaxy a07s - Smartphone dengan Kamera Ganda dan Desain Elegan untuk Pengguna Aktif,https://www.tokopedia.com/balqis-cell-44/galaxy-a07s-smartphone-dengan-kamera-ganda-dan-desain-elegan-untuk-pengguna-aktif-1733615812973724903,Rp975000,Rp1000000,,,,balqis-cell-44,,2026-10-01 06:55:05.928908
Samsung Galaxy A07s,65% SAMSUNG GALAXY A17 5G | GALAXY A17 | A 07 | 8GB 256GB / 8GB 128GB,https://www.tokopedia.com/alienwareofficial/zyrex-ultra-intel-n100-8gb-128-256gb-w11-14-0fhd-blit-metal-2y-blk-1734867869455582483,Rp2089690,Rp5999000,,4.9,1rb+,alienwareofficial,,2026-10-01 06:55:05.932323
Samsung Galaxy A07s,SAMSUNG Galaxy A07 8Gb 256Gb Garansi Resmi Samsung Indonesia,https://www.tokopedia.com/agresidjaktim/samsung-galaxy-a07-8gb-256gb-garansi-resmi-samsung-indonesia-1732614732922914592,Rp2069000,,,5.0,100+,agresidjaktim,,2026-10-01 06:55:05.934767
Samsung Galaxy A07s,11% Samsung Galaxy A07 LTE 4/64GB,https://www.tokopedia.com/samsung-official-store/samsung-galaxy-a07-lte-4-64gb-1732159674958514157-1736783109666080749,Rp2679700,Rp2999000,,4.9,10rb+,samsung-official-store,,2026-10-01 06:55:05.937007
Samsung Galaxy A07s,"SAMSUNG GALAXY A07 RAM 4/64GB , 4/128GB , 6/128GB & 8/256GB GARANSI RESMI SAMSUNG INDONESIA",https://www.tokopedia.com/spideronlineshop/samsung-galaxy-a07-ram-4-64gb-4-128gb-6-128gb-8-256gb-garansi-resmi-samsung-indonesia-1732340238576878597,Rp2115000,Rp2245000,,4.9,2rb+,spideronlineshop,,2026-10-01 06:55:05.939292
Samsung Galaxy A07s,11% [ King Kevin ] Samsung Galaxy A07 LTE 4/64GB,https://www.tokopedia.com/samsung-official-store/king-kevin-samsung-galaxy-a07-lte-4-64gb-1734195302377424877-1736783173761075181,Rp2679700,Rp2999000,,4.9,4rb+,samsung-official-store,,2026-10-01 06:55:05.941488
Samsung Galaxy A07s,"Samsung A07 8/256GB, 6/128GB, 4/128GB & 4/64GB Garansi Resmi",https://www.tokopedia.com/ajn-ponsel-store/samsung-a07-8-256gb-6-128gb-4-128gb-4-64gb-garansi-resmi-1733208976177792736,Rp2275000,Rp2300000,,,4,ajn-ponsel-store,,2026-10-01 06:55:05.943844
Samsung Galaxy A07s,21% SAMSUNG GALAXY A07 [64GB | 128GB] GARANSI RESMI,https://www.tokopedia.com/agresplus/samsung-galaxy-a-07-64gb-128gb-garansi-resmi-black-4gb-64gb-1736203237122147723-1736203354864780683,Rp2044000,Rp2599000,,5.0,1rb+,agresplus,,2026-10-01 06:55:05.946229
Samsung Galaxy A07s,Samsung Galaxy A17 4/128 GB | Smartphone AI | Android | 5000 mAh,https://www.tokopedia.com/samsung-official-store/samsung-galaxy-a17-4-128-gb-smartphone-ai-android-5000-mah-1736014497300514797-1736984950562654189,Rp4051600,Rp4099000,,4.9,500+,samsung-official-store,,2026-10-01 06:55:05.948246
Samsung Galaxy A17,25% Samsung Galaxy A17 [8/256GB] - | Smartphone AI | Android | 5000 mAh,https://www.tokopedia.com/samsung-authorized-store/samsung-galaxy-a17-8-256gb-smartphone-ai-android-5000-mah-1737313715562055460-1737313717783529252,Rp4499000,Rp5999000,,5.0,25,samsung-authorized-store,,2026-10-03 10:18:14.319880
Samsung Galaxy A17,( Special Creator ) Samsung Galaxy A17 5G/4G 4/128Gb 8/128Gb 8/256Gb Garansi Resmi,https://www.tokopedia.com/ini-toko-budi-shop/special-creator-samsung-galaxy-a16-5g-8-256gb-garansi-resmi-sein-1730331799066346983-1737644758276867559,Rp3324000,Rp3325000,,5.0,100+,ini-toko-budi-shop,,2026-10-03 10:18:14.326621
Samsung Galaxy A17,Samsung Galaxy A16 4G | Samsung Galaxy A17 4G  [8/128 GB] [8/256 GB] Garansi Resmi,https://www.tokopedia.com/duniagadgetku/samsung-galaxy-a16-4g-samsung-galaxy-a17-4g-8-128-gb-8-256-gb-garansi-resmi-1731128511176279867-1736361709404391227,Rp4328500,Rp4329000,,5.0,2rb+,duniagadgetku,,2026-10-03 10:18:14.329688
Samsung Galaxy A17,[ Wenny Wijaya ] Samsung Galaxy A17 [8/128GB] - | Smartphone AI | Android | 5000 mAh,https://www.tokopedia.com/samsung-official-store/wenny-wijaya-samsung-galaxy-a17-8-128gb-smartphone-ai-android-5000-mah-1736235534828144621-1736985205198522349,Rp5030200,Rp5099000,,5.0,40+,samsung-official-store,,2026-10-03 10:18:14.332337
Samsung Galaxy A17,[ AndriYadiShow ] Samsung Galaxy A17 [8/128GB] - | Smartphone AI | Android | 5000 mAh,https://www.tokopedia.com/samsung-official-store/andriyadishow-samsung-galaxy-a17-8-128gb-smartphone-ai-android-5000-mah-1733090927012251629-1736985451625875437,Rp5030200,Rp5099000,,5.0,40+,samsung-official-store,,2026-10-03 10:18:14.335705
Samsung Galaxy A17,[ GadgetGadoGado ] Samsung Galaxy A17 [8/128GB] - | Smartphone AI | Android | 5000 mAh,https://www.tokopedia.com/samsung-official-store/gadgetgadogado-samsung-galaxy-a17-8-128gb-smartphone-ai-android-5000-mah-1735694059255072749-1736985356738267117,Rp5030200,Rp5099000,,5.0,18,samsung-official-store,,2026-10-03 10:18:14.338331
Samsung Galaxy A17,[ Afdhal Yusman ] Samsung Galaxy A17 [8/128GB] - | Smartphone AI | Android | 5000 mAh,https://www.tokopedia.com/samsung-official-store/afdhal-yusman-samsung-galaxy-a17-8-128gb-smartphone-ai-android-5000-mah-1732806047590680557-1736985007119370221,Rp5030200,Rp5099000,,5.0,100+,samsung-official-store,,2026-10-03 10:18:14.340816
Samsung Galaxy A17,Samsung Galaxy A17 5G 8/256GB,https://www.tokopedia.com/samsung-official-store/samsung-galaxy-a17-5g-8-256gb-1732293572976871405-1737314880138872813,Rp5272400,Rp5399000,,4.9,2rb+,samsung-official-store,,2026-10-03 10:18:14.343452
Samsung Galaxy A17,Samsung Galaxy A17 4/128 GB | Smartphone AI | Android | 5000 mAh,https://www.tokopedia.com/samsung-official-store/samsung-galaxy-a17-4-128-gb-smartphone-ai-android-5000-mah-1736014497300514797-1736984950562654189,Rp4051600,Rp4099000,,4.9,500+,samsung-official-store,,2026-10-03 10:18:14.346158
Samsung Galaxy A17 4G,( Special Creator ) Samsung Galaxy A17 5G/4G 4/128Gb 8/128Gb 8/256Gb Garansi Resmi,https://www.tokopedia.com/ini-toko-budi-shop/special-creator-samsung-galaxy-a16-5g-8-256gb-garansi-resmi-sein-1730331799066346983-1737644758276867559,Rp3324000,Rp3325000,,5.0,100+,ini-toko-budi-shop,,2026-10-03 10:01:12.025656
Samsung Galaxy A17 4G,25% Samsung Galaxy A17 [8/256GB] - | Smartphone AI | Android | 5000 mAh,https://www.tokopedia.com/samsung-authorized-store/samsung-galaxy-a17-8-256gb-smartphone-ai-android-5000-mah-1737313715562055460-1737313717783529252,Rp4499000,Rp5999000,,5.0,25,samsung-authorized-store,,2026-10-03 10:01:12.031574
Samsung Galaxy A17 4G,Samsung Galaxy A16 4G | Samsung Galaxy A17 4G  [8/128 GB] [8/256 GB] Garansi Resmi,https://www.tokopedia.com/duniagadgetku/samsung-galaxy-a16-4g-samsung-galaxy-a17-4g-8-128-gb-8-256-gb-garansi-resmi-1731128511176279867-1736361709404391227,Rp4328500,Rp4329000,,5.0,2rb+,duniagadgetku,,2026-10-03 10:01:12.034123
Samsung Galaxy A17 4G,[Baim Wong] Samsung Galaxy A17 [8/128GB] - | Smartphone AI | Android | 5000 mAh,https://www.tokopedia.com/samsung-official-store/baim-wong-samsung-galaxy-a17-8-128gb-smartphone-ai-android-5000-mah-1732742194748622829-1736984978591221741,Rp5030200,Rp5099000,,4.6,50+,samsung-official-store,,2026-10-03 10:01:12.036821
Samsung Galaxy A17 4G,[ Exclusive Irvan Galih x Thiafitrii ] Samsung Galaxy A17 [8/128GB] - | Smartphone AI | Android | 5000 mAh,https://www.tokopedia.com/samsung-official-store/exclusive-irvan-galih-x-thiafitrii-samsung-galaxy-a17-8-128gb-smartphone-ai-android-5000-mah-1732805208315234285-1736985417883551725,Rp5030200,Rp5099000,,4.9,80+,samsung-official-store,,2026-10-03 10:01:12.039426
Samsung Galaxy A17 4G,[ Afdhal Yusman ] Samsung Galaxy A17 [8/128GB] - | Smartphone AI | Android | 5000 mAh,https://www.tokopedia.com/samsung-official-store/afdhal-yusman-samsung-galaxy-a17-8-128gb-smartphone-ai-android-5000-mah-1732806047590680557-1736985007119370221,Rp5030200,Rp5099000,,5.0,100+,samsung-official-store,,2026-10-03 10:01:12.042089
Samsung Galaxy A17 4G,[ AndriYadiShow ] Samsung Galaxy A17 [8/128GB] - | Smartphone AI | Android | 5000 mAh,https://www.tokopedia.com/samsung-official-store/andriyadishow-samsung-galaxy-a17-8-128gb-smartphone-ai-android-5000-mah-1733090927012251629-1736985451625875437,Rp5030200,Rp5099000,,5.0,40+,samsung-official-store,,2026-10-03 10:01:12.044723
Samsung Galaxy A17 4G,Samsung Galaxy A17 4/128 GB | Smartphone AI | Android | 5000 mAh,https://www.tokopedia.com/samsung-official-store/samsung-galaxy-a17-4-128-gb-smartphone-ai-android-5000-mah-1736014497300514797-1736984950562654189,Rp4051600,Rp4099000,,4.9,500+,samsung-official-store,,2026-10-03 10:01:12.047202
Samsung Galaxy A17 4G,Samsung Galaxy A17 4G 8/128GB - Grs Resmi Sein,https://www.tokopedia.com/pluto-olhp/samsung-galaxy-a17-4g-8-128gb-grs-resmi-sein-1732580620471338704-1737687123632817872,Rp3594000,,,4.8,17,pluto-olhp,,2026-10-03 10:01:12.049675
Samsung Galaxy A18 4G,65% SAMSUNG GALAXY A17 5G | GALAXY A17 | A 07 | 8GB 256GB / 8GB 128GB,https://www.tokopedia.com/alienwareofficial/zyrex-ultra-intel-n100-8gb-128-256gb-w11-14-0fhd-blit-metal-2y-blk-1734867869455582483,Rp2089690,Rp5999000,,4.9,1rb+,alienwareofficial,,2026-10-01 06:46:15.686125
Samsung Galaxy A18 4G,11% [ King Kevin ] Samsung Galaxy A07 LTE 4/64GB,https://www.tokopedia.com/samsung-official-store/king-kevin-samsung-galaxy-a07-lte-4-64gb-1734195302377424877-1736783173761075181,Rp2679700,Rp2999000,,4.9,4rb+,samsung-official-store,,2026-10-01 06:46:15.688831
Samsung Galaxy A18 4G,SAMSUNG Galaxy A07 8Gb 256Gb Garansi Resmi Samsung Indonesia,https://www.tokopedia.com/agresidjaktim/samsung-galaxy-a07-8gb-256gb-garansi-resmi-samsung-indonesia-1732614732922914592,Rp2069000,,,5.0,100+,agresidjaktim,,2026-10-01 06:46:15.691398
Samsung Galaxy A18 4G,43% ZTE NUBIA V80 MAX 6GB/128GB & 8GB/128GB GARANSI RESMI - SMARTPHONE Layar Screen,https://www.tokopedia.com/mahkota-accessories/zte-nubia-v80-max-6gb-128gb-8gb-128gb-garansi-resmi-smartphone-1731381430848488652-1737560348272002252,Rp2183000,Rp3800000,,4.8,750+,mahkota-accessories,,2026-10-01 06:46:15.694364
Samsung Galaxy A18 4G,"SAMSUNG GALAXY A07 RAM 4/64GB , 4/128GB , 6/128GB & 8/256GB GARANSI RESMI SAMSUNG INDONESIA",https://www.tokopedia.com/spideronlineshop/samsung-galaxy-a07-ram-4-64gb-4-128gb-6-128gb-8-256gb-garansi-resmi-samsung-indonesia-1732340238576878597,Rp2115000,Rp2245000,,4.9,2rb+,spideronlineshop,,2026-10-01 06:46:15.696545
Samsung Galaxy A18 4G,52% [ NEW LAUNCH ] Strawberry ST100 | HP Jadul 4G pertama di indonesia | TIKTOK | Youtube | Dual SIM | 2500mAh | Type-C | Garansi 12 Bulan,https://www.tokopedia.com/strawberry-id-store/exstrawberry-st100-hp-jadul-4g-pertama-di-indonesia-tiktok-youtube-dual-sim-2500mah-type-c-garansi-12-bulan-1737462401295418780-1737462373873321372,Rp479900,Rp999999,,4.9,30+,strawberry-id-store,,2026-10-01 06:46:15.698520
Samsung Galaxy A18 4G,Samsung Galaxy A17 4/128 GB | Smartphone AI | Android | 5000 mAh,https://www.tokopedia.com/samsung-official-store/samsung-galaxy-a17-4-128-gb-smartphone-ai-android-5000-mah-1736014497300514797-1736984950562654189,Rp4051600,Rp4099000,,4.9,500+,samsung-official-store,,2026-10-01 06:46:15.700570
Samsung Galaxy A18 4G,11% Samsung Galaxy A07 LTE 4/64GB,https://www.tokopedia.com/samsung-official-store/samsung-galaxy-a07-lte-4-64gb-1732159674958514157-1736783109666080749,Rp2679700,Rp2999000,,4.9,10rb+,samsung-official-store,,2026-10-01 06:46:15.702620
Samsung Galaxy A27,51% Digitalisme x Promo Samsung Galaxy A27 5G 8/256GB Garansi Resmi Indonesia Original,https://www.tokopedia.com/digitalisme/digitalisme-x-promo-samsung-galaxy-a26-5g-8-256-gb-garansi-resmi-8-256-gb-black-pink-1732501846342337745-1737528125568943313,Rp5377000,Rp10999000,,5.0,28,digitalisme,,2026-10-03 09:04:21.686902
Samsung Galaxy A27,Samsung Galaxy A27 5G 8/256GB 6/128GB 50MP Main Camera Snapdragon 6 Gen 3 5000mAh with Awesome Intelligence Garansi Resmi,https://www.tokopedia.com/doran-gadget-official/samsung-galaxy-a26-5g-8-256gb-50mp-main-camera-exynos-1380-with-awesome-intelligence-garansi-resmi-1731113469107668560-1736755506527700959,Rp5599000,,,5.0,26,doran-gadget-official,,2026-10-03 09:04:21.690818
Samsung Galaxy A27,Samsung Galaxy A27 5G 8/256GB | Hp AI | IP64 | 5000 mAh,https://www.tokopedia.com/samsung-official-store/samsung-galaxy-a27-5g-8-256gb-hp-ai-ip64-5000-mah-1736524402918590445-1736524644280731629,Rp6919600,Rp6999000,,5.0,100+,samsung-official-store,,2026-10-03 09:04:21.694041
Samsung Galaxy A27,(RESMI) Samsung A27 5G A 27 6/128GB 8/256GB Hitam Biru Pink Garansi Resmi Indonesia 1 Tahun,https://www.tokopedia.com/putra-group/resmi-samsung-galaxy-a26-5g-8-256gb-black-pink-1730198184987755520-1737568880520168448,Rp5499000,,,5.0,250+,putra-group,,2026-10-03 09:04:21.697429
Samsung Galaxy A27,[ Afdhal Yusman ] Samsung Galaxy A27 5G 8/256GB | Hp AI | IP64 | 5000 mAh,https://www.tokopedia.com/samsung-official-store/afdhal-yusman-samsung-galaxy-a27-5g-8-256gb-hp-ai-ip64-5000-mah-1736585341466085357-1736584813693798381,Rp6919600,Rp6999000,,5.0,2,samsung-official-store,,2026-10-03 09:04:21.700437
Samsung Galaxy A27,[ Exclusive Irvan Galih x Thiafitrii ] Samsung Galaxy A27 5G 8/256GB | Hp AI | IP64 | 5000 mAh,https://www.tokopedia.com/samsung-official-store/exclusive-irvan-galih-x-thiafitrii-samsung-galaxy-a27-5g-8-256gb-hp-ai-ip64-5000-mah-1736670359774988269-1736670195416467437,Rp6919600,Rp6999000,,,1,samsung-official-store,,2026-10-03 09:04:21.705809
Samsung Galaxy A27,[ Sefrico ] Samsung Galaxy A27 5G 8/256GB | Hp AI | IP64 | 5000 mAh,https://www.tokopedia.com/samsung-official-store/k-exclusive-samsung-galaxy-a27-5g-8-256gb-hp-ai-ip64-5000-mah-1736670309110876141-1736670198456748013,Rp6919600,Rp6999000,,,3,samsung-official-store,,2026-10-03 09:04:21.709186
Samsung Galaxy A27,Samsung A27 5G 6/128 & 8/256 | 5.000 mAh | Snapdragon 6 Gen 3 | Super AMOLED | Garansi Resmi SEIN 1 Tahun,https://www.tokopedia.com/evogad/samsung-a27-5g-6-128-8-256-5-000-mah-snapdragon-6-gen-3-super-amoled-garansi-resmi-sein-1-tahun-1736620461283182584-1736620640415418360,Rp6074000,Rp6299000,,,1,evogad,,2026-10-03 09:04:21.712444
Samsung Galaxy A27,SAMSUNG GALAXY A27 5G ~ GARANSI RESMI SAMSUNG,https://www.tokopedia.com/yogi-smartphone/samsung-galaxy-a27-5g-garansi-resmi-samsung-1736576536360683394-1736576252944811906,Rp6320000,,,,3,yogi-smartphone,,2026-10-03 09:04:21.714977
Samsung Galaxy A27,42% Samsung A27 5G 8/256GB Garansi Resmi SEIN,https://www.tokopedia.com/digitechmall/ramadhan-deals-samsung-a26-5g-8-256gb-garansi-resmi-digitech-mallxcreator-1734411668892124787-1736584474544866931,Rp4639176,Rp7999000,,5.0,250+,digitechmall,,2026-10-03 09:04:21.717461
Samsung Galaxy A37,Samsung Galaxy A37 5G 8/128GB 8/256GB Garansi Resmi,https://www.tokopedia.com/myfon-teleshop/samsung-galaxy-a37-5g-8-256gb-garansi-resmi-1734938832330458757-1736330002802509445,Rp6355000,Rp6999000,,5.0,100+,myfon-teleshop,,2026-10-03 09:13:34.698609
Samsung Galaxy A37,11% Samsung Galaxy A37 5G 8/128GB - Awesome Charcoal | Hp AI | IP68 | 5000 mAh,https://www.tokopedia.com/samsung-official-store/samsung-galaxy-a37-5g-8-128gb-awesome-charcoal-hp-ai-ip68-5000-mah-1734914510973667309-1734914919779829741,Rp6295900,Rp7099000,,5.0,30+,samsung-official-store,,2026-10-03 09:13:34.702327
Samsung Galaxy A37,"Samsung Galaxy A37 5G 8/256GB - Awesome Charcoal | Hp AI | IP68 | 5000 mAh Garansi Resmi - Awesome Charcoal, 8/128 GB",https://www.tokopedia.com/berkah-phonecell/samsung-galaxy-a37-5g-8-256gb-awesome-charcoal-hp-ai-ip68-5000-mah-garansi-resmi-awesome-charcoal-8-128-gb-1737360614480447201-1737360663083321057,Rp5099000,,,,,berkah-phonecell,,2026-10-03 09:13:34.705537
Samsung Galaxy A37,21% [ FS ] Samsung Galaxy A37 5G 8/256GB 8/256GB NFC Garansi Resmi,https://www.tokopedia.com/digitechmall/fs-samsung-galaxy-a37-5g-8-256gb-8-256gb-nfc-garansi-resmi-1736751140839261811-1736751171422750323,Rp6337000,Rp7999000,,5.0,23,digitechmall,,2026-10-03 09:13:34.708671
Samsung Galaxy A37,SAMSUNG GALAXY A37 5G [8GB 256GB] |  [8GB 128GB] | GARANSI RESMI,https://www.tokopedia.com/golaptopjakarta/samsung-galaxy-a37-5g-8gb-256gb-garansi-resmi-1734966330870105114-1734966528197297178,Rp6549000,,,,4,golaptopjakarta,,2026-10-03 09:13:34.711767
Samsung Galaxy A37,"Samsung Galaxy A37 5G [8/128GB] [8/256GB] - IP68, Super AMOLED, 5000mAh | GARANSI RESMI SAMSUNG SEIN",https://www.tokopedia.com/grandstorecell/hydrogell-screen-protector-crystal-clear-a37-5g-8-128gb-garansi-resmi-1735183961299387847-1735207711823857095,Rp5797000,Rp5799000,,5.0,60+,grandstorecell,,2026-10-03 09:13:34.714468
Samsung Galaxy A37,(RESMI) Samsung A37 5G 8/128GB 8/256GB Charcoal Greygreen White Lavender Garansi Resmi Samsung 1 Tahun,https://www.tokopedia.com/putra-group/resmi-samsung-galaxy-a34-8-128gb-8-256gb-5g-silver-graphite-1737093070875624448,Rp5999000,,,4.9,500+,putra-group,,2026-10-03 09:13:34.717394
Samsung Galaxy A37,12% [ TikTok 2 ] Samsung Galaxy A37 5G 8GB 128GB / 8GB 256GB Garansi Resmi Indonesia | Samsung A37 5G Original,https://www.tokopedia.com/digitalisme/tokopedia-samsung-galaxy-a37-5g-8gb-128gb-8gb-256gb-garansi-resmi-indonesia-samsung-a37-5g-original-1737635074739963089-1737635062492923089,Rp7421040,Rp8435000,,,,digitalisme,,2026-10-03 09:13:34.720848
Samsung Galaxy A37,Handphone SAMSUNG GALAXY A37 5G 8GB 128GB GARANSI RESMI INDONESIA,https://www.tokopedia.com/agres-id-bintaro/handphone-samsung-galaxy-a37-5g-8gb-128gb-garansi-resmi-indonesia-1735328960360515431-1735329131851056999,Rp5769000,Rp5779000,,5.0,14,agres-id-bintaro,,2026-10-03 09:13:34.723758
Samsung Galaxy A37,[FLASH SALE] SAMSUNG GALAXY A37 5G 8GB 128GB | 256GB GARANSI RESMI SAMSUNG INDONESIA,https://www.tokopedia.com/kingcomp/flash-sale-samsung-galaxy-a37-5g-8gb-128gb-256gb-garansi-resmi-samsung-indonesia-1737394906783057918-1737394914310785022,Rp6264286,,,,,kingcomp,,2026-10-03 09:13:34.727483
Samsung Galaxy A57,12% SAMSUNG Galaxy A57 5G | [8GB/128GB] [8GB/256GB] [12GB/256GB] | Exynos 1680 | Super AMOLED 120Hz | 50MP Kamera | NFC | 5000mAh 45W Fast Charging - Murah Dan Terpecaya,https://www.tokopedia.com/eternal-komputerid/realme-note-60-4gb-64gb-realme-note-60-6gb-128gb-realme-note-60-8gb-256gb-garansi-resmi-realme-1735094744712120038,Rp6392258,Rp7274930,,5.0,100+,eternal-komputerid,,2026-10-03 09:08:45.038043
Samsung Galaxy A57,31% [COLLINS] SAMSUNG GALAXY A57 5G 8GB 12GB / 128GB 256GB GARANSI RESMI SAMSUNG INDONESIA,https://www.tokopedia.com/collinsofficial/samsung-galaxy-a56-5g-12-256gb-8-256gb-garansi-resmi-samsung-indonesia-1733082017023362247,Rp6917490,Rp9999000,,5.0,2rb+,collinsofficial,,2026-10-03 09:08:45.240394
Samsung Galaxy A57,SAMSUNG GALAXY A57 5G 8/12GB 128/256GB GARANSI RESMI INDONESIA,https://www.tokopedia.com/mega-mendung-laptop/samsung-galaxy-a57-5g-8gb-128-256gb-garansi-resmi-1735183545440175983-1735183616129075055,Rp6849000,,,4.9,100+,mega-mendung-laptop,,2026-10-03 09:08:45.440392
Samsung Galaxy A57,(RESMI) Samsung A57 5G 8/128GB 8/256 12/256GB Lilac Navy Iceblue Grey Garansi Resmi Samsung 1 Tahun,https://www.tokopedia.com/putra-group/resmi-samsung-galaxy-a56-8-256gb-12-256gb-5g-pink-gray-olive-graphite-1731044516918887424-1736914579567772672,Rp6999000,,,5.0,1rb+,putra-group,,2026-10-03 09:08:45.737708
Samsung Galaxy A57,13% Promo Sale Samsung Galaxy A57 5G 8/128GB 8/256GB 12/256GB A 57 Garansi Resmi Not A56 A 56 A55,https://www.tokopedia.com/indotechstore/promo-sale-samsung-a57-5g-8-128gb-8-256gb-12-256gb-a-57-garansi-resmi-not-a56-a-56-a55-1735433277169436641-1735433276733032417,Rp7727000,Rp8886500,,5.0,7,indotechstore,,2026-10-03 09:08:45.938530
Samsung Galaxy A57,24% Samsung Galaxy A57 5G 12/256GB | Hp AI | IP68 | 5000 mAh,https://www.tokopedia.com/samsung-authorized-store/samsung-galaxy-a57-5g-8-256gb-hp-ai-ip68-5000-mah-1737305476432889636-1737305480354826020,Rp7999000,Rp10499000,,,2,samsung-authorized-store,,2026-10-03 09:08:46.040963
Samsung Galaxy A57,Samsung Galaxy A57 5G 8/128GB - 8/256GB - 12/256GB | Exynos 1680 | IP68 | Awesome Intelligence | Garansi Resmi,https://www.tokopedia.com/shopyzid/samsung-galaxy-a57-5g-8-128gb-8-256gb-12-256gb-exynos-1680-ip68-awesome-intelligence-garansi-resmi-1735007904132531503-1735007944048477487,Rp6899000,,,5.0,6,shopyzid,,2026-10-03 09:08:46.144615
Samsung Galaxy A57,SAMSUNG GALAXY A57 5G 12GB 256GB | 8GB 128GB Garansi Resmi,https://www.tokopedia.com/agresid/apple-iphone-14-128gb-256gb-512gb-garansi-resmi-1735278187077862467,Rp15274000,Rp15299000,,5.0,750+,agresid,,2026-10-03 09:08:46.148080
Samsung Galaxy A57,[HANDPHONE] SAMSUNG GALAXY A57 5G [128GB | 256GB] GARANSI RESMI,https://www.tokopedia.com/agresidjakut/handphone-samsung-galaxy-a57-5g-128gb-256gb-garansi-resmi-1734966626929968722-1734967059322078802,Rp6839000,Rp6849000,,4.9,100+,agresidjakut,,2026-10-03 09:08:46.150754
Samsung Galaxy A57,25% [ SPECIAL DEALS ] Samsung Galaxy A57 5G 8/128GB | 8/256GB  |  12/256GB Garansi Resmi SEIN,https://www.tokopedia.com/studioponsel/special-deals-samsung-galaxy-a57-5g-8-128gb-8-256gb-12-256gb-garansi-resmi-sein-1736107445824489266-1736107446717417266,Rp6780400,Rp8999000,,5.0,250+,studioponsel,,2026-10-03 09:08:46.153706
Samsung Galaxy F07,NEW SAMSUNG GALAXY A07 GARANSI RESMI,https://www.tokopedia.com/athens-cell/new-samsung-galaxy-a07-garansi-resmi-1732292879359837203,Rp2199000,,,4.6,23,athens-cell,,2026-10-03 09:52:23.948126
Samsung Galaxy F07,11% [ King Kevin ] Samsung Galaxy A07 LTE 4/64GB,https://www.tokopedia.com/samsung-official-store/king-kevin-samsung-galaxy-a07-lte-4-64gb-1734195302377424877-1736783173761075181,Rp2679700,Rp2999000,,4.9,4rb+,samsung-official-store,,2026-10-03 09:52:23.951169
Samsung Galaxy F07,( Special Creator ) Samsung Galaxy A08 4G 4/64Gb 4/128Gb Garansi Resmi Sein,https://www.tokopedia.com/ini-toko-budi-shop/special-creator-samsung-galaxy-a07-5g-6-128gb-garansi-resmi-sein-1730815310582089191-1737771889523721703,Rp3009000,Rp3010000,,5.0,1rb+,ini-toko-budi-shop,,2026-10-03 09:52:23.954169
Samsung Galaxy F07,65% SAMSUNG GALAXY A17 5G | GALAXY A17 | A 07 | 8GB 256GB / 8GB 128GB,https://www.tokopedia.com/alienwareofficial/zyrex-ultra-intel-n100-8gb-128-256gb-w11-14-0fhd-blit-metal-2y-blk-1734867869455582483,Rp2089690,Rp5999000,,4.9,1rb+,alienwareofficial,,2026-10-03 09:52:23.957240
Samsung Galaxy F07,SAMSUNG Galaxy A07 8Gb 256Gb Garansi Resmi Samsung Indonesia,https://www.tokopedia.com/agresidjaktim/samsung-galaxy-a07-8gb-256gb-garansi-resmi-samsung-indonesia-1732614732922914592,Rp2059000,Rp2069000,,5.0,100+,agresidjaktim,,2026-10-03 09:52:23.959659
Samsung Galaxy F07,[ MBA x Samsung ] Samsung Galaxy A17 5G 8/256GB,https://www.tokopedia.com/samsung-official-store/mba-x-samsung-samsung-galaxy-a17-5g-8-256gb-1737501449805793261-1737501463848257517,Rp5272400,Rp5399000,,5.0,40+,samsung-official-store,,2026-10-03 09:52:23.962195
Samsung Galaxy F07,11% Samsung Galaxy A07 LTE 4/64GB,https://www.tokopedia.com/samsung-official-store/samsung-galaxy-a07-lte-4-64gb-1732159674958514157-1736783109666080749,Rp2679700,Rp2999000,,4.9,10rb+,samsung-official-store,,2026-10-03 09:52:23.964684
Samsung Galaxy F07,[CREATOR] Samsung Galaxy A07 4GB 128GB - Smartphone dengan Helio G99,https://www.tokopedia.com/agres-id-bintaro/special-creator-samsung-galaxy-a07-4gb-128gb-smartphone-dengan-helio-g99-1736968896466421607-1736968604429485927,Rp2088690,Rp2089690,,,,agres-id-bintaro,,2026-10-03 09:52:23.967175
Samsung Galaxy F07,21% Samsung Galaxy A07 LTE 4/128GB,https://www.tokopedia.com/samsung-official-store/samsung-galaxy-a07-lte-4-128gb-1732159779294971885-1736782888056686573,Rp3168700,Rp3999000,,4.9,10rb+,samsung-official-store,,2026-10-03 09:52:23.969718
Samsung Galaxy F07,Samsung Galaxy A17 4/128 GB | Smartphone AI | Android | 5000 mAh,https://www.tokopedia.com/samsung-official-store/samsung-galaxy-a17-4-128-gb-smartphone-ai-android-5000-mah-1736014497300514797-1736984950562654189,Rp4051600,Rp4099000,,4.9,500+,samsung-official-store,,2026-10-03 09:52:23.972677
Samsung Galaxy F17,25% Samsung Galaxy A17 [8/256GB] - | Smartphone AI | Android | 5000 mAh,https://www.tokopedia.com/samsung-authorized-store/samsung-galaxy-a17-8-256gb-smartphone-ai-android-5000-mah-1737313715562055460-1737313717783529252,Rp4499000,Rp5999000,,5.0,25,samsung-authorized-store,,2026-10-03 10:05:59.941285
Samsung Galaxy F17,Samsung Galaxy A17 4/128 GB | Smartphone AI | Android | 5000 mAh,https://www.tokopedia.com/samsung-official-store/samsung-galaxy-a17-4-128-gb-smartphone-ai-android-5000-mah-1736014497300514797-1736984950562654189,Rp4051600,Rp4099000,,4.9,500+,samsung-official-store,,2026-10-03 10:05:59.944992
Samsung Galaxy F17,( Special Creator ) Samsung Galaxy A17 5G/4G 4/128Gb 8/128Gb 8/256Gb Garansi Resmi,https://www.tokopedia.com/ini-toko-budi-shop/special-creator-samsung-galaxy-a16-5g-8-256gb-garansi-resmi-sein-1730331799066346983-1737644758276867559,Rp3324000,Rp3325000,,5.0,100+,ini-toko-budi-shop,,2026-10-03 10:05:59.948332
Samsung Galaxy F17,( Special Creator ) Samsung Galaxy A08 4G 4/64Gb 4/128Gb Garansi Resmi Sein,https://www.tokopedia.com/ini-toko-budi-shop/special-creator-samsung-galaxy-a07-5g-6-128gb-garansi-resmi-sein-1730815310582089191-1737771889523721703,Rp3009000,Rp3010000,,5.0,1rb+,ini-toko-budi-shop,,2026-10-03 10:05:59.951971
Samsung Galaxy F17,[ MBA x Samsung ] Samsung Galaxy A17 5G 8/256GB,https://www.tokopedia.com/samsung-official-store/mba-x-samsung-samsung-galaxy-a17-5g-8-256gb-1737501449805793261-1737501463848257517,Rp5272400,Rp5399000,,5.0,40+,samsung-official-store,,2026-10-03 10:05:59.955026
Samsung Galaxy F17,65% SAMSUNG GALAXY A17 5G | GALAXY A17 | A 07 | 8GB 256GB / 8GB 128GB,https://www.tokopedia.com/alienwareofficial/zyrex-ultra-intel-n100-8gb-128-256gb-w11-14-0fhd-blit-metal-2y-blk-1734867869455582483,Rp2089690,Rp5999000,,4.9,1rb+,alienwareofficial,,2026-10-03 10:05:59.958176
Samsung Galaxy F17,Samsung A17 5G 8/256 garansi resmi,https://www.tokopedia.com/uwinfly-dunia-niaga-jaya/samsung-a17-5g-8-256-garansi-resmi-1733458731840931793,Rp4999000,,,,2,uwinfly-dunia-niaga-jaya,,2026-10-03 10:05:59.961047
Samsung Galaxy F17,Samsung Galaxy A17 5G 8/256GB,https://www.tokopedia.com/samsung-official-store/samsung-galaxy-a17-5g-8-256gb-1732293572976871405-1737314880138872813,Rp5272400,Rp5399000,,4.9,2rb+,samsung-official-store,,2026-10-03 10:05:59.964158
Samsung Galaxy F17,Samsung Galaxy A17 [8/128GB] - | Smartphone AI | Android | 5000 mAh,https://www.tokopedia.com/samsung-official-store/samsung-galaxy-a17-8-128gb-smartphone-ai-android-5000-mah-1732567661042829293-1736985107430803437,Rp5030200,Rp5099000,,4.9,4rb+,samsung-official-store,,2026-10-03 10:05:59.967158
Samsung Galaxy F36,( Special Creator ) Samsung Galaxy A08 4G 4/64Gb 4/128Gb Garansi Resmi Sein,https://www.tokopedia.com/ini-toko-budi-shop/special-creator-samsung-galaxy-a07-5g-6-128gb-garansi-resmi-sein-1730815310582089191-1737771889523721703,Rp3009000,Rp3010000,,5.0,1rb+,ini-toko-budi-shop,,2026-10-03 10:21:56.071241
Samsung Galaxy F36,11% [ King Kevin ] Samsung Galaxy A07 LTE 4/64GB,https://www.tokopedia.com/samsung-official-store/king-kevin-samsung-galaxy-a07-lte-4-64gb-1734195302377424877-1736783173761075181,Rp2679700,Rp2999000,,4.9,4rb+,samsung-official-store,,2026-10-03 10:21:56.077784
Samsung Galaxy F36,( Special Creator ) Samsung Galaxy A17 5G/4G 4/128Gb 8/128Gb 8/256Gb Garansi Resmi,https://www.tokopedia.com/ini-toko-budi-shop/special-creator-samsung-galaxy-a16-5g-8-256gb-garansi-resmi-sein-1730331799066346983-1737644758276867559,Rp3324000,Rp3325000,,5.0,100+,ini-toko-budi-shop,,2026-10-03 10:21:56.081255
Samsung Galaxy F36,65% SAMSUNG GALAXY A17 5G | GALAXY A17 | A 07 | 8GB 256GB / 8GB 128GB,https://www.tokopedia.com/alienwareofficial/zyrex-ultra-intel-n100-8gb-128-256gb-w11-14-0fhd-blit-metal-2y-blk-1734867869455582483,Rp2089690,Rp5999000,,4.9,1rb+,alienwareofficial,,2026-10-03 10:21:56.084489
Samsung Galaxy F36,Samsung Galaxy A17 4/128 GB | Smartphone AI | Android | 5000 mAh,https://www.tokopedia.com/samsung-official-store/samsung-galaxy-a17-4-128-gb-smartphone-ai-android-5000-mah-1736014497300514797-1736984950562654189,Rp4051600,Rp4099000,,4.9,500+,samsung-official-store,,2026-10-03 10:21:56.087770
Samsung Galaxy F36,"19% [ LIVE SPESIAL ] SAMSUNG GALAXY A07 4/64, 4/128, 6/128 & 8/256 NEW GARANSI RESMI",https://www.tokopedia.com/j3-shop/exclusive-afdhalyusman-samsung-galaxy-a07-4-64-4-128-6-128-8-256-new-garansi-resmi-1732584100123477532-1736735501406406172,Rp2129000,Rp2639000,,5.0,100+,j3-shop,,2026-10-03 10:21:56.091335
Samsung Galaxy F36,SAMSUNG Galaxy A07 8Gb 256Gb Garansi Resmi Samsung Indonesia,https://www.tokopedia.com/agresidjaktim/samsung-galaxy-a07-8gb-256gb-garansi-resmi-samsung-indonesia-1732614732922914592,Rp2059000,Rp2069000,,5.0,100+,agresidjaktim,,2026-10-03 10:21:56.094371
Samsung Galaxy F36,{SPESIAL CREATOR } Samsung Galaxy A07 {4GB 64GB} {4GB 128GB} Garansi Resmi Sein,https://www.tokopedia.com/gamer-id-bogor/samsung-galaxy-a07-4gb-64gb-4gb-128gb-garansi-resmi-sein-1735560555884414825-1735560644075226985,Rp2079690,Rp2089690,,5.0,100+,gamer-id-bogor,,2026-10-03 10:21:56.097287
Samsung Galaxy F36,Samsung Galaxy A07 4/64GB | 4/128GB | 6/128GB | 8/256GB 6.7 Inch Garansi Resmi,https://www.tokopedia.com/andalascellularb/samsung-galaxy-a07-4-64gb-4-128gb-6-128gb-8-256gb-6-7-inch-garansi-resmi-1732283996759819279,Rp2099000,,,4.9,100+,andalascellularb,,2026-10-03 10:21:56.100506
Samsung Galaxy F36,Samsung Galaxy A17 [8/128GB] - | Smartphone AI | Android | 5000 mAh,https://www.tokopedia.com/samsung-official-store/samsung-galaxy-a17-8-128gb-smartphone-ai-android-5000-mah-1732567661042829293-1736985107430803437,Rp5030200,Rp5099000,,4.9,4rb+,samsung-official-store,,2026-10-03 10:21:56.104849
Samsung Galaxy F70 Pro,71% SAMSUNG GALAXY A17 5G | GALAXY A17 | A 07 | 8GB 256GB / 8GB 128GB,https://www.tokopedia.com/alienwareofficial/zyrex-ultra-intel-n100-8gb-128-256gb-w11-14-0fhd-blit-metal-2y-blk-1734867869455582483,Rp1734443,Rp5999000,,4.9,1rb+,alienwareofficial,,2026-10-01 07:04:05.393997
Samsung Galaxy F70 Pro,11% [ King Kevin ] Samsung Galaxy A07 LTE 4/64GB,https://www.tokopedia.com/samsung-official-store/king-kevin-samsung-galaxy-a07-lte-4-64gb-1734195302377424877-1736783173761075181,Rp2679700,Rp2999000,,4.9,4rb+,samsung-official-store,,2026-10-01 07:04:05.397723
Samsung Galaxy F70 Pro,[ MBA x Samsung ] Samsung Galaxy A17 5G 8/256GB,https://www.tokopedia.com/samsung-official-store/mba-x-samsung-samsung-galaxy-a17-5g-8-256gb-1737501449805793261-1737501463848257517,Rp5272400,Rp5399000,,5.0,30+,samsung-official-store,,2026-10-01 07:04:05.400804
Samsung Galaxy F70 Pro,"25% NEW LAUNCH HONOR X6c 6GB+256GB (Moonlight White / Midnight Black) - Storage Luas 256GB, 50MP , 5300mAh 35W Fitur Magic Capsule, Desain Stylish & Modern, Smartphone Handal Value for Money",https://www.tokopedia.com/honor-official-store/new-launch-honor-x6c-5300-mah-baterai-besar-6gb-256gb-50-mp-kamera-utama-5-mp-kamera-selfie-ai-button-creation-1736085646690650035-1736086159122859955,Rp2999000,Rp3999000,,5.0,19,honor-official-store,,2026-10-01 07:04:05.403769
Samsung Galaxy F70 Pro,NUBIA FOCUS 2 5G 8/256 GB GARANSI RESMI NUBIA FOCUS 2 5G RAM UP TO 20 GB,https://www.tokopedia.com/gadget-ind-store-/nubia-focus-2-5g-8-256-gb-garansi-resmi-nubia-focus-2-5g-ram-up-to-20-gb-1732021019236730752,Rp2599000,,,,30+,gadget-ind-store-,,2026-10-01 07:04:05.406216
Samsung Galaxy F70 Pro,"[SUPERZOOM FLASHSNAP] TECNO CAMON 50 8GB+8GB*/128GB, 50MP Sony + 8MP Ultra Wide, 32MP Front Camera, 1.5K 144Hz AMOLED, Mediatek Helio G200 Ultimate , IP69K, 45W Ultra Charging, camon50",https://www.tokopedia.com/tecnoofficialstore/new-superzoom-flashsnap-tecno-camon-50-8gb-8gb-128gb-50mp-sony-8mp-ultra-wide-32mp-front-camera-1-5k-144hz-amoled-mediatek-helio-g200-ultimate-ip69k-45w-ultra-charging-camon50-1734382406801785931-1737528499791103051,Rp4448000,Rp4758000,,4.9,5rb+,tecnoofficialstore,,2026-10-01 07:04:05.409160
Samsung Galaxy F70 Pro,SAMSUNG Galaxy A07 8Gb 256Gb Garansi Resmi Samsung Indonesia,https://www.tokopedia.com/agresidjaktim/samsung-galaxy-a07-8gb-256gb-garansi-resmi-samsung-indonesia-1732614732922914592,Rp2069000,,,5.0,100+,agresidjaktim,,2026-10-01 07:04:05.412174
Samsung Galaxy F70 Pro,27% Samsung Galaxy A37 5G 8/256GB | Hp AI | IP68 | 5000 mAh,https://www.tokopedia.com/samsung-authorized-store/samsung-galaxy-a37-5g-8-256gb-hp-ai-ip68-5000-mah-1737305892926424868-1737305963353376548,Rp6099000,Rp8299000,,,,samsung-authorized-store,,2026-10-01 07:04:05.415202
Samsung Galaxy F70 Pro,2nd SAMSUNG GALAXY A56 8/128GB,https://www.tokopedia.com/primemobile-332/2nd-samsung-galaxy-a56-8-128gb-1735350865085892048,Rp4600000,,,,,primemobile-332,,2026-10-01 07:04:05.418233
Samsung Galaxy F70e,( Special Creator ) Samsung Galaxy A08 4G 4/64Gb 4/128Gb Garansi Resmi Sein,https://www.tokopedia.com/ini-toko-budi-shop/special-creator-samsung-galaxy-a07-5g-6-128gb-garansi-resmi-sein-1730815310582089191-1737771889523721703,Rp3009000,Rp3010000,,5.0,1rb+,ini-toko-budi-shop,,2026-10-03 09:36:23.477196
Samsung Galaxy F70e,25% Samsung Galaxy A17 [8/256GB] - | Smartphone AI | Android | 5000 mAh,https://www.tokopedia.com/samsung-authorized-store/samsung-galaxy-a17-8-256gb-smartphone-ai-android-5000-mah-1737313715562055460-1737313717783529252,Rp4499000,Rp5999000,,5.0,25,samsung-authorized-store,,2026-10-03 09:36:23.480785
Samsung Galaxy F70e,Samsung Galaxy A17 4/128 GB | Smartphone AI | Android | 5000 mAh,https://www.tokopedia.com/samsung-official-store/samsung-galaxy-a17-4-128-gb-smartphone-ai-android-5000-mah-1736014497300514797-1736984950562654189,Rp4051600,Rp4099000,,4.9,500+,samsung-official-store,,2026-10-03 09:36:23.483332
Samsung Galaxy F70e,( Special Creator ) Samsung Galaxy A17 5G/4G 4/128Gb 8/128Gb 8/256Gb Garansi Resmi,https://www.tokopedia.com/ini-toko-budi-shop/special-creator-samsung-galaxy-a16-5g-8-256gb-garansi-resmi-sein-1730331799066346983-1737644758276867559,Rp3324000,Rp3325000,,5.0,100+,ini-toko-budi-shop,,2026-10-03 09:36:23.485753
Samsung Galaxy F70e,65% SAMSUNG GALAXY A17 5G | GALAXY A17 | A 07 | 8GB 256GB / 8GB 128GB,https://www.tokopedia.com/alienwareofficial/zyrex-ultra-intel-n100-8gb-128-256gb-w11-14-0fhd-blit-metal-2y-blk-1734867869455582483,Rp2089690,Rp5999000,,4.9,1rb+,alienwareofficial,,2026-10-03 09:36:23.488325
Samsung Galaxy F70e,SAMSUNG Galaxy A07 8Gb 256Gb Garansi Resmi Samsung Indonesia,https://www.tokopedia.com/agresidjaktim/samsung-galaxy-a07-8gb-256gb-garansi-resmi-samsung-indonesia-1732614732922914592,Rp2059000,Rp2069000,,5.0,100+,agresidjaktim,,2026-10-03 09:36:23.490658
Samsung Galaxy F70e,11% Samsung Galaxy A07 LTE 4/64GB,https://www.tokopedia.com/samsung-official-store/samsung-galaxy-a07-lte-4-64gb-1732159674958514157-1736783109666080749,Rp2679700,Rp2999000,,4.9,10rb+,samsung-official-store,,2026-10-03 09:36:23.493273
Samsung Galaxy F70e,Samsung Galaxy A17 5G 8/256GB,https://www.tokopedia.com/samsung-official-store/samsung-galaxy-a17-5g-8-256gb-1732293572976871405-1737314880138872813,Rp5272400,Rp5399000,,4.9,2rb+,samsung-official-store,,2026-10-03 09:36:23.495739
Samsung Galaxy F70e,20% ITEL SUPER 26 ULTRA - T7300 Ultra Gaming Processor - Corning Gorilla 7i - IP65 - 3D Curved Amoled Screen- 32MP Selfie Camera - 6000mAH,https://www.tokopedia.com/itel-official-store/itel-super-26-ultra-t7300-ultra-gaming-processor-corning-gorilla-7i-ip65-3d-curved-amoled-screen-32mp-selfie-camera-6000mah-1732321706642081780-1736867473932060660,Rp3199000,Rp3999000,,4.8,5rb+,itel-official-store,,2026-10-03 09:36:23.498049
Samsung Galaxy M07,21% Samsung Galaxy A07 LTE 4/128GB,https://www.tokopedia.com/samsung-official-store/samsung-galaxy-a07-lte-4-128gb-1732159779294971885-1736782888056686573,Rp3168700,Rp3999000,,4.9,10rb+,samsung-official-store,,2026-10-03 09:56:38.070513
Samsung Galaxy M07,( Special Creator ) Samsung Galaxy A08 4G 4/64Gb 4/128Gb Garansi Resmi Sein,https://www.tokopedia.com/ini-toko-budi-shop/special-creator-samsung-galaxy-a07-5g-6-128gb-garansi-resmi-sein-1730815310582089191-1737771889523721703,Rp3009000,Rp3010000,,5.0,1rb+,ini-toko-budi-shop,,2026-10-03 09:56:38.074741
Samsung Galaxy M07,11% [ King Kevin ] Samsung Galaxy A07 LTE 4/64GB,https://www.tokopedia.com/samsung-official-store/king-kevin-samsung-galaxy-a07-lte-4-64gb-1734195302377424877-1736783173761075181,Rp2679700,Rp2999000,,4.9,4rb+,samsung-official-store,,2026-10-03 09:56:38.078357
Samsung Galaxy M07,"Samsung Galaxy A07 4G 4/64GB, 4/128GB Camera 50MP 6,7 inch Helio G99 5,000mAh | Garansi Resmi SEIN 1 Tahun",https://www.tokopedia.com/evogad/samsung-galaxy-a07-4g-4-64gb-4-128gb-camera-50mp-6-7-inch-helio-g99-5-000mah-garansi-resmi-sein-1-tahun-1732275868876048376,Rp2035000,Rp2199000,,5.0,14,evogad,,2026-10-03 09:56:38.081331
Samsung Galaxy M07,SAMSUNG Galaxy A07 8Gb 256Gb Garansi Resmi Samsung Indonesia,https://www.tokopedia.com/agresidjaktim/samsung-galaxy-a07-8gb-256gb-garansi-resmi-samsung-indonesia-1732614732922914592,Rp2059000,Rp2069000,,5.0,100+,agresidjaktim,,2026-10-03 09:56:38.084634
Samsung Galaxy M07,65% SAMSUNG GALAXY A17 5G | GALAXY A17 | A 07 | 8GB 256GB / 8GB 128GB,https://www.tokopedia.com/alienwareofficial/zyrex-ultra-intel-n100-8gb-128-256gb-w11-14-0fhd-blit-metal-2y-blk-1734867869455582483,Rp2089690,Rp5999000,,4.9,1rb+,alienwareofficial,,2026-10-03 09:56:38.087967
Samsung Galaxy M07,"19% [ LIVE SPESIAL ] SAMSUNG GALAXY A07 4/64, 4/128, 6/128, & 8/256 NEW GARANSI RESMI",https://www.tokopedia.com/j3gold/live-spesial-samsung-galaxy-a07-4-64-4-128-6-128-8-256-new-garansi-resmi-1732581577904915903-1736736373318780351,Rp2129000,Rp2639000,,4.9,250+,j3gold,,2026-10-03 09:56:38.091860
Samsung Galaxy M07,Samsung Galaxy A17 4/128 GB | Smartphone AI | Android | 5000 mAh,https://www.tokopedia.com/samsung-official-store/samsung-galaxy-a17-4-128-gb-smartphone-ai-android-5000-mah-1736014497300514797-1736984950562654189,Rp4051600,Rp4099000,,4.9,500+,samsung-official-store,,2026-10-03 09:56:38.096610
Samsung Galaxy M07,29% Samsung Galaxy A07 LTE 4/64GB,https://www.tokopedia.com/samsung-authorized-store/samsung-galaxy-a07-lte-4-64gb-1737284494615480100-1737284496721676068,Rp2049000,Rp2899000,,5.0,100+,samsung-authorized-store,,2026-10-03 09:56:38.100834
Samsung Galaxy M17,"35% Galaxy M17 smartphone 16GB+1TB Layar datar dengan tepi super tipis, kamera utama 50 megapiksel, smartphone cadangan untuk siswa dan gamer",https://www.tokopedia.com/jiuankang5324/galaxy-m17-smartphone-16gb-1tb-layar-datar-dengan-tepi-super-tipis-kamera-utama-50-megapiksel-smartphone-cadangan-untuk-siswa-dan-gamer-1735607231515756414-1735607231639029630,Rp1336094,Rp2055529,,,,jiuankang5324,,2026-10-03 09:48:31.224644
Samsung Galaxy M17,25% Samsung Galaxy A17 [8/256GB] - | Smartphone AI | Android | 5000 mAh,https://www.tokopedia.com/samsung-authorized-store/samsung-galaxy-a17-8-256gb-smartphone-ai-android-5000-mah-1737313715562055460-1737313717783529252,Rp4499000,Rp5999000,,5.0,25,samsung-authorized-store,,2026-10-03 09:48:31.230676
Samsung Galaxy M17,11% [ King Kevin ] Samsung Galaxy A07 LTE 4/64GB,https://www.tokopedia.com/samsung-official-store/king-kevin-samsung-galaxy-a07-lte-4-64gb-1734195302377424877-1736783173761075181,Rp2679700,Rp2999000,,4.9,4rb+,samsung-official-store,,2026-10-03 09:48:31.233322
Samsung Galaxy M17,65% SAMSUNG GALAXY A17 5G | GALAXY A17 | A 07 | 8GB 256GB / 8GB 128GB,https://www.tokopedia.com/alienwareofficial/zyrex-ultra-intel-n100-8gb-128-256gb-w11-14-0fhd-blit-metal-2y-blk-1734867869455582483,Rp2089690,Rp5999000,,4.9,1rb+,alienwareofficial,,2026-10-03 09:48:31.236140
Samsung Galaxy M17,Samsung Galaxy A17 4/128 GB | Smartphone AI | Android | 5000 mAh,https://www.tokopedia.com/samsung-official-store/samsung-galaxy-a17-4-128-gb-smartphone-ai-android-5000-mah-1736014497300514797-1736984950562654189,Rp4051600,Rp4099000,,4.9,500+,samsung-official-store,,2026-10-03 09:48:31.238624
Samsung Galaxy M17,( Special Creator ) Samsung Galaxy A08 4G 4/64Gb 4/128Gb Garansi Resmi Sein,https://www.tokopedia.com/ini-toko-budi-shop/special-creator-samsung-galaxy-a07-5g-6-128gb-garansi-resmi-sein-1730815310582089191-1737771889523721703,Rp3009000,Rp3010000,,5.0,1rb+,ini-toko-budi-shop,,2026-10-03 09:48:31.242157
Samsung Galaxy M17,( Special Creator ) Samsung Galaxy A17 5G/4G 4/128Gb 8/128Gb 8/256Gb Garansi Resmi,https://www.tokopedia.com/ini-toko-budi-shop/special-creator-samsung-galaxy-a16-5g-8-256gb-garansi-resmi-sein-1730331799066346983-1737644758276867559,Rp3324000,Rp3325000,,5.0,100+,ini-toko-budi-shop,,2026-10-03 09:48:31.244875
Samsung Galaxy M17,11% Samsung Galaxy A07 LTE 4/64GB,https://www.tokopedia.com/samsung-official-store/samsung-galaxy-a07-lte-4-64gb-1732159674958514157-1736783109666080749,Rp2679700,Rp2999000,,4.9,10rb+,samsung-official-store,,2026-10-03 09:48:31.247779
Samsung Galaxy M17,SAMSUNG Galaxy A07 8Gb 256Gb Garansi Resmi Samsung Indonesia,https://www.tokopedia.com/agresidjaktim/samsung-galaxy-a07-8gb-256gb-garansi-resmi-samsung-indonesia-1732614732922914592,Rp2059000,Rp2069000,,5.0,100+,agresidjaktim,,2026-10-03 09:48:31.250321
Samsung Galaxy M17,Samsung Galaxy A17 5G 8/256GB,https://www.tokopedia.com/samsung-official-store/samsung-galaxy-a17-5g-8-256gb-1732293572976871405-1737314880138872813,Rp5272400,Rp5399000,,4.9,2rb+,samsung-official-store,,2026-10-03 09:48:31.252798
Samsung Galaxy M47,65% SAMSUNG GALAXY A17 5G | GALAXY A17 | A 07 | 8GB 256GB / 8GB 128GB,https://www.tokopedia.com/alienwareofficial/zyrex-ultra-intel-n100-8gb-128-256gb-w11-14-0fhd-blit-metal-2y-blk-1734867869455582483,Rp2089690,Rp5999000,,4.9,1rb+,alienwareofficial,,2026-10-03 08:38:16.304754
Samsung Galaxy M47,( Special Creator ) Samsung Galaxy A08 4G 4/64Gb 4/128Gb Garansi Resmi Sein,https://www.tokopedia.com/ini-toko-budi-shop/special-creator-samsung-galaxy-a07-5g-6-128gb-garansi-resmi-sein-1730815310582089191-1737771889523721703,Rp3009000,Rp3010000,,5.0,1rb+,ini-toko-budi-shop,,2026-10-03 08:38:16.308333
Samsung Galaxy M47,11% [ King Kevin ] Samsung Galaxy A07 LTE 4/64GB,https://www.tokopedia.com/samsung-official-store/king-kevin-samsung-galaxy-a07-lte-4-64gb-1734195302377424877-1736783173761075181,Rp2679700,Rp2999000,,4.9,4rb+,samsung-official-store,,2026-10-03 08:38:16.312727
Samsung Galaxy M47,"19% [ LIVE SPESIAL ] SAMSUNG GALAXY A07 4/64, 4/128, 6/128 & 8/256 NEW GARANSI RESMI",https://www.tokopedia.com/j3-shop/exclusive-afdhalyusman-samsung-galaxy-a07-4-64-4-128-6-128-8-256-new-garansi-resmi-1732584100123477532-1736735501406406172,Rp2129000,Rp2639000,,5.0,100+,j3-shop,,2026-10-03 08:38:16.315687
Samsung Galaxy M47,"25% NEW LAUNCH HONOR X6c 6GB+256GB (Moonlight White / Midnight Black) - Storage Luas 256GB, 50MP , 5300mAh 35W Fitur Magic Capsule, Desain Stylish & Modern, Smartphone Handal Value for Money",https://www.tokopedia.com/honor-official-store/new-launch-honor-x6c-5300-mah-baterai-besar-6gb-256gb-50-mp-kamera-utama-5-mp-kamera-selfie-ai-button-creation-1736085646690650035-1736086159122794419,Rp2999000,Rp3999000,,5.0,21,honor-official-store,,2026-10-03 08:38:16.318469
Samsung Galaxy M47,Samsung Galaxy A17 4/128 GB | Smartphone AI | Android | 5000 mAh,https://www.tokopedia.com/samsung-official-store/samsung-galaxy-a17-4-128-gb-smartphone-ai-android-5000-mah-1736014497300514797-1736984950562654189,Rp4051600,Rp4099000,,4.9,500+,samsung-official-store,,2026-10-03 08:38:16.321480
Samsung Galaxy M47,SAMSUNG Galaxy A07 8Gb 256Gb Garansi Resmi Samsung Indonesia,https://www.tokopedia.com/agresidjaktim/samsung-galaxy-a07-8gb-256gb-garansi-resmi-samsung-indonesia-1732614732922914592,Rp2059000,Rp2069000,,5.0,100+,agresidjaktim,,2026-10-03 08:38:16.324996
Samsung Galaxy M47,25% Samsung Galaxy A17 [8/256GB] - | Smartphone AI | Android | 5000 mAh,https://www.tokopedia.com/samsung-authorized-store/samsung-galaxy-a17-8-256gb-smartphone-ai-android-5000-mah-1737313715562055460-1737313717783529252,Rp4499000,Rp5999000,,5.0,25,samsung-authorized-store,,2026-10-03 08:38:16.328943
Samsung Galaxy M47,[ MBA x Samsung ] Samsung Galaxy A17 5G 8/256GB,https://www.tokopedia.com/samsung-official-store/mba-x-samsung-samsung-galaxy-a17-5g-8-256gb-1737501449805793261-1737501463848257517,Rp5272400,Rp5399000,,5.0,40+,samsung-official-store,,2026-10-03 08:38:16.331388
Samsung Galaxy M47,11% Samsung Galaxy A07 LTE 4/64GB,https://www.tokopedia.com/samsung-official-store/samsung-galaxy-a07-lte-4-64gb-1732159674958514157-1736783109666080749,Rp2679700,Rp2999000,,4.9,10rb+,samsung-official-store,,2026-10-03 08:38:16.334168
Samsung Galaxy S25 FE,13% Samsung Galaxy S25 FE [8/256GB] | Smartphone AI | Galaxy AI | 4900 mAh,https://www.tokopedia.com/samsung-authorized-store/samsung-galaxy-s25-fe-8-256gb-smartphone-ai-android-galaxy-ai-4900-mah-exynos-2400-1737304682829481764-1737304831976834852,Rp10499000,Rp11999000,,,2,samsung-authorized-store,,2026-10-03 10:09:44.930380
Samsung Galaxy S25 FE,"Samsung Galaxy S25 FE 8/256GB, 8/512GB | Smartphone AI | Original BNIB | Garansi Resmi SEIN",https://www.tokopedia.com/mhi-samsung/samsung-galaxy-s25-fe-8-256gb-8-512gb-original-garansi-resmi-sein-1732637139422381671,Rp11699000,Rp11999000,,5.0,500+,mhi-samsung,,2026-10-03 10:09:44.934045
Samsung Galaxy S25 FE,[ Android Nyel ] Samsung Galaxy S25 FE [8/256GB] | Smartphone AI | Android | Galaxy AI | 4900 mAh | Exynos 2400,https://www.tokopedia.com/samsung-official-store/samsung-galaxy-s25-fe-8-256gb-smartphone-ai-android-galaxy-ai-4900-mah-exynos-2400-1737425833096021997-1737425834430138349,Rp11880300,Rp12099000,,5.0,1,samsung-official-store,,2026-10-03 10:09:44.937123
Samsung Galaxy S25 FE,[ 805gadget ] Samsung Galaxy S25 FE [8/256GB] | Smartphone AI | Android | Galaxy AI | 4900 mAh | Exynos 2400,https://www.tokopedia.com/samsung-official-store/805gadget-samsung-galaxy-s25-fe-8-256gb-smartphone-ai-android-galaxy-ai-4900-mah-exynos-2400-1737425759673616365-1737425857898579949,Rp11880300,Rp12099000,,,16,samsung-official-store,,2026-10-03 10:09:44.939732
Samsung Galaxy S25 FE,[ rbs.gadget ] Samsung Galaxy S25 FE [8/256GB] | Smartphone AI | Android | Galaxy AI | 4900 mAh | Exynos 2400,https://www.tokopedia.com/samsung-official-store/rbs-gadget-samsung-galaxy-s25-fe-8-256gb-smartphone-ai-android-galaxy-ai-4900-mah-exynos-2400-1737637019416496109-1737637100011882477,Rp11880300,Rp12099000,,5.0,8,samsung-official-store,,2026-10-03 10:09:44.942290
Samsung Galaxy S25 FE,[ Wenny Wijaya ] Samsung Galaxy S25 FE [8/256GB] | Smartphone AI | Android | Galaxy AI | 4900 mAh | Exynos 2400,https://www.tokopedia.com/samsung-official-store/wenny-wijaya-samsung-galaxy-s25-fe-8-256gb-smartphone-ai-android-galaxy-ai-4900-mah-exynos-2400-1737096171882711021-1737096173902858221,Rp11880300,Rp12099000,,5.0,250+,samsung-official-store,,2026-10-03 10:09:44.944961
Samsung Galaxy S25 FE,18% Samsung Galaxy S25 FE [8/256GB] | Smartphone AI | Android | Galaxy AI | 4900 mAh | Exynos 2400,https://www.tokopedia.com/samsung-official-store/samsung-galaxy-s25-fe-8-256gb-smartphone-ai-android-galaxy-ai-4900-mah-exynos-2400-1732438606313654253-1737093208650450925,Rp9880300,Rp12099000,,4.9,1rb+,samsung-official-store,,2026-10-03 10:09:44.947452
Samsung Galaxy S25 FE,[ King Kevin ] Samsung Galaxy S25 FE [8/256GB] | Smartphone AI | Android | Galaxy AI | 4900 mAh | Exynos 2400,https://www.tokopedia.com/samsung-official-store/king-kevin-samsung-galaxy-s25-fe-8-256gb-smartphone-ai-android-galaxy-ai-4900-mah-exynos-2400-1737340052336248813-1737340097808599021,Rp11880300,Rp12099000,,5.0,10,samsung-official-store,,2026-10-03 10:09:44.949939
Samsung Galaxy S25 FE,26% [ Mega Deals ] Samsung S25FE 5G 8/128GB 8/256GB Garansi Resmi SEIN - Galaxy S25 FE - [Digitech MallxCreator],https://www.tokopedia.com/digitechmall/digitech-extra-bonus-khusus-pelanggan-digitech-mall-13-1735300737902216819-1735884623205795443,Rp9584000,Rp12999000,,5.0,3rb+,digitechmall,,2026-10-03 10:09:44.952333
Samsung Galaxy S26 FE,26% [ Mega Deals ] Samsung S26FE 5G 8/128GB 8/256GB Garansi Resmi - Galaxy S26 FE - [Digitech MallxCreator],https://www.tokopedia.com/digitechmall/mega-deals-samsung-s26fe-5g-8-128gb-8-256gb-garansi-resmi-galaxy-s26-fe-digitech-mallxcreator-1737533689014093427-1737533691179927155,Rp11836000,Rp15999000,,,,digitechmall,,2026-10-01 06:59:39.548339
Samsung Galaxy S26 FE,"Samsung Galaxy S26 FE [ MEMORY UPGRADE ] 8/256GB 8/512GB, Original, Garansi Resmi SEIN",https://www.tokopedia.com/samsung-mhi-bekasi/samsung-galaxy-s26-fe-8-256gb-8-512gb-original-garansi-resmi-sein-1737411390758684206-1737411430683674158,Rp12999000,Rp13999000,,,,samsung-mhi-bekasi,,2026-10-01 06:59:39.551220
Samsung Galaxy S26 FE,(RESMI) Samsung S26 FE 8/256GB Blueberry Graphite Pistachio Garansi Resmi Indonesia 1 Tahun,https://www.tokopedia.com/putra-group/resmi-samsung-s26fe-8-256gb-blueberry-graphite-pistachio-garansi-resmi-indonesia-1-tahun-1737516814963475456-1737516943571125248,Rp11999000,,,,3,putra-group,,2026-10-01 06:59:39.553322
Samsung Galaxy S26 FE,43% Samsung galaxy S26FE S25FE 8/512GB 8/256GB S26 FE S25 FE - HANDPHONE PONSEL ANDROID GARANSI RESMI,https://www.tokopedia.com/studiolaptop/extra-proteksi-bubble-wrap-perlindungan22-1734104516318627655-1737520743294863175,Rp9431998,Rp16514750,,5.0,40+,studiolaptop,,2026-10-01 06:59:39.555517
Samsung Galaxy S26 FE,27% [ JKT ] Samsung S26FE 5G 8/128GB 8/256GB Garansi Resmi - Galaxy S26 FE,https://www.tokopedia.com/digitechmall/jkt-samsung-s26fe-5g-8-128gb-8-256gb-garansi-resmi-galaxy-s26-fe-1737533690809058931-1737533707971430003,Rp11647000,Rp15999000,,,,digitechmall,,2026-10-01 06:59:39.557993
Samsung Galaxy S26 FE,27% [ FS ] Samsung S26FE 5G 8/128GB 8/256GB Garansi Resmi - Galaxy S26 FE,https://www.tokopedia.com/digitechmall/fs-samsung-s26fe-5g-8-128gb-8-256gb-garansi-resmi-galaxy-s26-fe-1737533691829257843-1737533709657015923,Rp11714000,Rp15999000,,,,digitechmall,,2026-10-01 06:59:39.560060
Samsung Galaxy S26 FE,22% Samsung Galaxy S26FE S26 FE 8/256GB Garansi Resmi Samsung Indonesia,https://www.tokopedia.com/amazefon/samsung-galaxy-s24fe-s24-fe-8-256-gb-8-128b-garansi-resmi-1732692404150372157,Rp12120000,Rp15599000,,5.0,100+,amazefon,,2026-10-01 06:59:39.562175
Samsung Galaxy S26 FE,Samsung Galaxy S26 FE 5G 8/256GB GARANSI RESMI,https://www.tokopedia.com/yateknostore/samsung-galaxy-s25-fe-5g-8-128gb-8-256gb-garansi-resmi-1737547620179674469-1737547684304815461,Rp12607000,,,,,yateknostore,,2026-10-01 06:59:39.564228
Samsung Galaxy S26 FE,24% STREAM | Samsung S26FE 5G NFC S26 FE 8/256GB Garansi Resmi,https://www.tokopedia.com/ismile-indonesia/stream-samsung-s26fe-5g-nfc-s26-fe-8-256gb-garansi-resmi-1737513288266516363-1737513253456480139,Rp12127000,Rp15999000,,,,ismile-indonesia,,2026-10-01 06:59:39.566186
Samsung Galaxy Watch9,Samsung Galaxy Watch 9 ( 40mm / 44mm ) Smartwatch Garansi Resmi Sein Tam,https://www.tokopedia.com/ini-toko-budi-shop/samsung-galaxy-watch-7-40mm-44mm-smartwatch-garansi-resmi-sein-tam-1730064315455604199-1737665120119260647,Rp4398000,Rp4399000,,5.0,1rb+,ini-toko-budi-shop,,2026-10-03 08:32:17.362825
Samsung Galaxy Watch9,Samsung Galaxy Watch 9 40mm & 44mm Garansi Resmi SEIN,https://www.tokopedia.com/samsung-mhi-bekasi/samsung-galaxy-watch-9-40mm-garansi-resmi-sein-1737035249142302254-1737035311419196974,Rp5974000,Rp5999000,,,,samsung-mhi-bekasi,,2026-10-03 08:32:17.365789
Samsung Galaxy Watch9,( Special Creator ) Samsung Galaxy Watch 9 Smartwatch ( 40mm / 44mm ) Garansi Resmi Sein New,https://www.tokopedia.com/ini-toko-budi-shop/special-creator-samsung-galaxy-watch-7-smartwatch-40mm-44mm-garansi-resmi-sein-new-1730331798386542055-1737664958721983975,Rp4448000,Rp4449000,,4.9,50+,ini-toko-budi-shop,,2026-10-03 08:32:17.368811
Samsung Galaxy Z Flip8,Samsung Galaxy Z Flip8 [12GB/512GB] | Smartphone AI | Desain Tipis dan Ringan | FlexCam,https://www.tokopedia.com/samsung-official-store/samsung-galaxy-b8-dummy-1736550187413637101-1736550194995103725,Rp23623400,Rp23999000,,5.0,9,samsung-official-store,,2026-10-03 08:27:38.174039
Samsung Galaxy Z Flip8,( Special Creator ) Samsung Galaxy Z Flip 8 ( 12/256 12/512 ) Garansi Resmi Sein,https://www.tokopedia.com/ini-toko-budi-shop/samsung-galaxy-z-flip-6-12-256-12-512-garansi-resmi-sein-1730063894164964839-1737646312735213031,Rp17748000,Rp17749000,,,100+,ini-toko-budi-shop,,2026-10-03 08:27:38.206089
Samsung Galaxy Z Flip8,(RESMI) Samsung Z Flip 8 12/256GB 12/512GB  Pink Graphite Cream Mint Garansi Resmi Indonesia,https://www.tokopedia.com/putra-group/samsung-z-flip-8-12-256gb-pink-graphite-cream-1736942396198388736-1736942494896194560,Rp19499000,,,5.0,10,putra-group,,2026-10-03 08:27:38.208712
Samsung Galaxy Z Flip8,Samsung Galaxy Z Flip8 [12GB/256GB] | Smartphone AI | Desain Tipis dan Ringan | FlexCam,https://www.tokopedia.com/samsung-authorized-store/samsung-galaxy-z-flip8-12gb-256gb-smartphone-ai-desain-tipis-dan-ringan-flexcam-1737314879848679204-1737574345375713060,Rp17999000,Rp19999000,,,3,samsung-authorized-store,,2026-10-03 08:27:38.211114
Samsung Galaxy Z Flip8,[jikalaku] Samsung Galaxy Z Flip8,https://www.tokopedia.com/jikalaku/jikalaku-samsung-galaxy-z-flip8-1736674705681908773-1736675175553926181,Rp18280100,,,,5,jikalaku,,2026-10-03 08:27:38.213395
Samsung Galaxy Z Flip8,15% Samsung Galaxy Z Flip 8 5G 12/512GB 12/256GB Garansi Resmi,https://www.tokopedia.com/digitechmall/samsung-galaxy-z-flip-7-5g-12-512gb-12-256gb-garansi-resmi-1731123525190190707-1737527975489209971,Rp17866174,Rp20999000,,5.0,500+,digitechmall,,2026-10-03 08:27:38.215658
Samsung Galaxy Z Flip8,[ JKT ] Samsung Galaxy Z Flip 8 5G 12/512GB 12/256GB Garansi Resmi,https://www.tokopedia.com/digitechmall/jkt-samsung-galaxy-z-flip-8-5g-12-512gb-12-256gb-garansi-resmi-1737533676475549299-1737533703135856243,Rp18808000,Rp20999000,,,,digitechmall,,2026-10-03 08:27:38.218378
Samsung Galaxy Z Flip8,[ K Exclusive ] Samsung Galaxy Z Flip8 [12GB/512GB] | Smartphone AI | Desain Tipis dan Ringan | FlexCam,https://www.tokopedia.com/samsung-official-store/upgrade-dari-256gb-samsung-galaxy-z-flip8-12gb-512gb-smartphone-ai-desain-tipis-dan-ringan-flexcam-1736650462873094125-1736650464448776173,Rp23623400,Rp23999000,,5.0,6,samsung-official-store,,2026-10-03 08:27:38.220919
Samsung Galaxy Z Flip8,[ Sefrico ] Samsung Galaxy Z Flip8 [12GB/512GB] | Smartphone AI | Desain Tipis dan Ringan | FlexCam,https://www.tokopedia.com/samsung-official-store/exclusive-irvan-galih-x-thiafitrii-upgrade-dari-256gb-samsung-galaxy-z-flip8-12gb-512gb-smartphone-ai-desain-tipis-dan-ringan-flexcam-1736650644582598637-1736650854546769901,Rp23623400,Rp23999000,,,,samsung-official-store,,2026-10-03 08:27:38.223117
Samsung Galaxy Z Flip8,[ Exclusive Irvan Galih x Thiafitrii ] Samsung Galaxy Z Flip8 [12GB/512GB] | Smartphone AI | Desain Tipis dan Ringan | FlexCam,https://www.tokopedia.com/samsung-official-store/exclusive-irvan-galih-x-thiafitrii-upgrade-dari-256gb-samsung-galaxy-z-flip8-12gb-512gb-smartphone-ai-desain-tipis-dan-ringan-flexcam-1736650462294083565-1736650853462935533,Rp23623400,Rp23999000,,,,samsung-official-store,,2026-10-03 08:27:38.225349
Samsung Galaxy Z Fold7,[jikalaku] Samsung Galaxy Z Fold7 Garansi Resmi,https://www.tokopedia.com/jikalaku/jikalaku-samsung-galaxy-z-fold7-garansi-resmi-1732036138721575973,Rp21845700,,,4.9,100+,jikalaku,,2026-10-03 10:25:34.775304
Samsung Galaxy Z Fold7,Samsung Galaxy Z Fold 7 5G 256GB 512GB 1TB RAM 12GB - 16GB Garansi Resmi SEIN,https://www.tokopedia.com/digitalauthorized/samsung-galaxy-z-fold-7-5g-256gb-512gb-1tb-ram-12gb-16gb-garansi-resmi-sein-1731900885228947420,Rp21599000,,,5.0,100+,digitalauthorized,,2026-10-03 10:25:34.780855
Samsung Galaxy Z Fold7,23% Samsung Galaxy Z Fold 7 Ram 16/1Tb 12/512Gb 12/256Gb Jetblack Silver Shadow Blue Shadow Mint New,https://www.tokopedia.com/erazone/new-termurah-samsung-galaxy-z-fold-7-ram-16-1tb-12-512gb-12-256gb-jetblack-silver-shadow-blue-shadow-mint-new-resmi-indonesia-terbaru-1734293661051946231,Rp16990000,Rp22200000,,5.0,100+,erazone,,2026-10-03 10:25:34.783686
Samsung Galaxy Z Fold7,16% [NEW] Samsung Galaxy Z Fold 7 5G 256GB 512GB 1TB Garansi Resmi Indonesia,https://www.tokopedia.com/digital-prime-422/samsung-galaxy-z-fold-4-5g-256gb-512gb-1tb-garansi-resmi-indonesia-black-256gb-promo-3b549,Rp21450000,Rp25499000,,5.0,500+,digital-prime-422,,2026-10-03 10:25:34.786067
Samsung Galaxy Z Fold7,(RESMI) Samsung Galaxy Z Fold 7 5G 12/256GB 12/512GB 16/1TB,https://www.tokopedia.com/putra-group/resmi-samsung-galaxy-z-fold-7-5g-12-256gb-12-512gb-16-1tb-1732938736290006016,Rp21999000,,,4.9,500+,putra-group,,2026-10-03 10:25:34.788733
Samsung Galaxy Z Fold7,(Ex Display) Samsung Galaxy Z Fold 7 RAM 12GB Internal 1TB 512GB 256GB Jetblack Blue Shadow Silver Shadow Mint,https://www.tokopedia.com/oneponselid/ex-display-samsung-galaxy-z-fold-7-ram-12gb-internal-1tb-512gb-256gb-jetblack-blue-shadow-silver-shadow-mint-1733425111131325923,Rp16900000,,,5.0,4,oneponselid,,2026-10-03 10:25:34.791302
Samsung Galaxy Z Fold7,25% (NEW TERMURAH) Samsung Galaxy Z Fold 7 Ram 16/1Tb 12/512Gb 12/256Gb Jetblack Silver Shadow Blue Shadow Mint New Resmi Indonesia,https://www.tokopedia.com/erazone/new-termurah-samsung-galaxy-z-fold-7-ram-16-1tb-12-512gb-12-256gb-jetblack-silver-shadow-blue-shadow-mint-new-resmi-indonesia-1732057287478772983-1736447719097271543,Rp16990000,Rp22660000,,,14,erazone,,2026-10-03 10:25:34.793808
Samsung Galaxy Z Fold7,[Upgrade dari 512GB] Samsung Galaxy Z Fold7 16GB/1TB - Jetblack | Hp Lipat AI | Kamera 200MP,https://www.tokopedia.com/bsamilah8/upgrade-dari-512gb-samsung-galaxy-z-fold7-16gb-1tb-jetblack-hp-lipat-ai-kamera-200mp-1732003699474990619,Rp60984000,Rp61009000,,,,bsamilah8,,2026-10-03 10:25:34.796312
Samsung Galaxy Z Fold7,"26% Samsung Galaxy Z Fold 7 12Gb 256Gb/512Gb 8"" 120Hz Garansi Resmi Indonesia",https://www.tokopedia.com/agresidbandung/samsung-galaxy-z-fold-7-12gb-16gb-256gb-512gb-1tb-garansi-resmi-indonesia-1732098538434364600-1737413459442369720,Rp23979000,Rp32554800,,5.0,6,agresidbandung,,2026-10-03 10:25:34.798832
Samsung Galaxy Z Fold7,"53% Samsung Galaxy Z Fold 7 5G 12/256GB 12/512GB 12/1TB Garansi Resmi - 12/256, Silver Shadow",https://www.tokopedia.com/digitech-amanah/samsung-galaxy-z-fold-7-5g-12-256gb-12-512gb-12-1tb-garansi-resmi-12-256-silver-shadow-1737037604209067796-1737037604205332244,Rp11841925,Rp24983000,,,,digitech-amanah,,2026-10-03 10:25:34.801332
Tecno Camon 50 4G,Tecno Camon 50 NFC AMOLED [8/128 GB] [8/256 GB] [12/256 GB] - Garansi Resmi,https://www.tokopedia.com/duniagadgetku/tecno-camon-50-nfc-amoled-8-128-gb-8-256-gb-12-256-gb-garansi-resmi-1734434681506334523-1736521597615966011,Rp4218500,Rp4219000,,5.0,500+,duniagadgetku,,2026-10-03 09:23:20.215119
Tecno Camon 50 4G,"22% [SUPERZOOM FLASHSNAP] TECNO CAMON 50 8GB+8GB*/256GB, 50MP Sony + 8MP Ultra Wide, 32MP Front Camera, 1.5K 144Hz AMOLED, Mediatek Helio G200 Ultimate , IP69K, 45W Ultra Charging, camon50",https://www.tokopedia.com/tecnoofficialstore/new-superzoom-flashsnap-tecno-camon-50-8gb-8gb-256gb-50mp-sony-8mp-ultra-wide-32mp-front-camera-1-5k-144hz-amoled-mediatek-helio-g200-ultimate-ip69k-45w-ultra-charging-camon50-1734382732534187083-1737528500079854667,Rp4699000,Rp6000000,,4.9,1rb+,tecnoofficialstore,,2026-10-03 09:23:20.218819
Tecno Camon 50 4G,"[AFILASI] Tecno Camon 50 NFC 8/128GB 8/256GB 12/256GB | 6.78"" | Helio G200 Ultimate | 6150mAh | Garansi Resmi",https://www.tokopedia.com/bintangtimurselindo/tecno-camon-50-nfc-8-128gb-8-256gb-12-256gb-6-78-helio-g200-ultimate-6150mah-garansi-resmi-1736682842163742398-1736683129877726910,Rp4199000,,,5.0,2,bintangtimurselindo,,2026-10-03 09:23:20.222391
Tecno Camon 50 4G,16% Tecno Camon 50 Series Garansi Resmi Indonesia,https://www.tokopedia.com/ponselnesia/tecno-camon-50-series-garansi-resmi-indonesia-1734462944106742951,Rp4214000,Rp4999000,,5.0,21,ponselnesia,,2026-10-03 09:23:20.225501
Tecno Camon 50 4G,"Tecno Camon 50 8/128 GB, 8/256 GB & 12/256 GB MediaTek Helio G200 6.78"" AMOLED 120Hz 6340 mAh 50MP Sony LYTIA 700C | Garansi Resmi Tecno Indonesia 1 Tahun",https://www.tokopedia.com/evogad/tecno-camon-50-8-128-gb-8-256-gb-12-256-gb-mediatek-helio-g200-6-78-amoled-120hz-6340-mah-50mp-sony-lytia-700c-garansi-resmi-tecno-indonesia-1-tahun-1731041615919155192-1735085405339748344,Rp4240000,Rp4599000,,5.0,17,evogad,,2026-10-03 09:23:20.228650
Tecno Camon 50 4G,"14% TECNO CAMON 50 8GB+8GB/128GB, 50MP Sony + 8MP Ultra Wide, 32MP Front Camera, 1.5K 144Hz AMOLED, Mediatek Helio G200 Ultimate , IP69K, 45W Ultra Charging GARANSI RESMI",https://www.tokopedia.com/jm-store88/tecno-camon-50-8gb-8gb-128gb-50mp-sony-8mp-ultra-wide-32mp-front-camera-1-5k-144hz-amoled-mediatek-helio-g200-ultimate-ip69k-45w-ultra-charging-1736502158538540068-1736502367498896420,Rp3878000,Rp4500000,,,,jm-store88,,2026-10-03 09:23:20.232058
Tecno Camon 50 4G,Tecno Camon 50 8/128GB 8/256GB 12/256GB Black Nebula Green Garansi Resmi 1 Tahun,https://www.tokopedia.com/kawan-gadget-store/tecno-camon-50-8-128gb-8-256gb-12-256gb-black-nebula-green-garansi-resmi-1-tahun-1729582440024606382-1736410422968878766,Rp4199000,,,4.9,100+,kawan-gadget-store,,2026-10-03 09:23:20.235313
Tecno Camon 50 4G,TECNO CAMON 50 NFC 12/256 GB - TECNO CAMON 50 NFC 8/256 GB - TECNO CAMON 50 NFC 8/128 GB GARANSI RESMI - MAIN CAMERA 50 MP,https://www.tokopedia.com/angel19/tecno-camon-50-nfc-12-256-gb-tecno-camon-50-nfc-8-256-gb-tecno-camon-50-nfc-8-128-gb-garansi-resmi-main-camera-50-mp-1734468826531399089,Rp4348000,,,,6,angel19,,2026-10-03 09:23:20.238247
Tecno Camon 50 4G,[Special Indah Gadget] Tecno Camon 50 4G RAM 8GB/128GB & 8GB/256GB & 12GB/256GB,https://www.tokopedia.com/indahponsel/special-indah-gadget-tecno-camon-50-4g-ram-8gb-128gb-8gb-256gb-12gb-256gb-1734457778213389901,Rp4504000,Rp4859000,,,,indahponsel,,2026-10-03 09:23:20.241158
Tecno Camon 50 4G,Tecno Camon 50 8/256GB 12/256GB,https://www.tokopedia.com/myfon-teleshop/tecno-camon-50-8-128gb-8-256gb-12-256gb-1734441095937164933-1737793709800982149,Rp4120000,Rp4599000,,5.0,1rb+,myfon-teleshop,,2026-10-03 09:23:20.244251
Tecno Camon 50 Pro 4G,( Special Creator ) Tecno Camon 50 Pro ( 12/512 12/256 8/256 ) Garansi Resmi,https://www.tokopedia.com/ini-toko-budi-shop/tecno-pova-5-8-256-garansi-resmi-tecno-indonesia-1737683214948271591,Rp5398000,Rp5399000,,5.0,1rb+,ini-toko-budi-shop,,2026-10-03 09:18:55.893473
Tecno Camon 50 Pro 4G,Tecno Camon 50 Pro ( 8/256 12/256 ) Garansi Resmi New,https://www.tokopedia.com/ini-toko-budi-shop/tecno-camon-40-pro-8-256-garansi-resmi-new-1730815310540211687-1737683215543928295,Rp5324000,Rp5325000,,4.9,2rb+,ini-toko-budi-shop,,2026-10-03 09:18:55.896809
Tecno Camon 50 Pro 4G,Tecno Camon 50 Pro 8/256 BNIB Resmi,https://www.tokopedia.com/ikiwphone/tecno-camon-50-pro-8-256-bnib-resmi-1737557917508207859,Rp5100000,,,,,ikiwphone,,2026-10-03 09:18:55.899313
Tecno Camon 50 Pro 4G,12% ( Premium ) Tecno Camon 50 Pro ( 8/256 12/256 ) Garansi Resmi New,https://www.tokopedia.com/ini-toko-budi-shop/premium-tecno-camon-50-pro-8-256-12-256-garansi-resmi-new-1736690329510184423-1737683251913000423,Rp5014240,Rp5699000,,,7,ini-toko-budi-shop,,2026-10-03 09:18:55.902544
Tecno Camon 50 Pro 4G,tecno Camon 50 pro 12/256 second garansi resmi indonesia,https://www.tokopedia.com/mlc-store-memberlutficell/tecno-camon-50-pro-12-256-second-garansi-resmi-indk-1737051317122598079-1737051460420338879,Rp4799000,,,,2,mlc-store-memberlutficell,,2026-10-03 09:18:55.904936
Tecno Camon 50 Pro 4G,tecno camon 50 pro/tecno camon 50,https://www.tokopedia.com/canggih-poll/tecno-camon-50-pro-tecno-camon-50-1736459493525849630,Rp3974000,Rp3999000,,,,canggih-poll,,2026-10-03 09:18:55.907370
Tecno Camon 50 Pro 4G,Tecno Camon 50 Pro 8GB/256GB | 12GB/256GB,https://www.tokopedia.com/databaseid/tecno-camon-50-pro-8gb-256gb-12gb-256gb-1735688366808598219-1735688364734777035,Rp5799000,,,,,databaseid,,2026-10-03 09:18:55.910067
Tecno Camon 50 Pro 4G,61% Ponsel Camon 50Pro 16GB+1TB HP Murah Handphone Baru Harga Rendah COD Cicilan 0% Garansi Resmi,https://www.tokopedia.com/diqwhdhqwdshop/hot-sale-s-26-ultra-smartphone-7-5-inch-8000mah-baterai-super-fast-16gb-1tb-hp-flagship-murah-bisa-cod-cicilan-0-1737333420661311205-1737333379749611237,Rp1430910,Rp3669000,,,1,diqwhdhqwdshop,,2026-10-03 09:18:55.912638
Tecno Camon 50 Pro 4G,[COD Murah] Camon 50 Pro 2026 New HP Dengan Kualitas 5G & Bluetooth Diskon Super Garansi 12 Bulan,https://www.tokopedia.com/songketspot79/camo-40pro-2026-new-hp-16gb-1tb-memori-4g-5g-wifi-dual-card-sim-bluetooth-cuci-gudang-1736434521997411892-1736434613403354676,Rp4090000,,,,,songketspot79,,2026-10-03 09:18:55.915114
Tecno Camon Air,"TECNO POVA 8 PRO 5G 8+8GB*/256GB TONINO LAMBORGHINI LIMITED EDITION, Dual Gaming Chipset Mediatek D7400 Ultimate 5G + P1 Graphic Chip up to 144 FPS, IP69K, Android 16 - HiOS 16  - POVA8PRO",https://www.tokopedia.com/tecnoofficialstore/coming-soon-pova-8-pro-5g-8-8gb-256gb-lamborghini-edition-1737093105534600267-1737093062063129675,Rp6399000,Rp6799000,,4.9,100+,tecnoofficialstore,,2026-10-01 06:46:37.081393
Tecno Camon Air,38% TECNO CAMON 50 CN5 8GB/256GB & 12GB/256GB GARANSI RESMI - SMARTPHON/PONSEL,https://www.tokopedia.com/mahkota-accessories/tecno-camon-40-pro-5g-8gb-256gb-garansi-resmi-smartphone-ponsel-1734283200612238540-1736749564650685644,Rp4355000,Rp7000000,,4.8,22,mahkota-accessories,,2026-10-01 06:46:37.086809
Tecno Camon Air,"[SUPERZOOM FLASHSNAP] TECNO CAMON 50 8GB+8GB*/128GB, 50MP Sony + 8MP Ultra Wide, 32MP Front Camera, 1.5K 144Hz AMOLED, Mediatek Helio G200 Ultimate , IP69K, 45W Ultra Charging, camon50",https://www.tokopedia.com/tecnoofficialstore/new-superzoom-flashsnap-tecno-camon-50-8gb-8gb-128gb-50mp-sony-8mp-ultra-wide-32mp-front-camera-1-5k-144hz-amoled-mediatek-helio-g200-ultimate-ip69k-45w-ultra-charging-camon50-1734382406801785931-1737528499791103051,Rp4448000,Rp4758000,,4.9,5rb+,tecnoofficialstore,,2026-10-01 06:46:37.089125
Tecno Camon Air,"16% [5x SUPERZOOM FLASHSNAP] TECNO CAMON 50 PRO 5G 8GB+8GB*/256GB, 50MP Sony LYT-700C, 50MP 3x Telephoto Camera, MediaTek Dimensity 7400 Ultimate 5G, IP69K, 6500mAh, Android 16, camon50pro",https://www.tokopedia.com/tecnoofficialstore/new-5x-superzoom-flashsnap-tecno-camon-50-pro-5g-8gb-8gb-256gb-50mp-sony-lyt-700c-50mp-3x-telephoto-camera-mediatek-dimensity-7400-ultimate-5g-ip69k-6500mah-android-16-camon50pro-1734382433230947403-1737520479705793611,Rp5899000,Rp7000000,,4.9,2rb+,tecnoofficialstore,,2026-10-01 06:46:37.091423
Tecno Camon Air,Tecno Camon 50 Pro 5G 8/256GB 12/256GB 12/512GB,https://www.tokopedia.com/myfon-teleshop/tecno-camon-40-pro-5g-8-256gb-12-256gb-garansi-resmi-tecno-indonesia-1731418975294883461-1737750078841652869,Rp5694000,Rp5699000,,4.9,1rb+,myfon-teleshop,,2026-10-01 06:46:37.095082
Tecno Camon Air,[Promo] Tecno Spark Go 3 ( Go3 ) 4/64GB 4/128GB,https://www.tokopedia.com/myfon-teleshop/exclusive-creator-tecno-pova-7-curve-5g-8-256gb-garansi-resmi-tecno-indonesia-1732108351035639429-1737677761579812485,Rp2194000,Rp2199000,,5.0,30+,myfon-teleshop,,2026-10-01 06:46:37.097219
Tecno Camon Air,Tecno Camon 50 NFC AMOLED [8/128 GB] [8/256 GB] [12/256 GB] - Garansi Resmi,https://www.tokopedia.com/duniagadgetku/tecno-camon-50-nfc-amoled-8-128-gb-8-256-gb-12-256-gb-garansi-resmi-1734434681506334523-1736521597616031547,Rp4218500,Rp4219000,,5.0,500+,duniagadgetku,,2026-10-01 06:46:37.099212
Tecno Camon Air,"25% NEW LAUNCH HONOR X6c 6GB+256GB (Moonlight White / Midnight Black) - Storage Luas 256GB, 50MP , 5300mAh 35W Fitur Magic Capsule, Desain Stylish & Modern, Smartphone Handal Value for Money",https://www.tokopedia.com/honor-official-store/new-launch-honor-x6c-5300-mah-baterai-besar-6gb-256gb-50-mp-kamera-utama-5-mp-kamera-selfie-ai-button-creation-1736085646690650035-1736086159122859955,Rp2999000,Rp3999000,,5.0,19,honor-official-store,,2026-10-01 06:46:37.101414
Tecno Camon Air,"[5G Series] TECNO POVA Curve 5G - 8+8GB*/256GB, 5500mAh + Bypass Charging 2.0 , Mediatek D7300 Ultimate 5G, 6,78"" Curved AMOLED Display , 64MP Primary Camera, Android 15 - HiOS 15 - POVACurve",https://www.tokopedia.com/tecnoofficialstore/5g-series-tecno-pova-curve-5g-8-8gb-256gb-5500mah-bypass-charging-2-0-mediatek-d7300-ultimate-5g-6-78-curved-amoled-display-64mp-primary-camera-android-15-hios-15-povacurve-1731900209452713035,Rp4499000,Rp4999000,,4.9,2rb+,tecnoofficialstore,,2026-10-01 06:46:37.103674
Tecno Camon Slim,"[SUPERZOOM FLASHSNAP] TECNO CAMON 50 8GB+8GB*/128GB, 50MP Sony + 8MP Ultra Wide, 32MP Front Camera, 1.5K 144Hz AMOLED, Mediatek Helio G200 Ultimate , IP69K, 45W Ultra Charging, camon50",https://www.tokopedia.com/tecnoofficialstore/new-superzoom-flashsnap-tecno-camon-50-8gb-8gb-128gb-50mp-sony-8mp-ultra-wide-32mp-front-camera-1-5k-144hz-amoled-mediatek-helio-g200-ultimate-ip69k-45w-ultra-charging-camon50-1734382406801785931-1737528499791103051,Rp4448000,Rp4758000,,4.9,5rb+,tecnoofficialstore,,2026-10-01 06:51:03.216161
Tecno Camon Slim,38% TECNO CAMON 50 CN5 8GB/256GB & 12GB/256GB GARANSI RESMI - SMARTPHON/PONSEL,https://www.tokopedia.com/mahkota-accessories/tecno-camon-40-pro-5g-8gb-256gb-garansi-resmi-smartphone-ponsel-1734283200612238540-1736749564650685644,Rp4355000,Rp7000000,,4.8,22,mahkota-accessories,,2026-10-01 06:51:03.219450
Tecno Camon Slim,"TECNO POVA 8 PRO 5G 8+8GB*/256GB TONINO LAMBORGHINI LIMITED EDITION, Dual Gaming Chipset Mediatek D7400 Ultimate 5G + P1 Graphic Chip up to 144 FPS, IP69K, Android 16 - HiOS 16  - POVA8PRO",https://www.tokopedia.com/tecnoofficialstore/coming-soon-pova-8-pro-5g-8-8gb-256gb-lamborghini-edition-1737093105534600267-1737093062063129675,Rp6399000,Rp6799000,,4.9,100+,tecnoofficialstore,,2026-10-01 06:51:03.221933
Tecno Camon Slim,Tecno Camon 50 Pro 5G 8/256GB 12/256GB 12/512GB,https://www.tokopedia.com/myfon-teleshop/tecno-camon-40-pro-5g-8-256gb-12-256gb-garansi-resmi-tecno-indonesia-1731418975294883461-1737750078841652869,Rp5694000,Rp5699000,,4.9,1rb+,myfon-teleshop,,2026-10-01 06:51:03.224028
Tecno Camon Slim,"22% [SUPERZOOM FLASHSNAP] TECNO CAMON 50 8GB+8GB*/256GB, 50MP Sony + 8MP Ultra Wide, 32MP Front Camera, 1.5K 144Hz AMOLED, Mediatek Helio G200 Ultimate , IP69K, 45W Ultra Charging, camon50",https://www.tokopedia.com/tecnoofficialstore/new-superzoom-flashsnap-tecno-camon-50-8gb-8gb-256gb-50mp-sony-8mp-ultra-wide-32mp-front-camera-1-5k-144hz-amoled-mediatek-helio-g200-ultimate-ip69k-45w-ultra-charging-camon50-1734382732534187083-1737528500079854667,Rp4699000,Rp6000000,,4.9,1rb+,tecnoofficialstore,,2026-10-01 06:51:03.226109
Tecno Camon Slim,"16% [5x SUPERZOOM FLASHSNAP] TECNO CAMON 50 PRO 5G 8GB+8GB*/256GB, 50MP Sony LYT-700C, 50MP 3x Telephoto Camera, MediaTek Dimensity 7400 Ultimate 5G, IP69K, 6500mAh, Android 16, camon50pro",https://www.tokopedia.com/tecnoofficialstore/new-5x-superzoom-flashsnap-tecno-camon-50-pro-5g-8gb-8gb-256gb-50mp-sony-lyt-700c-50mp-3x-telephoto-camera-mediatek-dimensity-7400-ultimate-5g-ip69k-6500mah-android-16-camon50pro-1734382433230947403-1737520479705793611,Rp5899000,Rp7000000,,4.9,2rb+,tecnoofficialstore,,2026-10-01 06:51:03.229404
Tecno Camon Slim,Tecno Camon 50 NFC AMOLED [8/128 GB] [8/256 GB] [12/256 GB] - Garansi Resmi,https://www.tokopedia.com/duniagadgetku/tecno-camon-50-nfc-amoled-8-128-gb-8-256-gb-12-256-gb-garansi-resmi-1734434681506334523-1736521597616031547,Rp4218500,Rp4219000,,5.0,500+,duniagadgetku,,2026-10-01 06:51:03.231798
Tecno Camon Slim,[SPECIAL CREATOR] TECNO CAMON 50 8/128 GB 8/256 GB 12/256 GB Garansi Resmi,https://www.tokopedia.com/digitalcellulargroupos/special-creator-tecno-camon-50-8-128-gb-8-256-gb-12-256-gb-garansi-resmi-1734437220179149969,Rp4325000,Rp4800000,,5.0,70+,digitalcellulargroupos,,2026-10-01 06:51:03.234381
Tecno Camon Slim,"TECNO POVA 8 PRO 5G 8+8GB*/256GB, Dual Gaming Chipset Mediatek D7400 Ultimate 5G + P1 Graphic Chip up to 144 FPS, 50MP Sony’s LYT 700C Main Camera with OIS, 8MP Ultra Wide, 1.5K 144Hz HyperLux AMOLED Display, IP69K, Android 16 - HiOS 16  - POVA8PRO",https://www.tokopedia.com/tecnoofficialstore/coming-soon-pova-8-pro-5g-1737093007226209355-1737093069172933707,Rp6099000,Rp6499000,,4.9,100+,tecnoofficialstore,,2026-10-01 06:51:03.236536
Tecno Camon Slim,TECNO Pova Slim 5G 256GB Beacukai,https://www.tokopedia.com/j-gadget21cell/tecno-pova-slim-5g-256gb-beacukai-1737300334611629110,Rp6825000,Rp6850000,,,,j-gadget21cell,,2026-10-01 06:51:03.238785
Tecno Camon Slim 4G,"[SUPERZOOM FLASHSNAP] TECNO CAMON 50 8GB+8GB*/128GB, 50MP Sony + 8MP Ultra Wide, 32MP Front Camera, 1.5K 144Hz AMOLED, Mediatek Helio G200 Ultimate , IP69K, 45W Ultra Charging, camon50",https://www.tokopedia.com/tecnoofficialstore/new-superzoom-flashsnap-tecno-camon-50-8gb-8gb-128gb-50mp-sony-8mp-ultra-wide-32mp-front-camera-1-5k-144hz-amoled-mediatek-helio-g200-ultimate-ip69k-45w-ultra-charging-camon50-1734382406801785931-1737528499791103051,Rp4448000,Rp4758000,,4.9,5rb+,tecnoofficialstore,,2026-10-01 07:04:38.847202
Tecno Camon Slim 4G,Tecno Camon 50 NFC AMOLED [8/128 GB] [8/256 GB] [12/256 GB] - Garansi Resmi,https://www.tokopedia.com/duniagadgetku/tecno-camon-50-nfc-amoled-8-128-gb-8-256-gb-12-256-gb-garansi-resmi-1734434681506334523-1736521597616031547,Rp4218500,Rp4219000,,5.0,500+,duniagadgetku,,2026-10-01 07:04:38.850499
Tecno Camon Slim 4G,38% TECNO CAMON 50 CN5 8GB/256GB & 12GB/256GB GARANSI RESMI - SMARTPHON/PONSEL,https://www.tokopedia.com/mahkota-accessories/tecno-camon-40-pro-5g-8gb-256gb-garansi-resmi-smartphone-ponsel-1734283200612238540-1736749564650685644,Rp4355000,Rp7000000,,4.8,22,mahkota-accessories,,2026-10-01 07:04:38.852916
Tecno Camon Slim 4G,TECNO Pova Slim 5G 256GB Beacukai,https://www.tokopedia.com/j-gadget21cell/tecno-pova-slim-5g-256gb-beacukai-1737300334611629110,Rp6825000,Rp6850000,,,,j-gadget21cell,,2026-10-01 07:04:38.855418
Tecno Camon Slim 4G,[Special Indah Gadget] Tecno Camon 50 4G RAM 8GB/128GB & 8GB/256GB & 12GB/256GB,https://www.tokopedia.com/indahponsel/special-indah-gadget-tecno-camon-50-4g-ram-8gb-128gb-8gb-256gb-12gb-256gb-1734457778213389901,Rp4504000,Rp4859000,,,,indahponsel,,2026-10-01 07:04:38.857908
Tecno Camon Slim 4G,"14% TECNO CAMON 50 8GB+8GB/128GB, 50MP Sony + 8MP Ultra Wide, 32MP Front Camera, 1.5K 144Hz AMOLED, Mediatek Helio G200 Ultimate , IP69K, 45W Ultra Charging GARANSI RESMI",https://www.tokopedia.com/jm-store88/tecno-camon-50-8gb-8gb-128gb-50mp-sony-8mp-ultra-wide-32mp-front-camera-1-5k-144hz-amoled-mediatek-helio-g200-ultimate-ip69k-45w-ultra-charging-1736502158538540068-1736502367498896420,Rp3878000,Rp4500000,,,,jm-store88,,2026-10-01 07:04:38.860292
Tecno Camon Slim 4G,[SPECIAL CREATOR] TECNO CAMON 50 8/128 GB 8/256 GB 12/256 GB Garansi Resmi,https://www.tokopedia.com/digitalcellulargroupos/special-creator-tecno-camon-50-8-128-gb-8-256-gb-12-256-gb-garansi-resmi-1734437220179149969,Rp4325000,Rp4800000,,5.0,70+,digitalcellulargroupos,,2026-10-01 07:04:38.864363
Tecno Camon Slim 4G,"22% [SUPERZOOM FLASHSNAP] TECNO CAMON 50 8GB+8GB*/256GB, 50MP Sony + 8MP Ultra Wide, 32MP Front Camera, 1.5K 144Hz AMOLED, Mediatek Helio G200 Ultimate , IP69K, 45W Ultra Charging, camon50",https://www.tokopedia.com/tecnoofficialstore/new-superzoom-flashsnap-tecno-camon-50-8gb-8gb-256gb-50mp-sony-8mp-ultra-wide-32mp-front-camera-1-5k-144hz-amoled-mediatek-helio-g200-ultimate-ip69k-45w-ultra-charging-camon50-1734382732534187083-1737528500079854667,Rp4699000,Rp6000000,,4.9,1rb+,tecnoofficialstore,,2026-10-01 07:04:38.866737
Tecno Camon Slim 4G,"TECNO POVA 8 PRO 5G 8+8GB*/256GB TONINO LAMBORGHINI LIMITED EDITION, Dual Gaming Chipset Mediatek D7400 Ultimate 5G + P1 Graphic Chip up to 144 FPS, IP69K, Android 16 - HiOS 16  - POVA8PRO",https://www.tokopedia.com/tecnoofficialstore/coming-soon-pova-8-pro-5g-8-8gb-256gb-lamborghini-edition-1737093105534600267-1737093062063129675,Rp6399000,Rp6799000,,4.9,100+,tecnoofficialstore,,2026-10-01 07:04:38.869181
Tecno Megapad Pro,66% Official itel VistaTab 30 GT RAM 12*(6+6)+128GB Helio G99 Ultimate include stylus & keyboard Slot SIM Card UFS Storage - 7000mAh,https://www.tokopedia.com/itel-official-store/official-itel-vistatab-30-gt-ram-12-6-6-128gb-helio-g99-ultimate-include-stylus-keyboard-slot-sim-card-ufs-storage-7000mah-1731882710835103732-1736870848409733108,Rp3049000,Rp8999000,,4.9,2rb+,itel-official-store,,2026-10-03 09:40:37.977186
Tecno Megapad Pro,"32% Lenovo Motorola Moto Pad Neo 60 || MediaTek Dimensity 6300 / 4GB / 128GB / 11"" 2.5K Touch / Android 15",https://www.tokopedia.com/lenovo-authorized-jaktim/lenovo-motorola-moto-pad-neo-60-mediatek-dimensity-6300-4gb-128gb-11-2-5k-touch-android-15-1733102154385753687-1735911091776226903,Rp3199000,Rp4699000,,4.6,19,lenovo-authorized-jaktim,,2026-10-03 09:40:37.980859
Tecno Megapad Pro,Xiaomi Pad 7 wifi  8/256 garansi resmi indonesia..,https://www.tokopedia.com/usb-shop/xiaomi-pad-7-wifi-8-256-garansi-resmi-indonesia-1731417495130703317,Rp5499000,,,,7,usb-shop,,2026-10-03 09:40:37.984397
Tecno Megapad Pro,42% [CO3] INFINIX XPAD 20 PRO 8GB 256GB Garansi Resmi,https://www.tokopedia.com/agresid/infinix-xpad20-pro-8gb-256gb-garansi-resmi-1734425652387873859-1736937087682380867,Rp4221970,Rp7299000,,5.0,14,agresid,,2026-10-03 09:40:37.986976
Tecno Megapad Pro,54% [RAM LEBIH BESAR] (FREE KEYBOARD + STYLUS PEN) ADVAN Tablet Sketsa 3 8GB/128GB 10.1” Inci HD IPS Dual SIM Card 4G LTE WiFi Bluetooth Tiger T606 Android,https://www.tokopedia.com/advanstore/ram-lebih-besar-free-keyboard-stylus-pen-advan-tablet-sketsa-3-8gb-128gb-10-1-inci-hd-ips-dual-sim-card-4g-lte-wifi-bluetooth-tiger-t606-android-1733193461237319527,Rp2999000,Rp6499000,,4.8,100+,advanstore,,2026-10-03 09:40:37.989445
Tecno Megapad SE,Tecno Megapad SE Ram 4/128GB (Qualcomm Snapdragon 685 11inch Eye Care FHD+ ) Garansi Resmi Indonesia,https://www.tokopedia.com/spideronlineshop/tecno-megapad-11-se-ram-4-128gb-qualcomm-snapdragon-685-11inch-eye-care-fhd-garansi-resmi-indonesia-1735084195884139525-1735084163989406725,Rp3015000,Rp3035000,,,1,spideronlineshop,,2026-10-03 09:36:50.631030
Tecno Megapad SE,Tecno Megapad SE 4/128GB 11'' 4G LTE Blue Grey,https://www.tokopedia.com/putra-group/tecno-megapad-se-4-128gb-11-4g-lte-blue-grey-1734364513391707136-1735655309436683264,Rp2999000,,,5.0,9,putra-group,,2026-10-03 09:36:50.636973
Tecno Megapad SE,[Special Creators] TECNO MEGAPAD SE 4GB/128GB 8GB/256GB - Garansi Resmi Nasional,https://www.tokopedia.com/indahponsel/special-creators-tecno-megapad-se-4gb-128gb-8gb-256gb-garansi-resmi-nasional-1736465713167042125-1736465609410905677,Rp3709000,,,,,indahponsel,,2026-10-03 09:36:50.639929
Tecno Megapad SE,54% Tecno Megapad 2 4G 8/256GB 6/128GB Helio G99 | Megapad SE 2 4/128GB G88 Garansi Resmi,https://www.tokopedia.com/digitechmall/tecno-megapad-11-lte-8-256gb-8-128gb-garansi-resmi-mediatek-g99-11-inch-fhd-1731123434716038771-1737474906566592115,Rp3222000,Rp6999000,,4.9,750+,digitechmall,,2026-10-03 09:36:50.642597
Tecno Megapad SE,18% Tecno Megapad SE 2 4G 4/128GB Megapad SE 4G 4/128GB,https://www.tokopedia.com/myfon-teleshop/tecno-megapad-se-4-128gb-garansi-resmi-tecno-indonesia-1734363591923828357-1736456981113702021,Rp2795000,Rp3399000,,5.0,50+,myfon-teleshop,,2026-10-03 09:36:50.645631
Tecno Megapad SE,Tecno Megapad 11 SE  ( 4/128Gb 8/256Gb ) Garansi Resmi Tecno,https://www.tokopedia.com/ini-toko-budi-shop/tecno-megapad-11-se-4-128gb-garansi-resmi-tecno-1730069130601465319-1737683262580360679,Rp2874000,Rp2875000,,4.8,1rb+,ini-toko-budi-shop,,2026-10-03 09:36:50.648362
Tecno Megapad SE,[SPECIAL CREATOR] Tecno Megapad SE 4GB 128GB Qualcomm Snapdragon Ips 90Hz - Garansi Resmi,https://www.tokopedia.com/laptopgrosirid/special-creator-tecno-megapad-se-4gb-128gb-qualcomm-snapdragon-ips-90hz-garansi-resmi-1737391466507699529-1737391488823035209,Rp2968490,Rp2978490,,,,laptopgrosirid,,2026-10-03 09:36:50.651214
Tecno Pop X,"TECNO SPARK Go 3 4GB+4GB*/64GB, IP64, 6.75"" HD+, 120Hz Smooth Display, 5000mAh, 15W* Charging, TECNO AI - sparkgo3",https://www.tokopedia.com/tecnoofficialstore/new-tecno-spark-go-3-4gb-4gb-64gb-ip64-6-75-hd-120hz-smooth-display-5000mah-15w-charging-tecno-ai-sparkgo3-1734122089035433035-1735657216225281099,Rp2199000,Rp2399000,,4.9,9rb+,tecnoofficialstore,,2026-10-03 08:28:04.295815
Tecno Pop X,19% [Promo] Tecno Spark Go 3 ( Go3 ) 4/64GB 4/128GB,https://www.tokopedia.com/myfon-teleshop/exclusive-creator-tecno-pova-7-curve-5g-8-256gb-garansi-resmi-tecno-indonesia-1732108351035639429-1737677761579812485,Rp1782000,Rp2199000,,5.0,30+,myfon-teleshop,,2026-10-03 08:28:04.298949
Tecno Pop X,52% [ NEW LAUNCH ] Strawberry ST100 | HP Jadul 4G pertama di indonesia | TIKTOK | Youtube | Dual SIM | 2500mAh | Type-C | Garansi 12 Bulan,https://www.tokopedia.com/strawberry-id-store/exstrawberry-st100-hp-jadul-4g-pertama-di-indonesia-tiktok-youtube-dual-sim-2500mah-type-c-garansi-12-bulan-1737462401295418780-1737462373873321372,Rp479900,Rp999999,,4.9,40+,strawberry-id-store,,2026-10-03 08:28:04.301226
Tecno Pop X,"TECNO SPARK Go 3 4GB+4GB*/128GB, IP64, 6.75"" HD+, 120Hz Smooth Display, 5000mAh, 15W* Charging, TECNO AI - sparkgo3",https://www.tokopedia.com/tecnoofficialstore/new-tecno-spark-go-3-4gb-4gb-128gb-ip64-6-75-hd-120hz-smooth-display-5000mah-15w-charging-tecno-ai-sparkgo3-1734122196991509579-1737214127953904715,Rp2399000,Rp2599000,,4.9,5rb+,tecnoofficialstore,,2026-10-03 08:28:04.303554
Tecno Pop X,"Tecno Spark 50 4G 4/128GB 6/128GB 8/128GB | 6.78"" | MediaTek Helio G81 | 7000mAh | Garansi Resmi",https://www.tokopedia.com/bintangtimurselindo/tecno-spark-50-4g-4-128gb-6-128gb-8-128gb-6-78-mediatek-helio-g81-7000mah-garansi-resmi-1735560283585021630-1735560312135124670,Rp2619000,,,4.6,250+,bintangtimurselindo,,2026-10-03 08:28:04.306325
Tecno Pop X,Tecno Techno Spark Go 1 - Ponsel dengan Desain Unik dan Kualitas Terbaik,https://www.tokopedia.com/okis11/tecno-techno-spark-go-1-ponsel-dengan-desain-unik-dan-kualitas-terbaik-1737412662231139451,Rp660000,Rp685000,,,,okis11,,2026-10-03 08:28:04.308906
Tecno Pop X 4G,"TECNO SPARK Go 3 4GB+4GB*/64GB, IP64, 6.75"" HD+, 120Hz Smooth Display, 5000mAh, 15W* Charging, TECNO AI - sparkgo3",https://www.tokopedia.com/tecnoofficialstore/new-tecno-spark-go-3-4gb-4gb-64gb-ip64-6-75-hd-120hz-smooth-display-5000mah-15w-charging-tecno-ai-sparkgo3-1734122089035433035-1735657216225281099,Rp2199000,Rp2399000,,4.9,9rb+,tecnoofficialstore,,2026-10-03 08:33:00.718483
Tecno Pop X 4G,"TECNO SPARK Go 3 4GB+4GB*/128GB, IP64, 6.75"" HD+, 120Hz Smooth Display, 5000mAh, 15W* Charging, TECNO AI - sparkgo3",https://www.tokopedia.com/tecnoofficialstore/new-tecno-spark-go-3-4gb-4gb-128gb-ip64-6-75-hd-120hz-smooth-display-5000mah-15w-charging-tecno-ai-sparkgo3-1734122196991509579-1737214127953904715,Rp2399000,Rp2599000,,4.9,5rb+,tecnoofficialstore,,2026-10-03 08:33:00.722262
Tecno Pop X 4G,52% [ NEW LAUNCH ] Strawberry ST100 | HP Jadul 4G pertama di indonesia | TIKTOK | Youtube | Dual SIM | 2500mAh | Type-C | Garansi 12 Bulan,https://www.tokopedia.com/strawberry-id-store/exstrawberry-st100-hp-jadul-4g-pertama-di-indonesia-tiktok-youtube-dual-sim-2500mah-type-c-garansi-12-bulan-1737462401295418780-1737462373873321372,Rp479900,Rp999999,,4.9,40+,strawberry-id-store,,2026-10-03 08:33:00.725393
Tecno Pop X 4G,19% [Promo] Tecno Spark Go 3 ( Go3 ) 4/64GB 4/128GB,https://www.tokopedia.com/myfon-teleshop/exclusive-creator-tecno-pova-7-curve-5g-8-256gb-garansi-resmi-tecno-indonesia-1732108351035639429-1737677761579812485,Rp1782000,Rp2199000,,5.0,30+,myfon-teleshop,,2026-10-03 08:33:00.729663
Tecno Pop X 4G,43% ZTE NUBIA V80 MAX 6GB/128GB & 8GB/128GB GARANSI RESMI - SMARTPHONE Layar Screen,https://www.tokopedia.com/mahkota-accessories/zte-nubia-v80-max-6gb-128gb-8gb-128gb-garansi-resmi-smartphone-1731381430848488652-1737560348272002252,Rp2183000,Rp3800000,,4.8,750+,mahkota-accessories,,2026-10-03 08:33:00.732945
Tecno Pova 7,GADGET Tecno POVA 7  8/128Gb - 256Gb. Next Level Stylish,https://www.tokopedia.com/olshopbems/gadget-tecno-pova-7-8-128gb-256gb-next-level-stylish-1732854105692407788,Rp1500000,,,,6,olshopbems,,2026-10-03 10:10:15.711252
Tecno Pova 7,Tecno Pova 7 5G 8/256GB & 8/128GB Garansi Resmi,https://www.tokopedia.com/ajn-ponsel-store/tecno-pova-7-5g-8-256gb-8-128gb-garansi-resmi-1733255104858523360,Rp2975000,Rp3000000,,,30+,ajn-ponsel-store,,2026-10-03 10:10:15.714790
Tecno Pova 7,"[NEW PRODUC]TECNO POVA 7-8+8GB*/256GB, 7000mAh + 45W, Mediatek Helio G100 Ultimate, 120Hz Vivid Display, 108MP + 2MP Macro Camera, Android 15-HIOS 15-POVA70 - POVA7 - Geek Black",https://www.tokopedia.com/grand-g-store/new-produc-tecno-pova-7-8-8gb-256gb-7000mah-45w-mediatek-helio-g100-ultimate-120hz-vivid-display-108mp-2mp-macro-camera-android-15-hios-15-pova70-pova7-geek-black-1731763568522856391,Rp2410500,Rp2435500,,,18,grand-g-store,,2026-10-03 10:10:15.717537
Tecno Pova 7,TECNO POVA 7 4G || 8/128 8/256 || Batre besar 7000mAh,https://www.tokopedia.com/gotech00/tecno-pova-7-4g-8-128-8-256-batre-besar-7000mah-1731913382504531265,Rp2120000,Rp2145000,,,14,gotech00,,2026-10-03 10:10:15.720202
Tecno Pova 7,Terlaris ( Special Creator ) Tecno Pova 7 / Pova 7 Curve 4G / 5G ( 8/256Gb 12/256Gb ) Garansi Resmi Tecno - Pova 7 4G 8/128 Black NoBonus.,https://www.tokopedia.com/toko-anita555/terlaris-special-creator-tecno-pova-7-pova-7-curve-4g-5g-8-256gb-12-256gb-garansi-resmi-tecno-pova-7-4g-8-128-black-nobonus-1733220892187395105,Rp1574000,Rp1599000,,,3,toko-anita555,,2026-10-03 10:10:15.722852
Tecno Pova 7,Tecno Pova 7 5G 8/256GB - Produk Resmi Indonesia,https://www.tokopedia.com/goodgameofficial/tecno-pova-7-5g-8-256gb-produk-resmi-indonesia-1735174305769489547-1736538313424929931,Rp3530000,,,5.0,23,goodgameofficial,,2026-10-03 10:10:15.725397
Tecno Pova 7,"[NEW PRODUC]TECNO POVA 7-8+8GB*/128GB, 7000mAh + 45W, Mediatek Helio G100 Ultimate, 120Hz Vivid Display, 108MP + 2MP Macro Camera, Android 15-HIOS 15-POVA70 - POVA7 - Geek Black",https://www.tokopedia.com/grand-g-store/new-produc-tecno-pova-7-8-8gb-128gb-7000mah-45w-mediatek-helio-g100-ultimate-120hz-vivid-display-108mp-2mp-macro-camera-android-15-hios-15-pova70-pova7-geek-black-1731763553175177159,Rp2274500,Rp2299500,,,7,grand-g-store,,2026-10-03 10:10:15.728401
Tecno Pova 7,TECNO POVA 7 5G RAM 8/128 8/256 GARANSI RESMI,https://www.tokopedia.com/sinar-cemerlang-jaya88/tecno-pova-7-5g-ram-8-128-8-256-garansi-resmi-1732034931474073417,Rp3199000,,,5.0,2,sinar-cemerlang-jaya88,,2026-10-03 10:10:15.731552
Tecno Pova 7 Pro,PreOrder Tecno Pova 7 & 7 Pro Garansi Resmi,https://www.tokopedia.com/jooxshop-1/tecno-pova-7-7-pro-garansi-resmi-1731759623757727277,Rp3900009,,,,1,jooxshop-1,,2026-10-03 10:06:19.766666
Tecno Pova 7 Pro,【Barang terlaris】Versi hijau Pova 7 Pro HP Android14 Gaming Ponsel Baru Harga super rendah,https://www.tokopedia.com/nana-rustiana-1/pova-7pro-hp-android14-fast-charging-gaming-ponsel-2026-baru-1737347681060685714-1737347730217863058,Rp3678000,,,,,nana-rustiana-1,,2026-10-03 10:06:19.769894
Tecno Pova 7 Pro,19% [Promo] Tecno Spark Go 3 ( Go3 ) 4/64GB 4/128GB,https://www.tokopedia.com/myfon-teleshop/exclusive-creator-tecno-pova-7-curve-5g-8-256gb-garansi-resmi-tecno-indonesia-1732108351035639429-1737677761579812485,Rp1782000,Rp2199000,,5.0,30+,myfon-teleshop,,2026-10-03 10:06:19.772909
Tecno Pova 7 Pro,"TECNO POVA 8 PRO 5G 8+8GB*/256GB, Dual Gaming Chipset Mediatek D7400 Ultimate 5G + P1 Graphic Chip up to 144 FPS, 50MP Sony’s LYT 700C Main Camera with OIS, 8MP Ultra Wide, 1.5K 144Hz HyperLux AMOLED Display, IP69K, Android 16 - HiOS 16  - POVA8PRO",https://www.tokopedia.com/tecnoofficialstore/coming-soon-pova-8-pro-5g-1737093007226209355-1737093069172933707,Rp6099000,Rp6499000,,4.9,100+,tecnoofficialstore,,2026-10-03 10:06:19.775738
Tecno Pova 7 Pro,( Special Creator ) Tecno Spark 50 ( 8/128 6/128 4/128 ) Garansi Resmi New,https://www.tokopedia.com/ini-toko-budi-shop/special-creator-tecno-spark-40-8-256-6-128-garansi-resmi-new-1730815309812434407-1737683249659217383,Rp2598000,Rp2599000,,5.0,1rb+,ini-toko-budi-shop,,2026-10-03 10:06:19.778445
Tecno Pova 7 Pro,Tecno Spark 40 Pro Plus [8/128 GB] [8/256 GB] Garansi Resmi Tecno Indonesia,https://www.tokopedia.com/duniagadgetku/tecno-spark-40-pro-plus-8-128-gb-8-256-gb-garansi-resmi-tecno-indonesia-1732345091324413755,Rp3898500,Rp3899000,,5.0,100+,duniagadgetku,,2026-10-03 10:06:19.780901
Tecno Pova 7 Ultra,Tecno Pova 7 Ultra 5G 12/256GB Garansi Resmi,https://www.tokopedia.com/ajn-ponsel-store/tecno-pova-7-ultra-5g-12-256gb-garansi-resmi-1733255232292161248,Rp4975000,Rp5000000,,5.0,10,ajn-ponsel-store,,2026-10-03 10:26:06.855733
Tecno Pova 7 Ultra,Tecno Pova 7 Ultra 5G 12/256 - Produk Resmi Indonesia,https://www.tokopedia.com/goodgameofficial/tecno-pova-7-ultra-5g-12-256-produk-resmi-indonesia-1735174685557294219-1735175057940776075,Rp2645000,,,5.0,14,goodgameofficial,,2026-10-03 10:26:06.859692
Tecno Pova 7 Ultra,Tecno Pova 7 Ultra 5G 12/256 - Mediatek Dimensity 8350 Ultimate - Dengan Garansi Resmi Indonesia,https://www.tokopedia.com/unitycellidn/tecno-pova-7-ultra-5g-12-256-1737221098682090521-1737221270527312921,Rp5125000,,,,13,unitycellidn,,2026-10-03 10:26:06.862789
Tecno Pova 7 Ultra,Tecno Pova 7 Ultra 5G 12/256gb Fullset Second Garansi Resmi,https://www.tokopedia.com/phone-store23/tecno-pova-7-ultra-5g-12-256gb-fullset-second-garansi-resmi-1734395801784780600,Rp4550000,,,,,phone-store23,,2026-10-03 10:26:06.865528
Tecno Pova 7 Ultra,POVA 7 ULTRA 5G 12/256GB SEGEL ORIGINAL & BERGARANSI RESMI,https://www.tokopedia.com/gadgedmurah-1/pova-7-ultra-5g-12-256gb-segel-original-bergaransi-resmi-1735397361557145502,Rp5300000,,,,1,gadgedmurah-1,,2026-10-03 10:26:06.868286
Tecno Pova 7 Ultra,Tecno pova 7 ultra ram 12 / 256 resmi unit only,https://www.tokopedia.com/f44i-shop/tecno-pova-7-ultra-ram-12-256-resmi-unit-only-1733247509673641865,Rp3825000,Rp3850000,,5.0,1,f44i-shop,,2026-10-03 10:26:06.870843
Tecno Pova 7 Ultra,Tecno pova 7 ultra ram 12 / 256 resmi bnib segel baru,https://www.tokopedia.com/f44i-shop/tecno-pova-7-ultra-ram-12-256-resmi-full-ori-1-bln-pake-1734058854163122057,Rp5374900,Rp5399900,,,1,f44i-shop,,2026-10-03 10:26:06.873469
Tecno Pova 7 Ultra,TECNO POVA 7 ULTRA - 12/256GB RAM - DIMENSITY 8350 ULTIMATE - REPACK,https://www.tokopedia.com/impostore/tecno-pova-7-ultra-12-256gb-ram-dimensity-8350-ultimate-repack-1733844166744049285,Rp4875000,Rp4900000,,,2,impostore,,2026-10-03 10:26:06.876195
Tecno Pova 7 Ultra,"Promo Tecno POVA 7 Ultra 5G 12/256GB 6.67"" AMOLED 144Hz Garansi Resmi - Black",https://www.tokopedia.com/toko-septisari77/promo-tecno-pova-7-ultra-5g-12-256gb-6-67-amoled-144hz-garansi-resmi-black-1733221179652146686,Rp4479000,Rp4504000,,,1,toko-septisari77,,2026-10-03 10:26:06.878959
Tecno Pova 7 Ultra,"Mall [Andriyadishow] TECNO POVA 7 Ultra 5G 12+12GB*/256GB, 6000mAh, Mediatek D8350 Ultimate, 144Hz 1.5K AMOLED Display, 108MP + 8 MP Ultra Wide Camera, 70W Fast Charge + 30W Wireless Charge, Android 15 - HIOS 15 -POVA7 Ultra 5G",https://www.tokopedia.com/xymgicor08/mall-andriyadishow-tecno-pova-7-ultra-5g-12-12gb-256gb-6000mah-mediatek-d8350-ultimate-144hz-1-5k-amoled-display-108mp-8-mp-ultra-wide-camera-70w-fast-charge-30w-wireless-charge-android-15-hios-15-pova7-ultra-5g-1732251798269232837,Rp1175000,Rp1200000,,,1,xymgicor08,,2026-10-03 10:26:06.881579
Tecno Pova 8,"Tecno Pova 8 5G 6/128GB 8/128GB 8/256GB | 6.76"" | Mediatek Dimensity 7100 | 8000mAh | Garansi Resmi",https://www.tokopedia.com/bintangtimurselindo/tecno-pova-8-5g-6-128gb-8-128gb-8-256gb-6-76-mediatek-dimensity-7100-8000mah-garansi-resmi-1736524580487268030-1736524651210049214,Rp4249000,,,,,bintangtimurselindo,,2026-10-01 07:13:33.737923
Tecno Pova 8,TECNO POVA 8 5G 6/128GB 8/128GB 8/256GB 6.76 Inch 50 MP AF + Alive Matrix Display |Garansi Resmi Tecno Indonesia 1 Tahun,https://www.tokopedia.com/evogad/tecno-pova-8-5g-6-128gb-8-128gb-8-256gb-6-76-inch-50-mp-af-alive-matrix-display-garansi-resmi-tecno-indonesia-1-tahun-1736453730749089784-1736453830591940600,Rp4999000,,,,,evogad,,2026-10-01 07:13:33.741141
Tecno Pova 8,Tecno Pova 8 5G Garansi resmi Tecno Indonesia,https://www.tokopedia.com/komunikasell/tecno-pova-8-5g-garansi-resmi-tecno-indonesia-1736560660759873234-1736560837125441234,Rp4475000,,,,,komunikasell,,2026-10-01 07:13:33.744189
Tecno Pova 8,47% [ TP ] TECNO POVA 8 5G ( 8/256GB ) GARANSI RESMI,https://www.tokopedia.com/digital-electronics-lifestyle/tp-tecno-pova-8-5g-8-256gb-garansi-resmi-1736433812369606164-1736433848740447764,Rp4004000,Rp7500000,,5.0,7,digital-electronics-lifestyle,,2026-10-01 07:13:33.746341
Tecno Pova 8 Pro,"TECNO POVA 8 PRO 5G 8+8GB*/256GB, Dual Gaming Chipset Mediatek D7400 Ultimate 5G + P1 Graphic Chip up to 144 FPS, 50MP Sony’s LYT 700C Main Camera with OIS, 8MP Ultra Wide, 1.5K 144Hz HyperLux AMOLED Display, IP69K, Android 16 - HiOS 16  - POVA8PRO",https://www.tokopedia.com/tecnoofficialstore/coming-soon-pova-8-pro-5g-1737093007226209355-1737093069172933707,Rp6099000,Rp6499000,,4.9,100+,tecnoofficialstore,,2026-10-01 07:00:12.324575
Tecno Pova 8 Pro,"TECNO POVA 8 PRO 5G 8+8GB*/256GB TONINO LAMBORGHINI LIMITED EDITION, Dual Gaming Chipset Mediatek D7400 Ultimate 5G + P1 Graphic Chip up to 144 FPS, IP69K, Android 16 - HiOS 16  - POVA8PRO",https://www.tokopedia.com/tecnoofficialstore/coming-soon-pova-8-pro-5g-8-8gb-256gb-lamborghini-edition-1737093105534600267-1737093062063129675,Rp6399000,Rp6799000,,4.9,100+,tecnoofficialstore,,2026-10-01 07:00:12.328059
Tecno Pova 8 Pro,16% [Promo] Tecno Pova 8 Pro ( Pova8 Pro ) 5G 8/256GB Garansi Resmi,https://www.tokopedia.com/myfon-teleshop/creator-tecno-pova-8-pro-pova8-pro-5g-8-256gb-garansi-resmi-1737530439593854597-1737677795915040389,Rp5394000,Rp6399000,,,,myfon-teleshop,,2026-10-01 07:00:12.331286
Tecno Pova 8 Pro,Tecno Pova 8 Pro 5G Garansi Resmi Indonesia,https://www.tokopedia.com/gadget-boss/tecno-pova-8-pro-5g-garansi-resmi-indonesia-1737414863156250383-1737414862879426319,Rp5999000,,,,,gadget-boss,,2026-10-01 07:00:12.334019
Tecno Pova 8 Pro,"26% [ PROMO ] TECNO POVA 8 PRO 5G ( 8GB / 256GB ) GARANSI RESMI | MediaTek Dimensity 7400 Ultimate 5G | 50MP Sony LYTIA 700C + OIS Ultra-wide 8MP | 6,78"" HyperLux AMOLED",https://www.tokopedia.com/agresponsel/promo-tecno-pova-8-pro-5g-8gb-256gb-garansi-resmi-1737386097982998295-1737386202219120407,Rp5779000,Rp7800000,,,,agresponsel,,2026-10-01 07:00:12.336292
Tecno Pova 8 Pro,TECNO POVA 8 Pro 5G 8/256GB - Garansi Resmi,https://www.tokopedia.com/h2cell/tecno-pova-5-pro-5g-8-256gb-garansi-resmi-silver-fantasy-91c24,Rp5999000,,,4.9,100+,h2cell,,2026-10-01 07:00:12.339161
Tecno Pova 8 Pro,23% [ TP ] TECNO POVA 8 PRO 5G ( 8G/256GB ) GRANSI RESMI,https://www.tokopedia.com/digital-electronics-lifestyle/tp-tecno-pova-8-pro-5g-8g-256gb-gransi-resmi-1737386898018043412-1737386899046434324,Rp5769000,Rp7500000,,,,digital-electronics-lifestyle,,2026-10-01 07:00:12.341661
Tecno Pova 8 Pro,23% [ TP ] TECNO POVA 8 PRO 5G ( 8G/256GB ) GRANSI RESMI,https://www.tokopedia.com/dadriveofficialstore/tp-tecno-pova-8-pro-5g-8g-256gb-gransi-resmi-1737386861288392519-1737386898791499591,Rp5769000,Rp7500000,,,,dadriveofficialstore,,2026-10-01 07:00:12.344123
Tecno Pova Curve 2,19% [Promo] Tecno Spark Go 3 ( Go3 ) 4/64GB 4/128GB,https://www.tokopedia.com/myfon-teleshop/exclusive-creator-tecno-pova-7-curve-5g-8-256gb-garansi-resmi-tecno-indonesia-1732108351035639429-1737677761579812485,Rp1782000,Rp2199000,,5.0,30+,myfon-teleshop,,2026-10-03 09:28:40.273086
Tecno Pova Curve 2,"TECNO POVA 8 PRO 5G 8+8GB*/256GB, Dual Gaming Chipset Mediatek D7400 Ultimate 5G + P1 Graphic Chip up to 144 FPS, 50MP Sony’s LYT 700C Main Camera with OIS, 8MP Ultra Wide, 1.5K 144Hz HyperLux AMOLED Display, IP69K, Android 16 - HiOS 16  - POVA8PRO",https://www.tokopedia.com/tecnoofficialstore/coming-soon-pova-8-pro-5g-1737093007226209355-1737093069172933707,Rp6099000,Rp6499000,,4.9,100+,tecnoofficialstore,,2026-10-03 09:28:40.277368
Tecno Pova Curve 2,ZTE Nubia A76 5G [8/128 GB] Garansi Indonesia,https://www.tokopedia.com/duniagadgetku/zte-nubia-a76-5g-8-128-gb-garansi-indonesia-1734333828422993723,Rp2498500,Rp2499000,,5.0,40+,duniagadgetku,,2026-10-03 09:28:40.279975
Tecno Pova Curve 2,"22% [SUPERZOOM FLASHSNAP] TECNO CAMON 50 8GB+8GB*/256GB, 50MP Sony + 8MP Ultra Wide, 32MP Front Camera, 1.5K 144Hz AMOLED, Mediatek Helio G200 Ultimate , IP69K, 45W Ultra Charging, camon50",https://www.tokopedia.com/tecnoofficialstore/new-superzoom-flashsnap-tecno-camon-50-8gb-8gb-256gb-50mp-sony-8mp-ultra-wide-32mp-front-camera-1-5k-144hz-amoled-mediatek-helio-g200-ultimate-ip69k-45w-ultra-charging-camon50-1734382732534187083-1737528500079854667,Rp4699000,Rp6000000,,4.9,1rb+,tecnoofficialstore,,2026-10-03 09:28:40.282613
Tecno Pova Curve 2,Tecno Camon 50 Pro 5G 8/256GB 12/256GB 12/512GB,https://www.tokopedia.com/myfon-teleshop/tecno-camon-40-pro-5g-8-256gb-12-256gb-garansi-resmi-tecno-indonesia-1731418975294883461-1737750078841652869,Rp5395000,Rp5699000,,4.9,1rb+,myfon-teleshop,,2026-10-03 09:28:40.285037
Tecno Pova Curve 2,20% ITEL SUPER 26 ULTRA - T7300 Ultra Gaming Processor - Corning Gorilla 7i - IP65 - 3D Curved Amoled Screen- 32MP Selfie Camera - 6000mAH,https://www.tokopedia.com/itel-official-store/itel-super-26-ultra-t7300-ultra-gaming-processor-corning-gorilla-7i-ip65-3d-curved-amoled-screen-32mp-selfie-camera-6000mah-1732321706642081780-1736867473932060660,Rp3199000,Rp3999000,,4.8,5rb+,itel-official-store,,2026-10-03 09:28:40.287596
Tecno Spark 40,PreOrder Tecno spark 40 6/128 Ex display,https://www.tokopedia.com/jatiphone/tecno-spark-40-6-128-ex-display-1737490770137941596,Rp1949000,,,,,jatiphone,,2026-10-03 09:52:56.768112
Tecno Spark 40,Tecno Spark 40 6/128 8/256 GB Garansi Resmi Indonesia,https://www.tokopedia.com/waloh/oppo-a17-4-per-64-gb-garansi-resmi-indonesia-1735472359073219712,Rp2495000,,,4.9,100+,waloh,,2026-10-03 09:52:56.772788
Tecno Spark 40,Tecno Spark 40 Ram 6/128GB | Ram 8/256GB,https://www.tokopedia.com/mutiaraflasher/tecno-spark-40-ram-6-128gb-ram-8-256gb-1735282036099155445-1735282653105063413,Rp2050000,,,5.0,6,mutiaraflasher,,2026-10-03 09:52:56.775859
Tecno Spark 40,Tecno Spark 40 [6/128GB] Garansi Resmi,https://www.tokopedia.com/london-gadget-store/tecno-spark-40-6-128gb-garansi-resmi-1735380409298290469-1735381828327147301,Rp2274000,Rp2299000,,,1,london-gadget-store,,2026-10-03 09:52:56.778452
Tecno Spark 40,TECNO SPARK 40 NEW RESMI BERGARANSI,https://www.tokopedia.com/gedank-pusat-probolinggo/tecno-spark-40-new-resmi-bergaransi-1733913843419613017,Rp1874000,Rp1899000,,,,gedank-pusat-probolinggo,,2026-10-03 09:52:56.780601
Tecno Spark 40,Tecno spark 40 NFC Ram 8Gb+8Gb/Rom 256Gb,https://www.tokopedia.com/putripc/tecno-spark-40-nfc-ram-8gb-8gb-rom-256gb-1733680581610276162,Rp2306000,Rp2331000,,,,putripc,,2026-10-03 09:52:56.782792
Tecno Spark 40,Tecno Spark 40 NFC 6/128GB Second Resmi,https://www.tokopedia.com/gadget-pin-store/infinix-note-40-bmw-8-256gb-second-resmi-berkualitas-1729954234490586448,Rp2150000,,,5.0,2,gadget-pin-store,,2026-10-03 09:52:56.785267
Tecno Spark 40,TECNO SPARK 40 6/128GB SECOND FULLSET BERGARANSI,https://www.tokopedia.com/bukitphonecell/tecno-spark-40-6-128gb-second-fullset-bergaransi-1737517702718064571,Rp2600000,,,,,bukitphonecell,,2026-10-03 09:52:56.787579
Tecno Spark 40 4G,Tecno Spark 40 6/128 8/256 GB Garansi Resmi Indonesia,https://www.tokopedia.com/waloh/oppo-a17-4-per-64-gb-garansi-resmi-indonesia-1735472359073219712,Rp2495000,,,4.9,100+,waloh,,2026-10-03 10:22:28.005844
Tecno Spark 40 4G,PreOrder Tecno spark 40 6/128 Ex display,https://www.tokopedia.com/jatiphone/tecno-spark-40-6-128-ex-display-1737490770137941596,Rp1949000,,,,,jatiphone,,2026-10-03 10:22:28.012588
Tecno Spark 40 4G,TECNO SPARK 40 NEW RESMI BERGARANSI,https://www.tokopedia.com/gedank-pusat-probolinggo/tecno-spark-40-new-resmi-bergaransi-1733913843419613017,Rp1874000,Rp1899000,,,,gedank-pusat-probolinggo,,2026-10-03 10:22:28.016349
Tecno Spark 40 4G,Tecno Spark 40 Ram 6/128GB | Ram 8/256GB,https://www.tokopedia.com/mutiaraflasher/tecno-spark-40-ram-6-128gb-ram-8-256gb-1735282036099155445-1735282653105063413,Rp2050000,,,5.0,6,mutiaraflasher,,2026-10-03 10:22:28.019100
Tecno Spark 40 4G,Tecno Spark 40 [6/128GB] Garansi Resmi,https://www.tokopedia.com/london-gadget-store/tecno-spark-40-6-128gb-garansi-resmi-1735380409298290469-1735381828327147301,Rp2274000,Rp2299000,,,1,london-gadget-store,,2026-10-03 10:22:28.021306
Tecno Spark 40 4G,Techno Spark 40 Garansi ON RAM/ROM 6+6/128 NFC 45W 120Hz IP64 Smartphone Terbaru,https://www.tokopedia.com/al-muztaz/techno-spark-40-garansi-on-ram-rom-6-6-128-nfc-45w-120hz-ip64-smartphone-terbaru-1734592701571892419,Rp1775000,Rp1800000,,,,al-muztaz,,2026-10-03 10:22:28.023717
Tecno Spark 40 4G,TECHNO SPARK 40 4G ORIGINAL,https://www.tokopedia.com/micaponsel/techno-spark-40-4g-original-1735680774255772679-1735680843570840583,Rp1964000,Rp1989000,,,,micaponsel,,2026-10-03 10:22:28.026157
Tecno Spark 40 4G,TECNO SPARK 40 ram 6/128GB seken,https://www.tokopedia.com/andikcuss/tecno-spark-40-ram-6-128gb-seken-1734507154914772595,Rp1674990,Rp1699990,,,,andikcuss,,2026-10-03 10:22:28.028559
Tecno Spark 40 Pro+,Tecno Spark 40 Pro Plus [8/128 GB] [8/256 GB] Garansi Resmi Tecno Indonesia,https://www.tokopedia.com/duniagadgetku/tecno-spark-40-pro-plus-8-128-gb-8-256-gb-garansi-resmi-tecno-indonesia-1732345091324413755,Rp3898500,Rp3899000,,5.0,100+,duniagadgetku,,2026-10-03 10:14:41.619108
Tecno Spark 40 Pro+,TECNO SPARK 40 PRO PLUS [ SPARK 40 PRO+ ] 8/256 8/128 GB RAM 8GB ROM 256GB 128GB GARANSI RESMI,https://www.tokopedia.com/gudangponsel2/tecno-spark-40-pro-plus-spark-40-pro-8-256-8-128-gb-ram-8gb-rom-256gb-128gb-garansi-resmi-1732273035562878743,Rp2745000,Rp2770000,,4.8,100+,gudangponsel2,,2026-10-03 10:14:41.625845
Tecno Spark 40 Pro+,tecno spark 40 pro PLUS 8/256gb garansi 2027,https://www.tokopedia.com/yudeyyy/tecno-spark-40-pro-plus-8-256gb-garansi-2027-1737682259419104512,Rp3150000,,,,,yudeyyy,,2026-10-03 10:14:41.628912
Tecno Spark 40 Pro+,TECNO SPARK 40 PRO PLUS 8/128 & 8/256GB Resmi,https://www.tokopedia.com/megacellbandung/tecno-spark-40-pro-plus-8-128-8-256gb-resmi-1734199550548018409,Rp3024000,Rp3049000,,5.0,2,megacellbandung,,2026-10-03 10:14:41.631773
Tecno Spark 40 Pro+,TECNO Spark 40 Pro+ 8/256GB Garansi Resmi - Tipis No Drama! 6.49mm Ultra-Thin Body 1.5K & 144Hz AMOLED Display Mediatek Helio G200 Processor 5200mAh 45W Fast Charging,https://www.tokopedia.com/alhanastore/tecno-spark-40-pro-8-256gb-garansi-resmi-tipis-no-drama-6-49mm-ultra-thin-body-1-5k-144hz-amoled-display-mediatek-helio-g200-processor-5200mah-45w-fast-charging-1737544979513378778-1737544981376239578,Rp3499000,,,,,alhanastore,,2026-10-03 10:14:41.634602
Tecno Spark 40 Pro+,Tecno Spark 40 Pro+ 8GB 256GB Ultra-Thin Body 6.49mm 1.5K & 144Hz Display Mediatek Helio G20 Processor 5200mAh 45W Fast Charging,https://www.tokopedia.com/alvina-cell/tecno-spark-40-pro-8gb-256gb-ultra-thin-body-6-49mm-1-5k-144hz-display-mediatek-helio-g20-processor-5200mah-45w-fast-charging-1733862493681124806,Rp1975000,Rp2000000,,,,alvina-cell,,2026-10-03 10:14:41.637186
Tecno Spark 40 Pro+,TECNO SPARK 40 PRO PLUS 8/256 RESMI,https://www.tokopedia.com/dison-cell/tecno-spark-40-pro-plus-8-256-resmi-1732619723698832993,Rp2650000,,,,6,dison-cell,,2026-10-03 10:14:41.639911
Tecno Spark 40 Pro+,"TECNO SPARK 40 Pro+ - 8+8GB*/128GB, Mediatek Helio G200, 30W Wireless Charge, 1.5K & 144Hz 3D Curved AMOLED Display, Ultra Thin Body, 5200mAh+45W Fast Charge, IP64  , Garansi Resmi",https://www.tokopedia.com/terang-bulan-jaya-shop/tecno-spark-40-pro-8-8gb-128gb-mediatek-helio-g200-30w-wireless-charge-1-5k-144hz-3d-curved-amoled-display-ultra-thin-body-5200mah-45w-fast-charge-ip64-garansi-resmi-1734144474975601801,Rp2725000,Rp2750000,,,,terang-bulan-jaya-shop,,2026-10-03 10:14:41.642572
Tecno Spark 40 Pro+,Tecno Spark 40 Pro+ ram 16gb memori 256gb new garansi resmi termurah,https://www.tokopedia.com/sekencell-id/tecno-spark-40-pro-ram-16gb-memori-256gb-new-garansi-resmi-termurah-1732761585661281361,Rp3065000,Rp3090000,,,1,sekencell-id,,2026-10-03 10:14:41.645138
Tecno Spark 40 Pro+,Tecno Spark 40 Pro Plus 8/256 GB || Curved AMOLED 144 Hz || Helio G200 || Garansi Resmi,https://www.tokopedia.com/yakincell89/tecno-spark-40-pro-plus-8-256-gb-curved-amoled-144-hz-helio-g200-garansi-resmi-1732306184877213009,Rp3799000,,,5.0,3,yakincell89,,2026-10-03 10:14:41.647778
Tecno Spark 50,( Special Creator ) Tecno Spark 50 ( 8/128 6/128 4/128 ) Garansi Resmi New,https://www.tokopedia.com/ini-toko-budi-shop/special-creator-tecno-spark-40-8-256-6-128-garansi-resmi-new-1730815309812434407-1737683249659217383,Rp2598000,Rp2599000,,5.0,1rb+,ini-toko-budi-shop,,2026-10-03 09:04:43.017464
Tecno Spark 50,Tecno Spark 50 4/128GB 6/128GB Garansi Resmi Indonesia,https://www.tokopedia.com/jajaningadget/tecno-spark-50-4-128gb-6-128gb-garansi-resmi-indonesia-1735561946665944466-1737164185303156114,Rp4999000,,,4.9,70+,jajaningadget,,2026-10-03 09:04:43.021464
Tecno Spark 50,"Tecno Spark 50 4G 4/128GB 6/128GB 8/128GB | 6.78"" | MediaTek Helio G81 | 7000mAh | Garansi Resmi",https://www.tokopedia.com/bintangtimurselindo/tecno-spark-50-4g-4-128gb-6-128gb-8-128gb-6-78-mediatek-helio-g81-7000mah-garansi-resmi-1735560283585021630-1735560312135124670,Rp2619000,,,4.6,250+,bintangtimurselindo,,2026-10-03 09:04:43.023951
Tecno Spark 50,"[BEST DEAL] Tecno Spark 50 NFC RAM 4/128GB, 6/128GB. 8/128GB 50MP AI Camera + FlashSnap, 120Hz 6.78""  Garansi Resmi Indonesia",https://www.tokopedia.com/spideronlineshop/tecno-spark-50-nfc-ram-4-128-6-128-8-128gb-garansi-resmi-indonesia-1735610234046022661-1735610306680554501,Rp2580000,Rp2700000,,4.8,60+,spideronlineshop,,2026-10-03 09:04:43.026385
Tecno Spark 50,TECNO SPARK 50 RAM 4/6/8GB ROM 128GB GARANSI RESMI INDONESIA,https://www.tokopedia.com/mega-mendung-laptop/tecno-spark-50-4gb-128gb-garansi-resmi-indonesia-1736191142654019439-1736191284499613551,Rp2959000,,,5.0,2,mega-mendung-laptop,,2026-10-03 09:04:43.028941
Tecno Spark 50,Tecno Spark 50 [4/128 GB] [6/128 GB] [8/128 GB] Garansi Resmi Indonesia,https://www.tokopedia.com/duniagadgetku/tecno-spark-50-4-128-gb-6-128-gb-8-128-gb-garansi-resmi-indonesia-1735580462173685563-1736521121774929723,Rp2618500,Rp2619000,,5.0,250+,duniagadgetku,,2026-10-03 09:04:43.031444
Tecno Spark 50,Tecno Spark 50 ( 4/128Gb 6/128Gb 8/128Gb ) Garansi Resmi Tecno New,https://www.tokopedia.com/ini-toko-budi-shop/tecno-spark-40-6-128gb-8-256gb-garansi-resmi-tecno-new-1730069098816964071-1737683235749529063,Rp2558000,Rp2559000,,4.9,3rb+,ini-toko-budi-shop,,2026-10-03 09:04:43.034954
Tecno Spark 50,Tecno Spark 50 LTE 8GB RAM 128GB ROM Garansi Resmi Tecno Indonesia,https://www.tokopedia.com/depoklaptop/tecno-smart-watch-pro-2-garansi-resmi-tecno-indonesia-1731366825576794037-1735673554010408885,Rp3329000,Rp3339000,,5.0,8,depoklaptop,,2026-10-03 09:04:43.037757
Tecno Spark 50 4G,( Special Creator ) Tecno Spark 50 ( 8/128 6/128 4/128 ) Garansi Resmi New,https://www.tokopedia.com/ini-toko-budi-shop/special-creator-tecno-spark-40-8-256-6-128-garansi-resmi-new-1730815309812434407-1737683249659217383,Rp2598000,Rp2599000,,5.0,1rb+,ini-toko-budi-shop,,2026-10-03 08:38:41.108851
Tecno Spark 50 4G,Tecno Spark 50 4/128GB 6/128GB Garansi Resmi Indonesia,https://www.tokopedia.com/jajaningadget/tecno-spark-50-4-128gb-6-128gb-garansi-resmi-indonesia-1735561946665944466-1737164185303156114,Rp4999000,,,4.9,70+,jajaningadget,,2026-10-03 08:38:41.112340
Tecno Spark 50 4G,"Tecno Spark 50 4G 4/128GB 6/128GB 8/128GB | 6.78"" | MediaTek Helio G81 | 7000mAh | Garansi Resmi",https://www.tokopedia.com/bintangtimurselindo/tecno-spark-50-4g-4-128gb-6-128gb-8-128gb-6-78-mediatek-helio-g81-7000mah-garansi-resmi-1735560283585021630-1735560312135124670,Rp2619000,,,4.6,250+,bintangtimurselindo,,2026-10-03 08:38:41.115601
Tecno Spark 50 4G,Tecno Spark 50 ( 4/128Gb 6/128Gb 8/128Gb ) Garansi Resmi Tecno New,https://www.tokopedia.com/ini-toko-budi-shop/tecno-spark-40-6-128gb-8-256gb-garansi-resmi-tecno-new-1730069098816964071-1737683235749529063,Rp2558000,Rp2559000,,4.9,3rb+,ini-toko-budi-shop,,2026-10-03 08:38:41.117915
Tecno Spark 50 4G,TECNO SPARK 50 RAM 4/6/8GB ROM 128GB GARANSI RESMI INDONESIA,https://www.tokopedia.com/mega-mendung-laptop/tecno-spark-50-4gb-128gb-garansi-resmi-indonesia-1736191142654019439-1736191284499613551,Rp2959000,,,5.0,2,mega-mendung-laptop,,2026-10-03 08:38:41.120458
Tecno Spark 50 4G,Tecno Spark 50 [4/128 GB] [6/128 GB] [8/128 GB] Garansi Resmi Indonesia,https://www.tokopedia.com/duniagadgetku/tecno-spark-50-4-128-gb-6-128-gb-8-128-gb-garansi-resmi-indonesia-1735580462173685563-1736521121774929723,Rp2618500,Rp2619000,,5.0,250+,duniagadgetku,,2026-10-03 08:38:41.122913
Tecno Spark 50 4G,"[BEST DEAL] Tecno Spark 50 NFC RAM 4/128GB, 6/128GB. 8/128GB 50MP AI Camera + FlashSnap, 120Hz 6.78""  Garansi Resmi Indonesia",https://www.tokopedia.com/spideronlineshop/tecno-spark-50-nfc-ram-4-128-6-128-8-128gb-garansi-resmi-indonesia-1735610234046022661-1735610306680554501,Rp2580000,Rp2700000,,4.8,60+,spideronlineshop,,2026-10-03 08:38:41.125366
Tecno Spark 50 Pro,( Special Creator ) Tecno Spark 50 ( 8/128 6/128 4/128 ) Garansi Resmi New,https://www.tokopedia.com/ini-toko-budi-shop/special-creator-tecno-spark-40-8-256-6-128-garansi-resmi-new-1730815309812434407-1737683249659217383,Rp2598000,Rp2599000,,5.0,1rb+,ini-toko-budi-shop,,2026-10-01 07:08:58.434258
Tecno Spark 50 Pro,43% Tecno Spark 50 4/128GB 6/128GB Garansi Resmi Indonesia,https://www.tokopedia.com/jajaningadget/tecno-spark-50-4-128gb-6-128gb-garansi-resmi-indonesia-1735561946665944466-1737164185303483794,Rp2870000,Rp4999000,,4.9,70+,jajaningadget,,2026-10-01 07:08:58.440391
Tecno Spark 50 Pro,Tecno Spark 40 Pro Plus [8/128 GB] [8/256 GB] Garansi Resmi Tecno Indonesia,https://www.tokopedia.com/duniagadgetku/tecno-spark-40-pro-plus-8-128-gb-8-256-gb-garansi-resmi-tecno-indonesia-1732345091324413755,Rp3898500,Rp3899000,,5.0,100+,duniagadgetku,,2026-10-01 07:08:58.442776
Tecno Spark 50 Pro,Tecno Camon 50 Pro 5G 8/256GB 12/256GB 12/512GB,https://www.tokopedia.com/myfon-teleshop/tecno-camon-40-pro-5g-8-256gb-12-256gb-garansi-resmi-tecno-indonesia-1731418975294883461-1737750078841652869,Rp5694000,Rp5699000,,4.9,1rb+,myfon-teleshop,,2026-10-01 07:08:58.445105
Tecno Spark 50 Pro,39% {lLIVE PRODUCT} TECNO SPARK 50 8GB/128GB GARANSI RESMI - SMARTPHONE/PONSEL Bluetooth Camera,https://www.tokopedia.com/mahkota-accessories/tecno-spark-40-pro-8gb-128gb-8gb-256gb-garansi-resmi-smartphone-ponsel-1734281897940780236-1737429125883004108,Rp3362000,Rp5500000,,4.8,60+,mahkota-accessories,,2026-10-01 07:08:58.447380
Tecno Spark 50 Pro,"Tecno Spark 50 4G 4/128GB 6/128GB 8/128GB | 6.78"" | MediaTek Helio G81 | 7000mAh | Garansi Resmi",https://www.tokopedia.com/bintangtimurselindo/tecno-spark-50-4g-4-128gb-6-128gb-8-128gb-6-78-mediatek-helio-g81-7000mah-garansi-resmi-1735560283585021630-1735560312135124670,Rp2619000,,,4.6,250+,bintangtimurselindo,,2026-10-01 07:08:58.449721
Tecno Spark 50 Pro,"[BEST DEAL] Tecno Spark 50 NFC RAM 4/128GB, 6/128GB. 8/128GB 50MP AI Camera + FlashSnap, 120Hz 6.78""  Garansi Resmi Indonesia",https://www.tokopedia.com/spideronlineshop/tecno-spark-50-nfc-ram-4-128-6-128-8-128gb-garansi-resmi-indonesia-1735610234046022661-1735610306680554501,Rp2580000,Rp2700000,,4.8,50+,spideronlineshop,,2026-10-01 07:08:58.451969
Tecno Spark 50 Pro,Tecno Spark 50 6/128GB Garansi Resmi Indonesia,https://www.tokopedia.com/apollogs/tecno-spark-50-6-128gb-garansi-resmi-indonesia-1735596510962681851-1735596578925873147,Rp2999000,,,,4,apollogs,,2026-10-01 07:08:58.455110
Tecno Spark Go,"TECNO SPARK Go 3 4GB+4GB*/128GB, IP64, 6.75"" HD+, 120Hz Smooth Display, 5000mAh, 15W* Charging, TECNO AI - sparkgo3",https://www.tokopedia.com/tecnoofficialstore/new-tecno-spark-go-3-4gb-4gb-128gb-ip64-6-75-hd-120hz-smooth-display-5000mah-15w-charging-tecno-ai-sparkgo3-1734122196991509579-1737214127953904715,Rp2399000,Rp2599000,,4.9,5rb+,tecnoofficialstore,,2026-10-03 09:57:10.180614
Tecno Spark Go,Tecno Spark Go 3 3/64GB 4/128GB Garansi Resmi Indonesia,https://www.tokopedia.com/jajaningadget/live-tecno-spark-go-3-3-64gb-4-128gb-garansi-resmi-indonesia-1734158317326599570,Rp1872000,Rp1999000,,4.8,100+,jajaningadget,,2026-10-03 09:57:10.183624
Tecno Spark Go,"TECNO SPARK Go 3 4GB+4GB*/64GB, IP64, 6.75"" HD+, 120Hz Smooth Display, 5000mAh, 15W* Charging, TECNO AI - sparkgo3",https://www.tokopedia.com/tecnoofficialstore/new-tecno-spark-go-3-4gb-4gb-64gb-ip64-6-75-hd-120hz-smooth-display-5000mah-15w-charging-tecno-ai-sparkgo3-1734122089035433035-1735657216225281099,Rp2199000,Rp2399000,,4.9,9rb+,tecnoofficialstore,,2026-10-03 09:57:10.186322
Tecno Spark Go,Tecno Spark Go 3 [4/64 GB] [4/128 GB] Garansi Resmi Tecno Indonesia,https://www.tokopedia.com/duniagadgetku/tecno-spark-go-3-4-64-gb-4-128-gb-garansi-resmi-tecno-indonesia-1734293622057895739-1736507371885594427,Rp1998500,Rp1999000,,5.0,250+,duniagadgetku,,2026-10-03 09:57:10.189088
Tecno Spark Go,"TECNO SPARK Go  2-3+3GB/64GB, IP64, 6.67"" HD+, 120Hz Smooth Display, 5000mAh, 18W Charging, Freelink Communication, Android 15-Go, sparkgo2 - Inky Black",https://www.tokopedia.com/grand-g-store/tecno-spark-go-2-3-3gb-64gb-ip64-6-67-hd-120hz-smooth-display-5000mah-18w-charging-freelink-communication-android-15-go-sparkgo2-inky-black-1732096481995360199,Rp1058729,Rp1083729,,,22,grand-g-store,,2026-10-03 09:57:10.191692
Tecno Spark Go,Tecno Spark Go 3 Go3 ( 4/128 4/64 ) Garansi Resmi Tam,https://www.tokopedia.com/ini-toko-budi-shop/tecno-spark-go-3-go3-4-128-4-64-garansi-resmi-tam-1729642560820446695-1737683152356017639,Rp1889000,Rp1890000,,4.9,3rb+,ini-toko-budi-shop,,2026-10-03 09:57:10.194571
Tecno Spark Go,"TECNO SPARK Go 1 4GB+64GB, 120Hz Display, 4.5G Fast Network, IP54 Resistance, Android 14Go, Garansi 12+1 Bulan - Glittery White",https://www.tokopedia.com/beesshop16/tecno-spark-go-1-4gb-64gb-120hz-display-4-5g-fast-network-ip54-resistance-android-14go-garansi-12-1-bulan-glittery-white-1730576953348032405,Rp1024000,Rp1049000,,5.0,40+,beesshop16,,2026-10-03 09:57:10.197394
Tecno Spark Go,47% [ TP ] TECNO SPARK GO 3 ( 4GB/128GB ) GARANSI RESMI,https://www.tokopedia.com/digital-electronics-lifestyle/tp-tecno-spark-go-3-4gb-128gb-garansi-resmi-1734137572872324628,Rp1919000,Rp3600000,,5.0,100+,digital-electronics-lifestyle,,2026-10-03 09:57:10.199799
Tecno Spark Go,48% Tecno Spark Go 3 4/64 4/128 GB Garansi Resmi,https://www.tokopedia.com/digitechmall/tecno-spark-go-3-4-64-4-128-gb-garansi-resmi-1734426077828646515,Rp2088533,Rp3999000,,4.9,250+,digitechmall,,2026-10-03 09:57:10.202263
Tecno Spark Go 3,Tecno Spark Go 3 3/64GB 4/128GB Garansi Resmi Indonesia,https://www.tokopedia.com/jajaningadget/live-tecno-spark-go-3-3-64gb-4-128gb-garansi-resmi-indonesia-1734158317326599570,Rp1872000,Rp1999000,,4.8,100+,jajaningadget,,2026-10-03 09:32:35.078839
Tecno Spark Go 3,"TECNO SPARK Go 3 4GB+4GB*/128GB, IP64, 6.75"" HD+, 120Hz Smooth Display, 5000mAh, 15W* Charging, TECNO AI - sparkgo3",https://www.tokopedia.com/tecnoofficialstore/new-tecno-spark-go-3-4gb-4gb-128gb-ip64-6-75-hd-120hz-smooth-display-5000mah-15w-charging-tecno-ai-sparkgo3-1734122196991509579-1737214127953904715,Rp2399000,Rp2599000,,4.9,5rb+,tecnoofficialstore,,2026-10-03 09:32:35.082400
Tecno Spark Go 3,"TECNO SPARK Go 3 4GB+4GB*/64GB, IP64, 6.75"" HD+, 120Hz Smooth Display, 5000mAh, 15W* Charging, TECNO AI - sparkgo3",https://www.tokopedia.com/tecnoofficialstore/new-tecno-spark-go-3-4gb-4gb-64gb-ip64-6-75-hd-120hz-smooth-display-5000mah-15w-charging-tecno-ai-sparkgo3-1734122089035433035-1735657216225281099,Rp2199000,Rp2399000,,4.9,9rb+,tecnoofficialstore,,2026-10-03 09:32:35.086350
Tecno Spark Go 3,Tecno Spark Go 3 [4/64 GB] [4/128 GB] Garansi Resmi Tecno Indonesia,https://www.tokopedia.com/duniagadgetku/tecno-spark-go-3-4-64-gb-4-128-gb-garansi-resmi-tecno-indonesia-1734293622057895739-1736507371885594427,Rp1998500,Rp1999000,,5.0,250+,duniagadgetku,,2026-10-03 09:32:35.089441
Tecno Spark Go 3,Tecno Spark Go 3 Go3 ( 4/128 4/64 ) Garansi Resmi Tam,https://www.tokopedia.com/ini-toko-budi-shop/tecno-spark-go-3-go3-4-128-4-64-garansi-resmi-tam-1729642560820446695-1737683152356017639,Rp1889000,Rp1890000,,4.9,3rb+,ini-toko-budi-shop,,2026-10-03 09:32:35.094181
Tecno Spark Go 3,19% [Promo] Tecno Spark Go 3 ( Go3 ) 4/64GB 4/128GB,https://www.tokopedia.com/myfon-teleshop/exclusive-creator-tecno-pova-7-curve-5g-8-256gb-garansi-resmi-tecno-indonesia-1732108351035639429-1737677761579812485,Rp1782000,Rp2199000,,5.0,30+,myfon-teleshop,,2026-10-03 09:32:35.097917
Tecno Spark Go 3,TECNO SPARK GO 3 RAM [4/64GB] [4/128GB] GARANSI RESMI INDONESIA,https://www.tokopedia.com/gadgetstationid/tecno-spark-go-3-ram-4-64gb-4-128gb-garansi-resmi-indonesia-1734109078568076742,Rp1955000,Rp2055000,,5.0,50+,gadgetstationid,,2026-10-03 09:32:35.101946
Tecno Spark Go 3,47% [ TP ] TECNO SPARK GO 3 ( 4GB/128GB ) GARANSI RESMI,https://www.tokopedia.com/dadriveofficialstore/tp-tecno-spark-go-3-4gb-128gb-garansi-resmi-1734137571970025287,Rp1919000,Rp3600000,,5.0,100+,dadriveofficialstore,,2026-10-03 09:32:35.106212
Tecno Spark Go 3,47% [ TP ] TECNO SPARK GO 3 ( 4GB/128GB ) GARANSI RESMI,https://www.tokopedia.com/digital-electronics-lifestyle/tp-tecno-spark-go-3-4gb-128gb-garansi-resmi-1734137572872324628,Rp1919000,Rp3600000,,5.0,100+,digital-electronics-lifestyle,,2026-10-03 09:32:35.110231
Tecno Spark Slim,"Cahaya Abadi Makmur 2 - TECNO SPARK 30C– 6GB+6GB*+128, 120Hz Display, 48M Camera,Helio G81,5000mAh, IP54,7.8mm Ultra Slim,NFC Terlaris.",https://www.tokopedia.com/cahayaabadimakmur2/cahaya-abadi-makmur-2-tecno-spark-30c-6gb-6gb-128-120hz-display-48m-camera-helio-g81-5000mah-ip54-7-8mm-ultra-slim-nfc-terlaris-1731218918394332684,Rp1797000,,,,,cahayaabadimakmur2,,2026-10-03 09:48:56.823910
Tecno Spark Slim,Tecno Spark 40 Pro+ 8GB 256GB Ultra-Thin Body 6.49mm 1.5K & 144Hz Display Mediatek Helio G20 Processor 5200mAh 45W Fast Charging,https://www.tokopedia.com/alvina-cell/tecno-spark-40-pro-8gb-256gb-ultra-thin-body-6-49mm-1-5k-144hz-display-mediatek-helio-g20-processor-5200mah-45w-fast-charging-1733862493681124806,Rp1975000,Rp2000000,,,,alvina-cell,,2026-10-03 09:48:56.827344
Tecno Spark Slim,TECNO Spark 40 Pro+ 8/256GB Garansi Resmi - Tipis No Drama! 6.49mm Ultra-Thin Body 1.5K & 144Hz AMOLED Display Mediatek Helio G200 Processor 5200mAh 45W Fast Charging,https://www.tokopedia.com/alhanastore/tecno-spark-40-pro-8-256gb-garansi-resmi-tipis-no-drama-6-49mm-ultra-thin-body-1-5k-144hz-amoled-display-mediatek-helio-g200-processor-5200mah-45w-fast-charging-1737544979513378778-1737544981376239578,Rp3499000,,,,,alhanastore,,2026-10-03 09:48:56.829879
Tecno Spark Slim,( Special Creator ) Tecno Spark 50 ( 8/128 6/128 4/128 ) Garansi Resmi New,https://www.tokopedia.com/ini-toko-budi-shop/special-creator-tecno-spark-40-8-256-6-128-garansi-resmi-new-1730815309812434407-1737683249659217383,Rp2598000,Rp2599000,,5.0,1rb+,ini-toko-budi-shop,,2026-10-03 09:48:56.832533
Tecno Spark Slim,19% [Promo] Tecno Spark Go 3 ( Go3 ) 4/64GB 4/128GB,https://www.tokopedia.com/myfon-teleshop/exclusive-creator-tecno-pova-7-curve-5g-8-256gb-garansi-resmi-tecno-indonesia-1732108351035639429-1737677761579812485,Rp1782000,Rp2199000,,5.0,30+,myfon-teleshop,,2026-10-03 09:48:56.835225
Tecno Spark Slim,"TECNO SPARK Go 3 4GB+4GB*/128GB, IP64, 6.75"" HD+, 120Hz Smooth Display, 5000mAh, 15W* Charging, TECNO AI - sparkgo3",https://www.tokopedia.com/tecnoofficialstore/new-tecno-spark-go-3-4gb-4gb-128gb-ip64-6-75-hd-120hz-smooth-display-5000mah-15w-charging-tecno-ai-sparkgo3-1734122196991509579-1737214127953904715,Rp2399000,Rp2599000,,4.9,5rb+,tecnoofficialstore,,2026-10-03 09:48:56.837674
Tecno Spark Slim,Tecno Spark 50 4/128GB 6/128GB Garansi Resmi Indonesia,https://www.tokopedia.com/jajaningadget/tecno-spark-50-4-128gb-6-128gb-garansi-resmi-indonesia-1735561946665944466-1737164185303156114,Rp4999000,,,4.9,70+,jajaningadget,,2026-10-03 09:48:56.839981
Tecno Spark Slim,"TECNO SPARK Go 3 4GB+4GB*/64GB, IP64, 6.75"" HD+, 120Hz Smooth Display, 5000mAh, 15W* Charging, TECNO AI - sparkgo3",https://www.tokopedia.com/tecnoofficialstore/new-tecno-spark-go-3-4gb-4gb-64gb-ip64-6-75-hd-120hz-smooth-display-5000mah-15w-charging-tecno-ai-sparkgo3-1734122089035433035-1735657216225281099,Rp2199000,Rp2399000,,4.9,9rb+,tecnoofficialstore,,2026-10-03 09:48:56.842481
Xiaomi 17 Max,"Xiaomi REDMI Note 17 Pro Max 5G 8/256GB | 8/512GB 10000mAh & 100W HyperCharge - Black, 8/256GB",https://www.tokopedia.com/doranwearableofficial/xiaomi-redmi-note-15-pro-5g-8-256-gb-12-512-gb-1734244474440352939,Rp7651000,,,,1,doranwearableofficial,,2026-10-03 10:11:18.744519
Xiaomi 17 Max,PreOrder Xiaomi 17 Max 5G 12+256GB 512GB Snapdragon 8 Elite Gen 5 - China ROM,https://www.tokopedia.com/toko-keliling-new/xiaomi-17-pro-max-5g-12-512gb-16-512gb-1tb-snapdragon-8-elite-gen-5-china-rom-1735813310794925085-1735813314320892957,Rp17874000,Rp17899000,,,,toko-keliling-new,,2026-10-03 10:11:18.750864
Xiaomi 17 Max,PreOrder Xiaomi 17 Max 5G 6.9''AMOLED 120HZ Snapdragon 8 Elite Gen 5 8000mAh 100W 200MP Main 50MP Telefoto,https://www.tokopedia.com/indemand/xiaomi-17-max-5g-6-9-amoled-120hz-snapdragon-8-elite-gen-5-8000mah-100w-200mp-main-50mp-telefoto-1735725414469830562-1735725587792299938,Rp20074000,Rp20099000,,,,indemand,,2026-10-03 10:11:18.754068
Xiaomi 17 Max,PreOrder Xiaomi 17 Max 5G 16+256GB 512GB Snapdragon 8 Elite Gen 5 - China ROM,https://www.tokopedia.com/toko-keliling-new/xiaomi-17-max-5g-16-256gb-512gb-snapdragon-8-elite-gen-5-china-rom-1735813348327785501-1735813355460068381,Rp19874000,Rp19899000,,,,toko-keliling-new,,2026-10-03 10:11:18.757181
Xiaomi 17 Max,PreOrder Xiaomi 17 Max 512GB 256GB RAM 12GB 16GB Snapdragon 8 Elite Gen 5 8000mAh,https://www.tokopedia.com/flagship-store/xiaomi-17-max-512gb-256gb-ram-12gb-16gb-snapdragon-8-elite-gen-5-8000mah-1735912722711151759-1735912699562329231,Rp19990000,,,,,flagship-store,,2026-10-03 10:11:18.760224
Xiaomi 17 Max,23% Xiaomi Redmi Note 17 Pro Max 5G 8/256GB 8/512GB Garansi Resmi Indonesia,https://www.tokopedia.com/jajaningadget/xiaomi-redmi-note-17-pro-5g-8-256gb-8-512gb-garansi-resmi-indonesia-1737589872639903122-1737590602298721682,Rp6960000,Rp8999000,,,1,jajaningadget,,2026-10-03 10:11:18.762964
Xiaomi 17 Max,Xiaomi Redmi Note 17 Pro Max 5G  8/256GB  8/512GB  Garansi Resmi Indonesia,https://www.tokopedia.com/ljsofficial/xiaomi-poco-f4-gt-12-256-gb-ram-12gb-rom-256gb-garansi-resmi-1737641928721008030,Rp8269000,,,5.0,1,ljsofficial,,2026-10-03 10:11:18.765821
Xiaomi 17 Max,Xiaomi Redmi Note 17 Pro Max 5G 8/256 8/512 8/256GB 8/512GB 8GB 256GB 512GB Garansi Resmi,https://www.tokopedia.com/diamondhandphone/xiaomi-redmi-note-17-pro-max-5g-8-256-8-512-8-256gb-8-512gb-8gb-256gb-512gb-garansi-resmi-1737686975883609614-1737686964576486926,Rp8499000,,,,,diamondhandphone,,2026-10-03 10:11:18.769033
Xiaomi 17 Max,Xiaomi REDMI Note 17 Pro Max 5G [ 8/512GB ] Garansi Resmi,https://www.tokopedia.com/wahanaselular/xiaomi-redmi-note-13-pro-5g-12-512-gb-garansi-resmi-black-e5126,Rp8199000,,,5.0,7,wahanaselular,,2026-10-03 10:11:18.771700
Xiaomi 17 Max,35% [ TP ] XIAOMI REDMI NOTE 17 PRO MAX 5G ( 8/512GB ) GARANSI RESMI,https://www.tokopedia.com/digital-electronics-lifestyle/tp-xiaomi-redmi-note-17-pro-max-5g-8-512gb-garansi-resmi-1737744785856038420-1737744786050549268,Rp7144000,Rp11000000,,,,digital-electronics-lifestyle,,2026-10-03 10:11:18.774257
Xiaomi 17T,"[FREE Headphone Neo] Xiaomi 17T 12/512GB RAM 12GB Internal 512GB ORIGINAL Garansi Resmi Kamera Leica 50MP AMOLED 6.59"" HyperCharge 67W",https://www.tokopedia.com/shadowgold/new-xiaomi-17t-12-512gb-ram-12gb-internal-512gb-original-garansi-resmi-1735996908397037553-1735998112479610865,Rp9999000,Rp10999000,,,4,shadowgold,,2026-10-03 10:07:06.760844
Xiaomi 17T,(RESMI) Xiaomi Mi 17T 12/256GB 12/512GB Black Opal White Violet Free Redmi Heaphone Neo Garansi Resmi Indonesia,https://www.tokopedia.com/putra-group/resmi-xiaomi-mi-17t-12-512gb-black-1735916584063960064-1736155007697585152,Rp9699000,,,4.8,50+,putra-group,,2026-10-03 10:07:06.767295
Xiaomi 17T,Xiaomi 17T (12GB+512GB) | Kamera telephoto periscope Leica 5x [Xiaomi Official Store],https://www.tokopedia.com/xiaomi/xiaomi-17t-12gb-512gb-kamera-telephoto-periscope-leica-5x-xiaomi-official-store-1735880131592619545-1735880055183738393,Rp10049000,,,5.0,100+,xiaomi,,2026-10-03 10:07:06.770184
Xiaomi 17T,Xiaomi 17T (12GB+256GB) | Kamera telephoto periscope Leica 5x [Xiaomi Official Store],https://www.tokopedia.com/xiaomi/xiaomi-17t-12gb-256gb-kamera-telephoto-periscope-leica-5x-xiaomi-official-store-1735882845960832537-1735882802592974361,Rp9049000,Rp9149000,,4.9,2rb+,xiaomi,,2026-10-03 10:07:06.773311
Xiaomi 17T,"[SPESIAL CREATOR] XIAOMI 17T 5G 12/512GB Dimensity 8500 Ultra 6.59"" 1.5K AMOLED 120Hz Leica Camera 6500mAh IP68 NFC",https://www.tokopedia.com/agresidtangerang/spesial-creator-xiaomi-17t-5g-12-512gb-dimensity-8500-ultra-6-59-1-5k-amoled-120hz-leica-camera-6500mah-ip68-nfc-1737323832263672859-1737323909142381595,Rp9796090,Rp9806090,,,,agresidtangerang,,2026-10-03 10:07:06.776786
Xiaomi 17T,12% Xiaomi 17T Series 12/512GB Garansi Resmi Indonesia,https://www.tokopedia.com/ponselnesia/xiaomi-17t-series-12-512gb-bundling-garansi-resmi-indonesia-1736858430576231591-1736981083085505703,Rp12387000,Rp13999000,,5.0,14,ponselnesia,,2026-10-03 10:07:06.779260
Xiaomi 17T,[jikalaku] Xiaomi 17T Garansi Resmi,https://www.tokopedia.com/jikalaku/jikalaku-xiaomi-17t-garansi-resmi-1735974306187215909-1735974318844445733,Rp9340000,,,5.0,40+,jikalaku,,2026-10-03 10:07:06.781720
Xiaomi 17T,Xiaomi 17T 12/512GB - Garansi resmi Indonesia,https://www.tokopedia.com/gundalaphone/xiaomi-17t-12-512gb-garansi-resmi-indonesia-1735979069803365626-1735979019735893242,Rp9332000,,,5.0,40+,gundalaphone,,2026-10-03 10:07:06.784221
Xiaomi 17T,"35% Xiaomi 17T 12Gb 512Gb 6.59"" 120Hz Garansi Resmi Indonesia",https://www.tokopedia.com/agresidbandung/xiaomi-17t-12gb-512gb-6-59-120hz-garansi-resmi-indonesia-1735931361115604152-1735931702800778424,Rp9709000,Rp14999000,,5.0,15,agresidbandung,,2026-10-03 10:07:06.786658
Xiaomi 17T Pro,(RESMI) Xiaomi 17T Pro 12/512GB Black Deep Violet Deep Blue FREE Redmi Headphone NEO Garansi Resmi Indonesia,https://www.tokopedia.com/putra-group/resmi-xiaomi-17t-pro-12-512gb-black-1735917340391932928-1735917449679438848,Rp12699000,,,5.0,30+,putra-group,,2026-10-03 10:02:28.007916
Xiaomi 17T Pro,Xiaomi 17T Pro (12GB+256GB) | Kamera telephoto periscope Leica 5x [Xiaomi Official Store],https://www.tokopedia.com/xiaomi/xiaomi-17t-pro-12gb-256gb-kamera-telephoto-periscope-leica-5x-xiaomi-official-store-1735879945189033497-1735880047008843289,Rp12049000,Rp12249000,,5.0,90+,xiaomi,,2026-10-03 10:02:28.011968
Xiaomi 17T Pro,[ ORIGINAL ] Xiaomi 17T Pro & 17T 12GB 512GB 1.5K AMOLED 12/512GB Opal White Black Violet Blue Garansi RESMI,https://www.tokopedia.com/onestopgaming/extra-packing-bubble-wrap-0031-gaming-1735264861667755266-1736425274466010370,Rp9896500,Rp9897000,,5.0,20,onestopgaming,,2026-10-03 10:02:28.015272
Xiaomi 17T Pro,50% Xiaomi 17T Pro 12/512GB | 17T Dimensity 9500 Leica Lens Garansi Resmi 17 T Not 15T 15,https://www.tokopedia.com/distriponsel/xiaomi-redmi-a1-3-32gb-2-32gb-redmi-a1-garansi-resmi-not-redmi-10a-10c-1735992860883191206,Rp9794000,Rp19500000,,4.9,1rb+,distriponsel,,2026-10-03 10:02:28.018301
Xiaomi 17T Pro,43% [ FS ] Xiaomi 17T | 17T Pro 5G 12/512GB Garansi Resmi - Dimensity 9500 Leica Lens,https://www.tokopedia.com/digitechmall/fs-xiaomi-17t-17t-pro-5g-12-512gb-garansi-resmi-dimensity-9500-leica-lens-1736701888627443315-1736701936527050355,Rp9771000,Rp16999000,,5.0,12,digitechmall,,2026-10-03 10:02:28.021454
Xiaomi 17T Pro,Xiaomi 17T Pro 12/512 GB - Garansi Resmi Xiaomi Indonesia,https://www.tokopedia.com/universestore/xiaomi-17t-pro-12-512-gb-garansi-resmi-xiaomi-indonesia-1735905167493727697-1735905175756572113,Rp12748000,Rp12999000,,4.9,70+,universestore,,2026-10-03 10:02:28.024538
Xiaomi 17T Pro,46% Xiaomi 17T / 17T Pro 12/512GB Dimensity Leica Camera Garansi Resmi Not 15T 15,https://www.tokopedia.com/digitalisme/xiaomi-15t-pro-xiaomi-mi-15t-pro-12-512gb-xiaomi-15t-garansi-resmi-1731040554070475985-1737424130888336593,Rp9795000,Rp17999000,,4.9,1rb+,digitalisme,,2026-10-03 10:02:28.027631
Xiaomi Poco C81,"POCO C81 Pro (4GB/128G) (4GB/64GB) | Layar imersif 6.9"" | HP 1 Jutaan [Xiaomi Official Store]",https://www.tokopedia.com/xiaomi/poco-c81-pro-4gb-128g-4gb-64gb-layar-imersif-6-9-hp-1-jutaan-xiaomi-official-store-1735249772969297433-1735893568062260761,Rp2249000,Rp2349000,,5.0,10rb+,xiaomi,,2026-10-03 10:19:26.122831
Xiaomi Poco C81,poco c81(4gb/128gb) (4gb/64gb),https://www.tokopedia.com/hanifhabib/poco-c81-4gb-128gb-4gb-64gb-1735768931431843275,Rp975000,Rp1000000,,,,hanifhabib,,2026-10-03 10:19:26.128693
Xiaomi Poco C81,71% [ Payday Sale ] Xiaomi Poco C81 Pro 4/64GB 4/128GB Black Green Gold - Garansi Resmi 1 Tahun,https://www.tokopedia.com/indotechstore/payday-sale-xiaomi-poco-c81-pro-4-64gb-4-128gb-black-green-gold-garansi-resmi-1-tahun-1737391332513908705-1737391332905224161,Rp1922545,Rp6599000,,,,indotechstore,,2026-10-03 10:19:26.131426
Xiaomi Poco C81,50% Xiaomi Poco C81 Pro 4/64GB 4/128GB C 81 Garansi Resmi Not X7 Pro C71 C85,https://www.tokopedia.com/distriponsel/xiaomi-poco-m6-pro-8-256-gb-garansi-resmi-poco-m6-pro-not-x5-x6-m4-pro-1735479714887402918,Rp2060000,Rp4150000,,4.9,1rb+,distriponsel,,2026-10-03 10:19:26.134062
Xiaomi Poco C81,73% [ Pickup Voucher ] Xiaomi Poco C81 Pro 4/64GB 4/128GB Black Green Gold - Garansi Resmi 1 Tahun,https://www.tokopedia.com/indotechstore/pickup-voucher-xiaomi-poco-c81-pro-4-64gb-4-128gb-black-green-gold-garansi-resmi-1-tahun-1737413730110244833-1737413729287112673,Rp1862664,Rp6799000,,,,indotechstore,,2026-10-03 10:19:26.136784
Xiaomi Poco C81,48% [ Pickup & Kurir Toko ] Xiaomi Poco C81 Pro 4/64GB 4/128GB Black Green Gold - Garansi Resmi 1 Tahun,https://www.tokopedia.com/indotechstore/pickup-kurir-toko-xiaomi-poco-c81-pro-4-64gb-4-128gb-black-green-gold-garansi-resmi-1-tahun-1737576014659815393-1737576084638173153,Rp1991000,Rp3799000,,,,indotechstore,,2026-10-03 10:19:26.139408
Xiaomi Poco C81,46% Xiaomi Poco C81 Pro 4/64GB 4/128GB Original Garansi Resmi Indonesia,https://www.tokopedia.com/digitalisme/poco-m7-pro-5g-xiaomi-poco-m7-pro-5g-8-256gb-poco-m7-garansi-resmi-xiaomi-indonesia-8-256-gb-1731040546267759825-1735658718945576145,Rp2061000,Rp3799000,,4.9,750+,digitalisme,,2026-10-03 10:19:26.142039
Xiaomi Poco C81,48% [ Live ] Xiaomi Poco C81 Pro 4/64GB 4/128GB Original Garansi Resmi Indonesia,https://www.tokopedia.com/digitalisme/live-xiaomi-poco-c81-pro-4-64gb-4-128gb-original-garansi-resmi-indonesia-1735704925615785169-1735704900473816273,Rp1994000,Rp3799000,,5.0,6,digitalisme,,2026-10-03 10:19:26.144629
Xiaomi Poco C95 Pro,ZTE Nubia A76 5G [8/128 GB] Garansi Indonesia,https://www.tokopedia.com/duniagadgetku/zte-nubia-a76-5g-8-128-gb-garansi-indonesia-1734333828422993723,Rp2498500,Rp2499000,,5.0,40+,duniagadgetku,,2026-10-01 06:56:25.438375
Xiaomi Poco C95 Pro,43% ZTE NUBIA V80 MAX 6GB/128GB & 8GB/128GB GARANSI RESMI - SMARTPHONE Layar Screen,https://www.tokopedia.com/mahkota-accessories/zte-nubia-v80-max-6gb-128gb-8gb-128gb-garansi-resmi-smartphone-1731381430848488652-1737560348272002252,Rp2183000,Rp3800000,,4.8,750+,mahkota-accessories,,2026-10-01 06:56:25.442002
Xiaomi Poco C95 Pro,POCO X8 Pro Series | POCO X8 Pro Max | POCO X8 Pro | Dimensity 9500s* | [Xiaomi Official Store],https://www.tokopedia.com/xiaomi/poco-x8-pro-series-poco-x8-pro-max-poco-x8-pro-dimensity-9500s-xiaomi-official-store-1734929141663630873-1735422132575438361,Rp7549000,Rp7649000,,5.0,50rb+,xiaomi,,2026-10-01 06:56:25.445475
Xiaomi Poco C95 Pro,( Special Creator ) Xiaomi Redmi A7 Pro [ 4/128 8/256 ] Garansi Resmi Tam,https://www.tokopedia.com/ini-toko-budi-shop/special-creator-xiaomi-redmi-a7-pro-4-128-8-256-garansi-resmi-tam-1730069320256816615-1737673513928197607,Rp2019000,Rp2020000,,4.9,250+,ini-toko-budi-shop,,2026-10-01 06:56:25.448439
Xiaomi Poco C95 Pro,"POCO C81 Pro (4GB/128G) (4GB/64GB) | Layar imersif 6.9"" | HP 1 Jutaan [Xiaomi Official Store]",https://www.tokopedia.com/xiaomi/poco-c81-pro-4gb-128g-4gb-64gb-layar-imersif-6-9-hp-1-jutaan-xiaomi-official-store-1735249772969297433-1735893568062391833,Rp2249000,Rp2349000,,5.0,10rb+,xiaomi,,2026-10-01 06:56:25.452371
Xiaomi Poco C95 Pro,NUBIA FOCUS 2 5G 8/256 GB GARANSI RESMI NUBIA FOCUS 2 5G RAM UP TO 20 GB,https://www.tokopedia.com/gadget-ind-store-/nubia-focus-2-5g-8-256-gb-garansi-resmi-nubia-focus-2-5g-ram-up-to-20-gb-1732021019236730752,Rp2599000,,,,30+,gadget-ind-store-,,2026-10-01 06:56:25.455938
Xiaomi Poco C95 Pro,17% NUBIA V80 Max 6GB/128GB 8GB/128GB - Garansi Resmi Nasional,https://www.tokopedia.com/indahponsel/zte-nubia-v80-max-6gb-128gb-8gb-128gb-garansi-resmi-nasional-1734226835484673613-1737591557839750733,Rp2160000,Rp2615000,,4.9,1rb+,indahponsel,,2026-10-01 06:56:25.459001
Xiaomi Poco F9 Pro,"25% NEW LAUNCH HONOR X6c 6GB+256GB (Moonlight White / Midnight Black) - Storage Luas 256GB, 50MP , 5300mAh 35W Fitur Magic Capsule, Desain Stylish & Modern, Smartphone Handal Value for Money",https://www.tokopedia.com/honor-official-store/new-launch-honor-x6c-5300-mah-baterai-besar-6gb-256gb-50-mp-kamera-utama-5-mp-kamera-selfie-ai-button-creation-1736085646690650035-1736086159122859955,Rp2999000,Rp3999000,,5.0,19,honor-official-store,,2026-10-01 07:14:20.542162
Xiaomi Poco F9 Pro,POCO X8 Pro Series | POCO X8 Pro Max | POCO X8 Pro | Dimensity 9500s* | [Xiaomi Official Store],https://www.tokopedia.com/xiaomi/poco-x8-pro-series-poco-x8-pro-max-poco-x8-pro-dimensity-9500s-xiaomi-official-store-1734929141663630873-1735422132575438361,Rp7549000,Rp7649000,,5.0,50rb+,xiaomi,,2026-10-01 07:14:20.546267
Xiaomi Poco F9 Pro,Xiaomi Poco F8 Ultra [16+512 GB] Garansi Resmi,https://www.tokopedia.com/ihawkstore/xiaomi-poco-f7-12-512-gb-garansi-resmi-1731159231139579705-1737207870797219641,Rp15999000,,,5.0,90+,ihawkstore,,2026-10-01 07:14:20.548830
Xiaomi Poco F9 Pro,21% [Exclusive Creator] ZTE Nubia V80 Max [8/128 GB] Garansi Resmi Indonesia,https://www.tokopedia.com/duniagadgetku/zte-blade-v50-design-8-128-gb-garansi-resmi-1736702235727267643,Rp2368500,Rp2999000,,4.9,60+,duniagadgetku,,2026-10-01 07:14:20.551024
Xiaomi Poco F9 Pro,POCO F8 PRO 12/512 GARANSI ON MULUS FULLSET,https://www.tokopedia.com/jsphone-1/poco-f8-pro-12-512-garansi-on-mulus-fullset-1737592627504383297,Rp9099000,,,,,jsphone-1,,2026-10-01 07:14:20.553302
Xiaomi Poco F9 Pro,Poco F8 Pro 12/512 GB Garansi September 2027 - Smartphone Terkini dengan Kamera Berkualitas Tinggi,https://www.tokopedia.com/jayaphonelamongan/poco-f8-pro-12-512-gb-garansi-september-2027-smartphone-terkini-dengan-kamera-berkualitas-tinggi-1737491525358945590,Rp9174000,Rp9199000,,,,jayaphonelamongan,,2026-10-01 07:14:20.555503
Xiaomi Poco F9 Pro,Xiaomi POCO X8 Pro 5G 8/256GB - 8/512GB - 12/512GB | Garansi Resmi Indonesia,https://www.tokopedia.com/shopyzid/xiaomi-poco-x7-pro-5g-12-512gb-50-mp-main-camera-with-ois-6000mah-90w-hypercharge-mediatek-dimensity-8400-ultra-corning-gorilla-glass-7i-1730948662794290479-1737664683072390447,Rp7999000,,,5.0,500+,shopyzid,,2026-10-01 07:14:20.557740
Xiaomi Poco F9 Pro,Poco F8 Pro 12/512 Garansi Resmi - Smartphone dengan Performa Tinggi dan Kualitas Terbaik,https://www.tokopedia.com/jiyoen-cell/poco-f8-pro-12-512-garansi-resmi-smartphone-dengan-performa-tinggi-dan-kualitas-terbaik-1737644856015947594,Rp10500000,,,,,jiyoen-cell,,2026-10-01 07:14:20.559861
Xiaomi Poco F9 Pro,Poco X8Pro Ironman Edisi Terbatas BNIB dengan Desain Marvel dan Kotak Khusus,https://www.tokopedia.com/raykinan/poco-x8pro-ironman-edisi-terbatas-bnib-dengan-desain-marvel-dan-kotak-khusus-1735407787491427815,Rp6225000,Rp6250000,,,,raykinan,,2026-10-01 07:14:20.562251
Xiaomi Poco F9 Pro,POCO X7 Pro - Smartphone dengan Kamera Ganda dan Desain Elegan - Warna Hijau - Cocok untuk Pengguna yang Mencari Kualitas Tinggi Camera,https://www.tokopedia.com/universal-joy/poco-x7-pro-smartphone-dengan-kamera-ganda-dan-desain-elegan-warna-hijau-cocok-untuk-pengguna-yang-mencari-kualitas-tinggi-1737649062073959537,Rp4400000,,,,,universal-joy,,2026-10-01 07:14:20.564649
Xiaomi Poco M8x,26% [Promo] Xiaomi Redmi Note 17 5G 8/256GB Note 17 4G 6/128GB 6/256GB,https://www.tokopedia.com/myfon-teleshop/xiaomi-redmi-note-15-5g-8-256gb-12-512gb-1731074457467455109-1735803763471517317,Rp3339600,Rp4499000,,4.9,250+,myfon-teleshop,,2026-10-03 09:15:10.208548
Xiaomi Poco M8x,ZTE NUBIA NEO 3 5G SMARTPHONE GAMING RAM 8/256GB 6000MAH AMOLED 120HZ GARANSI RESMI,https://www.tokopedia.com/indo-line/zte-nubia-neo-3-5g-smartphone-gaming-ram-8-256gb-6000mah-amoled-120hz-garansi-resmi-1733966155411850810,Rp3000000,,,,18,indo-line,,2026-10-03 09:15:10.437918
Xiaomi Poco M8x,18% Xiaomi Redmi Note 17 (6/256GB) | Garansi resmi,https://www.tokopedia.com/smilemobile/xiaomi-redmi-note-15-8-256-gb-baterai-besar-6000mah-1731192767152227739-1737795996666791323,Rp3849000,Rp4699000,,4.9,70+,smilemobile,,2026-10-03 09:15:10.628558
Xiaomi Poco M8x,"POCO C71 4+4G/128G Performa Cadas | 6.88"" 120Hz | Ekspansi RAM 8G / storage 128G [Official Store]",https://www.tokopedia.com/xiaomi/poco-c71-4-4g-128g-performa-cadas-6-88-120hz-ekspansi-ram-8g-storage-128g-official-store-1731366110480533017-1735160474752484889,Rp1999000,Rp2149000,,5.0,50rb+,xiaomi,,2026-10-03 09:15:11.202239
Xiaomi Poco M8x,(EXCLUSIVE DNA.STORE21) XIAOMI REDMI 15 8/256 & 8/128 GARANSI RESMI,https://www.tokopedia.com/bintangempatcell/exclusive-dna-store21-xiaomi-redmi-15-8-256-8-128-garansi-resmi-1733186904162338289-1737662023395214833,Rp3999000,,,5.0,29,bintangempatcell,,2026-10-03 09:15:11.637362
Xiaomi Poco M8x,NUBIA FOCUS 2 5G 8/256 GB GARANSI RESMI NUBIA FOCUS 2 5G RAM UP TO 20 GB,https://www.tokopedia.com/gadget-ind-store-/nubia-focus-2-5g-8-256-gb-garansi-resmi-nubia-focus-2-5g-ram-up-to-20-gb-1732021019236730752,Rp2599000,,,,30+,gadget-ind-store-,,2026-10-03 09:15:11.879613
Xiaomi Poco M8x,"POCO C81 Pro (4GB/128G) (4GB/64GB) | Layar imersif 6.9"" | HP 1 Jutaan [Xiaomi Official Store]",https://www.tokopedia.com/xiaomi/poco-c81-pro-4gb-128g-4gb-64gb-layar-imersif-6-9-hp-1-jutaan-xiaomi-official-store-1735249772969297433-1735893568062260761,Rp2249000,Rp2349000,,5.0,10rb+,xiaomi,,2026-10-03 09:15:12.002660
Xiaomi Poco M8x,POCO X8 Pro Series | POCO X8 Pro Max | POCO X8 Pro | Dimensity 9500s* | [Xiaomi Official Store],https://www.tokopedia.com/xiaomi/poco-x8-pro-series-poco-x8-pro-max-poco-x8-pro-dimensity-9500s-xiaomi-official-store-1734929141663630873-1735422132575438361,Rp7549000,Rp7649000,,5.0,50rb+,xiaomi,,2026-10-03 09:15:12.247814
Xiaomi Poco M8x,Poco C85 8/256 Baru Garansi Resmi,https://www.tokopedia.com/rayolshopmakassar/poco-c85-8-256-baru-garansi-resmi-1732601437751706921,Rp2940000,,,5.0,3,rayolshopmakassar,,2026-10-03 09:15:12.368657
Xiaomi Redmi 17 4G,Xiaomi Redmi 17 4/128GB | 6/128GB | 6/256GB | Garansi Resmi Xiaomi Indonesia,https://www.tokopedia.com/atlantic168/xiaomi-redmi-15-8-128gb-prosesor-qualcomm-snapdragon-685-mobile-1732536932482582089-1737031911092815433,Rp3297000,Rp3599000,,5.0,70+,atlantic168,,2026-10-03 09:37:40.499216
Xiaomi Redmi 17 4G,[Creator] Xiaomi Redmi Note 17 5G 6/128GB 8/256GB 4G 6/128GB 6/256GB,https://www.tokopedia.com/myfon-teleshop/creator-xiaomi-redmi-note-17-5g-6-128gb-8-256gb-4g-6-128gb-6-256gb-1737530535923648133-1737530491536377477,Rp3675000,Rp4099000,,5.0,6,myfon-teleshop,,2026-10-03 09:37:40.502557
Xiaomi Redmi 17 4G,14% (DCG) XIAOMI REDMI 17 || 6/128 GB || 6/256 GB || 4/128GB GARANSI RESMI XIAOMI INDONESIA,https://www.tokopedia.com/digitalcellulargroupos/dcg-xiaomi-redmi-15-8-128-gb-8-256-gb-garansi-resmi-xiaomi-indonesia-layar-ips-lcd-6-9-inci-kamera-108mp-nfc-pengisian-33w-1731169561467978897-1737159679305090193,Rp2975000,Rp3455000,,4.9,100+,digitalcellulargroupos,,2026-10-03 09:37:40.505195
Xiaomi Redmi 17 4G,26% [Promo] Xiaomi Redmi Note 17 5G 8/256GB Note 17 4G 6/128GB 6/256GB,https://www.tokopedia.com/myfon-teleshop/xiaomi-redmi-note-15-5g-8-256gb-12-512gb-1731074457467455109-1735803763471517317,Rp3339600,Rp4499000,,4.9,250+,myfon-teleshop,,2026-10-03 09:37:40.507480
Xiaomi Redmi 17 4G,41% [ PROMO ] XIAOMI REDMI NOTE 17 4G ( 6GB / 128GB-256GB ) GARANSI RESMI | Qualcomm Snapdragon 6s 4G Gen 2  |  AMOLED 6.99 inch,https://www.tokopedia.com/gamer-id-mobile/promo-xiaomi-redmi-note-17-4g-6gb-128gb-256gb-garansi-resmi-qualcomm-snapdragon-6s-4g-gen-2-amoled-6-99-inch-1737298738602149408-1737298834905269792,Rp3739000,Rp6289000,,,6,gamer-id-mobile,,2026-10-03 09:37:40.510100
Xiaomi Redmi 17 4G,Xiaomi Redmi Note 17 4G ( 6/128 6/256 ) Garansi Resmi,https://www.tokopedia.com/ini-toko-budi-shop/xiaomi-redmi-note-15-5g-4g-12-512-8-256-garansi-resmi-1730815309827769831-1737673675910645223,Rp3524000,Rp3525000,,4.9,3rb+,ini-toko-budi-shop,,2026-10-03 09:37:40.512889
Xiaomi Redmi 17 4G,"28% XIAOMI REDMI 17 4G RAM [4/128GB][6/128GB][6/256GB] - Mediatek Helio G91| Redmi17 , redmi 17 GARANSI RESMI",https://www.tokopedia.com/189-cell/xiaomi-redmi-17-4g-ram-4-128gb-6-128gb-6-256gb-mediatek-helio-g91-redmi17-redmi-17-garansi-resmi-1737083988788086306-1737084483647079970,Rp2872900,Rp3999900,,,189,189-cell,,2026-10-03 09:37:40.515350
Xiaomi Redmi 17C,REDMI 17 4/128 6/128 6/256 GARANSI RESMI,https://www.tokopedia.com/uwinfly-dunia-niaga-jaya/redmi-17-4-128-6-128-6-256-garansi-resmi-1737203493604853713-1737204101882480593,Rp2974000,Rp2999000,,,11,uwinfly-dunia-niaga-jaya,,2026-10-03 09:10:18.163541
Xiaomi Redmi 17C,( Special Creator ) Xiaomi Redmi A7 Pro [ 4/128 8/256 ] Garansi Resmi Tam,https://www.tokopedia.com/ini-toko-budi-shop/special-creator-xiaomi-redmi-a7-pro-4-128-8-256-garansi-resmi-tam-1730069320256816615-1737673513928197607,Rp2019000,Rp2020000,,4.9,250+,ini-toko-budi-shop,,2026-10-03 09:10:18.282648
Xiaomi Redmi 17C,Xiaomi Redmi 17 4/128GB | 6/128GB | 6/256GB | Garansi Resmi Xiaomi Indonesia,https://www.tokopedia.com/atlantic168/xiaomi-redmi-15-8-128gb-prosesor-qualcomm-snapdragon-685-mobile-1732536932482582089-1737031911092815433,Rp3297000,Rp3599000,,5.0,70+,atlantic168,,2026-10-03 09:10:18.346579
Xiaomi Redmi 17C,14% (DCG) XIAOMI REDMI 17 || 6/128 GB || 6/256 GB || 4/128GB GARANSI RESMI XIAOMI INDONESIA,https://www.tokopedia.com/digitalcellulargroupos/dcg-xiaomi-redmi-15-8-128-gb-8-256-gb-garansi-resmi-xiaomi-indonesia-layar-ips-lcd-6-9-inci-kamera-108mp-nfc-pengisian-33w-1731169561467978897-1737159679305090193,Rp2975000,Rp3455000,,4.9,100+,digitalcellulargroupos,,2026-10-03 09:10:18.478840
Xiaomi Redmi 17C,Xiaomi Redmi 15C 6/128GB NFC Garansi Resmi,https://www.tokopedia.com/hapejoss/xiaomi-redmi-15c-6-128gb-nfc-garansi-resmi-1732265577345353661,Rp3299000,,,5.0,100+,hapejoss,,2026-10-03 09:10:18.483312
Xiaomi Redmi 17C,Xiaomi Redmi A7 Pro Unisoc T7250 RAM 4GB STORAGE 128GB Garansi Resmi Indonesia 1 Tahun,https://www.tokopedia.com/agresidbogor/xiaomi-redmi-a5-series-unisoc-t7250-ram-8gb-4-4-storage-128gb-garansi-resmi-indonesia-1-tahun-1734572278989751727-1734572283288126895,Rp2209000,Rp2219000,,5.0,4,agresidbogor,,2026-10-03 09:10:18.486711
Xiaomi Redmi 17C,"[ New Product ] Xiaomi Redmi 17 (4/128GB, 6/128GB, 6/256GB) Garansi Resmi Indonesia",https://www.tokopedia.com/cellsius/new-product-xiaomi-redmi-17-4-128gb-6-128gb-6-256gb-garansi-resmi-indonesia-1737075437526026069-1737075659561862997,Rp3000000,,,,,cellsius,,2026-10-03 09:10:18.528764
Xiaomi Redmi M100,26% [Promo] Xiaomi Redmi Note 17 5G 8/256GB Note 17 4G 6/128GB 6/256GB,https://www.tokopedia.com/myfon-teleshop/xiaomi-redmi-note-15-5g-8-256gb-12-512gb-1731074457467455109-1735803763471517317,Rp3339600,Rp4499000,,4.9,250+,myfon-teleshop,,2026-10-03 09:19:56.498089
Xiaomi Redmi M100,( Special Creator ) Xiaomi Redmi A7 Pro [ 4/128 8/256 ] Garansi Resmi Tam,https://www.tokopedia.com/ini-toko-budi-shop/special-creator-xiaomi-redmi-a7-pro-4-128-8-256-garansi-resmi-tam-1730069320256816615-1737673513928197607,Rp2019000,Rp2020000,,4.9,250+,ini-toko-budi-shop,,2026-10-03 09:19:56.500723
Xiaomi Redmi M100,REDMI 17 4/128 6/128 6/256 GARANSI RESMI,https://www.tokopedia.com/uwinfly-dunia-niaga-jaya/redmi-17-4-128-6-128-6-256-garansi-resmi-1737203493604853713-1737204101882480593,Rp2974000,Rp2999000,,,11,uwinfly-dunia-niaga-jaya,,2026-10-03 09:19:56.503266
Xiaomi Redmi M100,Xiaomi Redmi 15C 6/128GB NFC Garansi Resmi,https://www.tokopedia.com/hapejoss/xiaomi-redmi-15c-6-128gb-nfc-garansi-resmi-1732265577345353661,Rp3299000,,,5.0,100+,hapejoss,,2026-10-03 09:19:56.505703
Xiaomi Redmi M100,43% ZTE NUBIA V80 MAX 6GB/128GB & 8GB/128GB GARANSI RESMI - SMARTPHONE Layar Screen,https://www.tokopedia.com/mahkota-accessories/zte-nubia-v80-max-6gb-128gb-8gb-128gb-garansi-resmi-smartphone-1731381430848488652-1737560348272002252,Rp2183000,Rp3800000,,4.8,750+,mahkota-accessories,,2026-10-03 09:19:56.508199
Xiaomi Redmi M100,Xiaomi Redmi A7 Pro [4/64 GB] [4/128 GB] Garansi Resmi Indonesia,https://www.tokopedia.com/duniagadgetku/xiaomi-redmi-a7-pro-4-64-gb-4-128-gb-garansi-resmi-indonesia-1735018991324858171-1736122416574990139,Rp1998500,Rp1999000,,5.0,250+,duniagadgetku,,2026-10-03 09:19:56.510664
Xiaomi Redmi Note 17,13% Xiaomi REDMI Note 17 (6GB+128GB) (6GB+256GB) | REDMI Note 17 5G (6GB+128GB) (8GB+256GB) | 7700mAh & 45W Turbo Charging,https://www.tokopedia.com/xiaomi/xiaomi-redmi-note-17-6gb-128gb-6gb-256gb-redmi-note-17-5g-6gb-128gb-8gb-256gb-7700mah-45w-turbo-charging-1737300722758419993-1737335294771496473,Rp3549000,Rp4099000,,5.0,250+,xiaomi,,2026-10-03 08:39:41.857766
Xiaomi Redmi Note 17,26% [Promo] Xiaomi Redmi Note 17 5G 8/256GB Note 17 4G 6/128GB 6/256GB,https://www.tokopedia.com/myfon-teleshop/xiaomi-redmi-note-15-5g-8-256gb-12-512gb-1731074457467455109-1735803763471517317,Rp3339600,Rp4499000,,4.9,250+,myfon-teleshop,,2026-10-03 08:39:41.861051
Xiaomi Redmi Note 17,Xiaomi Redmi Note 17 6/128 GB 6/256 GB AMOLED FHD + with 50MP Camera 7000mAh Garansi Resmi,https://www.tokopedia.com/doran-gadget-official/xiaomi-redmi-note-15-8-128-gb-8-256-gb-amoled-fhd-with-108mp-camera-6000mah-garansi-resmi-1731167951373633503-1737389577838757855,Rp4038000,,,4.9,100+,doran-gadget-official,,2026-10-03 08:39:41.863515
Xiaomi Redmi Note 17,(RESMI) Xiaomi Redmi Note 17 5G 6/128GB 8/256GB Black Teal Purple Garansi Resmi Indonesia 1 Tahun,https://www.tokopedia.com/putra-group/resmi-xiaomi-redmi-note-15-5g-8-256gb-12-512gb-purple-black-blue-garansi-resmi-xiaomi-1-tahun-1734142237913285632-1737569172937540608,Rp4299000,,,4.7,70+,putra-group,,2026-10-03 08:39:41.865855
Xiaomi Redmi Note 17,(RESMI) Xiaomi Redmi Note 17 5G 6/128GB 8/256GB Black Teal Purple Garansi Resmi Indonesia 1 Tahun,https://www.tokopedia.com/putra-group/resmi-xiaomi-redmi-note-17-5g-6-128gb-black-1737299045669962752-1737299346985223168,Rp4299000,,,,3,putra-group,,2026-10-03 08:39:41.868688
Xiaomi Redmi Note 17,(RESMI) Xiaomi Redmi Note 17 6/128GB 6/256GB Black Teal Purple Garansi Resmi Indonesia 1 Tahun,https://www.tokopedia.com/putra-group/resmi-xiaomi-redmi-note-15-8-256gb-black-purple-blue-garansi-resmi-xiaomi-1-tahun-1734142055917323264-1737299093028570112,Rp3699000,,,5.0,100+,putra-group,,2026-10-03 08:39:41.871301
Xiaomi Redmi Note 17,41% [ PROMO ] XIAOMI REDMI NOTE 17 4G ( 6GB / 128GB-256GB ) GARANSI RESMI | Qualcomm Snapdragon 6s 4G Gen 2  |  AMOLED 6.99 inch,https://www.tokopedia.com/gamer-id-mobile/promo-xiaomi-redmi-note-17-4g-6gb-128gb-256gb-garansi-resmi-qualcomm-snapdragon-6s-4g-gen-2-amoled-6-99-inch-1737298738602149408-1737298834905269792,Rp3739000,Rp6289000,,,6,gamer-id-mobile,,2026-10-03 08:39:41.873662
Xiaomi Redmi Note 17,18% Xiaomi Redmi Note 17 (6/256GB) | Garansi resmi,https://www.tokopedia.com/smilemobile/xiaomi-redmi-note-15-8-256-gb-baterai-besar-6000mah-1731192767152227739-1737795996666791323,Rp3849000,Rp4699000,,4.9,70+,smilemobile,,2026-10-03 08:39:41.876006
Xiaomi Redmi Note 17,43% XIAOMI REDMI NOTE 17 Redmi 17 5G 4G 8/256GB 6/256GB  6/128GB 4/128GB   HANDPHONE PONSEL ANDROID GARANSI RESMI,https://www.tokopedia.com/studiolaptop/realme-note-70-60-60x-6-128gb-4-128gb-4-64gb-handphone-ponsel-android-garansi-resmi-1731268699403487047-1737315861011859271,Rp2931000,Rp5103000,,5.0,100+,studiolaptop,,2026-10-03 08:39:41.878354
Xiaomi Redmi Note 17 (India/China),[Creator] Xiaomi Redmi Note 17 5G 6/128GB 8/256GB 4G 6/128GB 6/256GB,https://www.tokopedia.com/myfon-teleshop/creator-xiaomi-redmi-note-17-5g-6-128gb-8-256gb-4g-6-128gb-6-256gb-1737530535923648133-1737530491536377477,Rp3675000,Rp4099000,,5.0,6,myfon-teleshop,,2026-10-03 09:49:51.896308
Xiaomi Redmi Note 17 (India/China),26% [Promo] Xiaomi Redmi Note 17 5G 8/256GB Note 17 4G 6/128GB 6/256GB,https://www.tokopedia.com/myfon-teleshop/xiaomi-redmi-note-15-5g-8-256gb-12-512gb-1731074457467455109-1735803763471517317,Rp3339600,Rp4499000,,4.9,250+,myfon-teleshop,,2026-10-03 09:49:51.899701
Xiaomi Redmi Note 17 (India/China),13% Xiaomi REDMI Note 17 (6GB+128GB) (6GB+256GB) | REDMI Note 17 5G (6GB+128GB) (8GB+256GB) | 7700mAh & 45W Turbo Charging,https://www.tokopedia.com/xiaomi/xiaomi-redmi-note-17-6gb-128gb-6gb-256gb-redmi-note-17-5g-6gb-128gb-8gb-256gb-7700mah-45w-turbo-charging-1737300722758419993-1737335294771496473,Rp3549000,Rp4099000,,5.0,250+,xiaomi,,2026-10-03 09:49:51.902123
Xiaomi Redmi Note 17 (India/China),(RESMI) Xiaomi Redmi Note 17 5G 6/128GB 8/256GB Black Teal Purple Garansi Resmi Indonesia 1 Tahun,https://www.tokopedia.com/putra-group/resmi-xiaomi-redmi-note-15-5g-8-256gb-12-512gb-purple-black-blue-garansi-resmi-xiaomi-1-tahun-1734142237913285632-1737569172937540608,Rp4299000,,,4.7,70+,putra-group,,2026-10-03 09:49:51.904541
Xiaomi Redmi Note 17 (India/China),(RESMI) Xiaomi Redmi Note 17 6/128GB 6/256GB Black Teal Purple Garansi Resmi Indonesia 1 Tahun,https://www.tokopedia.com/putra-group/resmi-xiaomi-redmi-note-15-8-256gb-black-purple-blue-garansi-resmi-xiaomi-1-tahun-1734142055917323264-1737299093028570112,Rp3699000,,,5.0,100+,putra-group,,2026-10-03 09:49:51.906910
Xiaomi Redmi Note 17 (India/China),(RESMI) Xiaomi Redmi Note 17 5G 6/128GB 8/256GB Black Teal Purple Garansi Resmi Indonesia 1 Tahun,https://www.tokopedia.com/putra-group/resmi-xiaomi-redmi-note-17-5g-6-128gb-black-1737299045669962752-1737299346985223168,Rp4299000,,,,3,putra-group,,2026-10-03 09:49:51.909582
Xiaomi Redmi Note 17 (India/China),41% [ PROMO ] XIAOMI REDMI NOTE 17 4G ( 6GB / 128GB-256GB ) GARANSI RESMI | Qualcomm Snapdragon 6s 4G Gen 2  |  AMOLED 6.99 inch,https://www.tokopedia.com/gamer-id-mobile/promo-xiaomi-redmi-note-17-4g-6gb-128gb-256gb-garansi-resmi-qualcomm-snapdragon-6s-4g-gen-2-amoled-6-99-inch-1737298738602149408-1737298834905269792,Rp3739000,Rp6289000,,,6,gamer-id-mobile,,2026-10-03 09:49:51.912213
Xiaomi Redmi Note 17 (India/China),Xiaomi Redmi Note 17 5G ( 6/128 6/256 ) Garansi Resmi Tam,https://www.tokopedia.com/ini-toko-budi-shop/xiaomi-redmi-note-15-5g-8-256-12-512-garansi-resmi-tam-1730815309158122983-1737673913024873959,Rp4198000,Rp4199000,,4.9,1rb+,ini-toko-budi-shop,,2026-10-03 09:49:51.914714
Xiaomi Redmi Note 17 (India/China),55% Redmi Note 17 5G 8/256GB 6/256GB 6/128GB Garansi Resmi Xiaomi,https://www.tokopedia.com/digitechmall/redmi-note-15-5g-8-256gb-12-512gb-4g-8-128gb-garansi-resmi-xiaomi-1730856039339951731-1737332570978551411,Rp3616486,Rp7999000,,4.9,100+,digitechmall,,2026-10-03 09:49:51.917209
Xiaomi Redmi Note 17 (India/China),Xiaomi Redmi Note 17 4G ( 6/128 6/256 ) Garansi Resmi,https://www.tokopedia.com/ini-toko-budi-shop/xiaomi-redmi-note-15-5g-4g-12-512-8-256-garansi-resmi-1730815309827769831-1737673675910645223,Rp3524000,Rp3525000,,4.9,3rb+,ini-toko-budi-shop,,2026-10-03 09:49:51.919636
Xiaomi Redmi Note 17 Pro,Xiaomi Redmi Note 17 Pro 5G ( 8/256 8/512 ) Garansi Resmi Tam New,https://www.tokopedia.com/ini-toko-budi-shop/xiaomi-redmi-note-15-pro-5g-8-256-12-512-garansi-resmi-tam-new-1730815309845333479-1737673762121090535,Rp5448000,Rp5449000,,4.9,4rb+,ini-toko-budi-shop,,2026-10-03 08:33:58.875721
Xiaomi Redmi Note 17 Pro,Xiaomi REDMI Note 17 Pro 5G | REDMI Note 17 Pro Max 5G | 10000mAh & 100W HyperCharge,https://www.tokopedia.com/xiaomi/xiaomi-redmi-note-17-pro-5g-redmi-note-17-pro-max-5g-10000mah-100w-hypercharge-1737300489626093081-1737336609168852505,Rp5799000,Rp6099000,,5.0,250+,xiaomi,,2026-10-03 08:33:58.879319
Xiaomi Redmi Note 17 Pro,XIAOMI REDMI NOTE 17 PRO 5G 8/256 GB | 8/512 GB GARANSI RESMI,https://www.tokopedia.com/qstore-pedia/xiaomi-redmi-note-13-pro-5g-8-256-gb-garansi-resmi-1737462526008788053,Rp5774000,Rp6300000,,5.0,90+,qstore-pedia,,2026-10-03 08:33:58.883044
Xiaomi Redmi Note 17 Pro,(RESMI) Xiaomi Redmi Note 17 Pro 5G 8/256GB 8/512GB Hitam Biru Ungu Garansi Resmi Indonesia 1 Tahun,https://www.tokopedia.com/putra-group/resmi-xiaomi-redmi-note-17-pro-5g-8-512gb-hitam-biru-ungu-garansi-resmi-indonesia-1-tahun-1737570432226591744-1737638437263213568,Rp5699000,,,,3,putra-group,,2026-10-03 08:33:58.885652
Xiaomi Redmi Note 17 Pro,12% ( Premium ) Xiaomi Redmi Note 17 Pro 5G ( 6/256 8/256 8/512 ) Garansi Resmi Tam New,https://www.tokopedia.com/ini-toko-budi-shop/premium-xiaomi-redmi-note-17-pro-5g-6-256-8-256-8-512-garansi-resmi-tam-new-1737339780678976999-1737673751481124327,Rp5147120,Rp5850000,,,8,ini-toko-budi-shop,,2026-10-03 08:33:58.888639
Xiaomi Redmi Note 17 Pro,Xiaomi Redmi Note 17 Pro 5G 8/256 GB - Garansi Resmi Xiaomi Indonesia,https://www.tokopedia.com/universestore/xiaomi-redmi-note-17-pro-5g-8-256-gb-garansi-resmi-xiaomi-indonesia-1737585591216670161-1737585596234761681,Rp5929000,Rp5930000,,,,universestore,,2026-10-03 08:33:58.891637
Xiaomi Redmi Note 17 Pro,39% Xiaomi Redmi Note 17 Pro 5G 8/256GB 8/512GB Garansi Resmi Indonesia,https://www.tokopedia.com/jajaningadget/xiaomi-redmi-note-17-5g-6-128gb-6-256gb-garansi-resmi-indonesia-1737538560127436178-1737538628101178770,Rp5454000,Rp8999000,,,,jajaningadget,,2026-10-03 08:33:58.894957
Xiaomi Redmi Note 17 Pro,Xiaomi Redmi Note 17 Pro 5G 8/256 8/512 Garansi Resmi Xiaomi Indonesia,https://www.tokopedia.com/ljsofficial/xiaomi-redmi-note-10-pro-6-64-gb-garansi-resmi-1737479658541647262,Rp5849000,,,5.0,12,ljsofficial,,2026-10-03 08:33:58.898553
Xiaomi Redmi Note 17 Pro,44% [ PROMO ] Xiaomi Redmi Note 17 Pro 5G ( 8/256 8/512 ) Garansi Resmi,https://www.tokopedia.com/agresworld/promo-xiaomi-redmi-note-17-pro-5g-8-256-8-512-garansi-resmi-1737556883150702567-1737556999325648871,Rp5624000,Rp9999000,,,,agresworld,,2026-10-03 08:33:58.901177
Xiaomi Redmi Note 17 Pro (China),XIAOMI REDMI NOTE 17 PRO 5G 8/256 GB | 8/512 GB GARANSI RESMI,https://www.tokopedia.com/qstore-pedia/xiaomi-redmi-note-13-pro-5g-8-256-gb-garansi-resmi-1737462526008788053,Rp5774000,Rp6300000,,5.0,90+,qstore-pedia,,2026-10-03 09:45:50.055257
Xiaomi Redmi Note 17 Pro (China),(RESMI) Xiaomi Redmi Note 17 Pro 5G 8/256GB 8/512GB Hitam Biru Ungu Garansi Resmi Indonesia 1 Tahun,https://www.tokopedia.com/putra-group/resmi-xiaomi-redmi-note-17-pro-5g-8-512gb-hitam-biru-ungu-garansi-resmi-indonesia-1-tahun-1737570432226591744-1737638437263213568,Rp5699000,,,,3,putra-group,,2026-10-03 09:45:50.058897
Xiaomi Redmi Note 17 Pro (China),Xiaomi REDMI Note 17 Pro 5G | REDMI Note 17 Pro Max 5G | 10000mAh & 100W HyperCharge,https://www.tokopedia.com/xiaomi/xiaomi-redmi-note-17-pro-5g-redmi-note-17-pro-max-5g-10000mah-100w-hypercharge-1737300489626093081-1737336609168852505,Rp5799000,Rp6099000,,5.0,250+,xiaomi,,2026-10-03 09:45:50.061244
Xiaomi Redmi Note 17 Pro (China),Xiaomi Redmi Note 17 Pro 5G ( 8/256 8/512 ) Garansi Resmi Tam New,https://www.tokopedia.com/ini-toko-budi-shop/xiaomi-redmi-note-15-pro-5g-8-256-12-512-garansi-resmi-tam-new-1730815309845333479-1737673762121090535,Rp5448000,Rp5449000,,4.9,4rb+,ini-toko-budi-shop,,2026-10-03 09:45:50.063706
Xiaomi Redmi Note 17 Pro (China),12% ( Premium ) Xiaomi Redmi Note 17 Pro 5G ( 6/256 8/256 8/512 ) Garansi Resmi Tam New,https://www.tokopedia.com/ini-toko-budi-shop/premium-xiaomi-redmi-note-17-pro-5g-6-256-8-256-8-512-garansi-resmi-tam-new-1737339780678976999-1737673751481124327,Rp5147120,Rp5850000,,,8,ini-toko-budi-shop,,2026-10-03 09:45:50.066359
Xiaomi Redmi Note 17 Pro (China),39% Xiaomi Redmi Note 17 Pro 5G 8/256GB 8/512GB Garansi Resmi Indonesia,https://www.tokopedia.com/jajaningadget/xiaomi-redmi-note-17-5g-6-128gb-6-256gb-garansi-resmi-indonesia-1737538560127436178-1737538628101178770,Rp5454000,Rp8999000,,,,jajaningadget,,2026-10-03 09:45:50.068605
Xiaomi Redmi Note 17 Pro (China),[jikalaku] Redmi NOTE 17 PRO 5G Garansi Resmi Xiaomi Indonesia,https://www.tokopedia.com/jikalaku2jikalaku/jikalaku-redmi-note-17-pro-5g-garansi-resmi-xiaomi-indonesia-1737476875588109936-1737476875439998576,Rp5906000,,,,,jikalaku2jikalaku,,2026-10-03 09:45:50.070805
Xiaomi Redmi Note 17 Pro (China),[jikalaku] Redmi NOTE 17 PRO 5G Garansi Resmi Xiaomi Indonesia,https://www.tokopedia.com/jikalaku/jikalaku-redmi-note-17-pro-5g-garansi-resmi-xiaomi-indonesia-1737476873273771045-1737476812939166757,Rp5905500,,,,4,jikalaku,,2026-10-03 09:45:50.073031
Xiaomi Redmi Note 17 Pro (China),Xiaomi Redmi Note 17 Pro 5G 8/256 8/512 Garansi Resmi Xiaomi Indonesia,https://www.tokopedia.com/ljsofficial/xiaomi-redmi-note-10-pro-6-64-gb-garansi-resmi-1737479658541647262,Rp5849000,,,5.0,12,ljsofficial,,2026-10-03 09:45:50.075611
Xiaomi Redmi Note 17 Pro Max,( Special Creator ) Xiaomi Redmi Note 17 Pro Max ( 5G ) ( 8/512 8/256 )Garansi Resmi,https://www.tokopedia.com/ini-toko-budi-shop/special-creator-xiaomi-redmi-note-14-4g-8-128-8-256-garansi-resmi-1730815296574883303-1737673982210704871,Rp6924000,Rp6925000,,4.9,750+,ini-toko-budi-shop,,2026-10-03 08:28:58.248947
Xiaomi Redmi Note 17 Pro Max,Xiaomi REDMI Note 17 Pro 5G | REDMI Note 17 Pro Max 5G | 10000mAh & 100W HyperCharge,https://www.tokopedia.com/xiaomi/xiaomi-redmi-note-17-pro-5g-redmi-note-17-pro-max-5g-10000mah-100w-hypercharge-1737300489626093081-1737336609168852505,Rp5799000,Rp6099000,,5.0,250+,xiaomi,,2026-10-03 08:28:58.261204
Xiaomi Redmi Note 17 Pro Max,(RESMI) Xiaomi Redmi Note 17 Pro Max 5G 8/256GB Cloud Blush Green Black Garansi Resmi Indonesia 1 Tahun,https://www.tokopedia.com/putra-group/resmi-xiaomi-redmi-note-17-pro-max-5g-8-256gb-cloud-blush-green-black-1737638104315364352-1737638419575374848,Rp7074000,Rp7099000,,,,putra-group,,2026-10-03 08:28:58.263949
Xiaomi Redmi Note 17 Pro Max,"Xiaomi REDMI Note 17 Pro Max 5G 8/256GB | 8/512GB 10000mAh & 100W HyperCharge - Black, 8/256GB",https://www.tokopedia.com/doranwearableofficial/xiaomi-redmi-note-15-pro-5g-8-256-gb-12-512-gb-1734244474440352939,Rp7651000,,,,1,doranwearableofficial,,2026-10-03 08:28:58.266404
Xiaomi Redmi Note 17 Pro Max,Xiaomi Redmi Note 17 Pro Max ( 5G ) 8/256 8/512 Garansi Resmi,https://www.tokopedia.com/ini-toko-budi-shop/xiaomi-redmi-note-14-4g-5g-8-128-8-256-12-512-garansi-resmi-1730815296533333479-1737673980094481895,Rp6848000,Rp6849000,,4.9,3rb+,ini-toko-budi-shop,,2026-10-03 08:28:58.269711
Xiaomi Redmi Note 17 Pro Max,12% ( Premium ) Xiaomi Redmi Note 17 Pro Max ( 5G ) 8/256 8/512 Garansi Resmi,https://www.tokopedia.com/ini-toko-budi-shop/premium-xiaomi-redmi-note-17-pro-max-5g-8-256-8-512-garansi-resmi-1737339784142357991-1737673733017077223,Rp6423120,Rp7300000,,,4,ini-toko-budi-shop,,2026-10-03 08:28:58.367865
Xiaomi Redmi Note 17 Pro Max,[jikalaku] Redmi NOTE 17 PRO MAX 5G Garansi Resmi Xiaomi Indonesia,https://www.tokopedia.com/jikalaku2jikalaku/jikalaku-redmi-note-17-pro-max-5g-garansi-resmi-xiaomi-indonesia-1737477219058288240-1737477218384184944,Rp8108000,,,,,jikalaku2jikalaku,,2026-10-03 08:28:58.370963
Xiaomi Redmi Note 17 Pro Max,[jikalaku] Redmi NOTE 17 PRO MAX 5G Garansi Resmi Xiaomi Indonesia,https://www.tokopedia.com/jikalaku/jikalaku-redmi-note-17-pro-max-5g-garansi-resmi-xiaomi-indonesia-1737477200730227749-1737477190854345765,Rp8107800,,,,,jikalaku,,2026-10-03 08:28:58.374032
Xiaomi Redmi Note 17 Pro Max,XIAOMI Redmi Note 17 Pro Max 5G - Garansi Resmi,https://www.tokopedia.com/pandawatiga/xiaomi-redmi-note-17-pro-max-5g-garansi-resmi-1737727880477050119-1737727936383321351,Rp8089000,,,,,pandawatiga,,2026-10-03 08:28:58.376464
itel A100,23% [Exclusive Andriyadiishow] Itel A100Cs 3+5GB RAM / 64GB ROM | 4+8GB RAM / 64GB ROM - Durabilitas Militer,https://www.tokopedia.com/itel-official-store/exclusive-andriyadiishow-itel-a100c-3-5gb-ram-64gb-rom-4-8gb-ram-64gb-rom-durabilitas-militer-1733516852052658164-1737111084577163252,Rp1779000,Rp2299000,,4.9,2rb+,itel-official-store,,2026-10-03 09:30:01.527074
itel A100,Itel A100Cs A100 Cs  4/64Gb 3/64Gb Garansi Resmi By Infinix,https://www.tokopedia.com/ini-toko-budi-shop/itel-s23-8-128gb-8-256gb-garansi-resmi-by-itel-indonesia-1737683180772099559,Rp1564000,Rp1565000,,5.0,2rb+,ini-toko-budi-shop,,2026-10-03 09:30:01.533396
itel A100,41% [SPESIAL KING KEVIN] Itel A100Cs 3+5GB RAM / 64GB ROM | 4+8GB RAM / 64GB ROM - Military Grade Durability - Dynamic Bar,https://www.tokopedia.com/itel-official-store/spesial-king-kevin-itel-a100c-3-5gb-ram-64gb-rom-4-8gb-ram-64gb-rom-military-grade-durability-dynamic-bar-1734216165717411828-1737097856888375284,Rp1779000,Rp2999000,,5.0,40+,itel-official-store,,2026-10-03 09:30:01.536366
itel A100,16% [SPESIAL PENTY X ITEL] Itel A100CS 3+5GB RAM / 64GB ROM - Military Grade Durability - Dynamic Bar,https://www.tokopedia.com/itel-official-store/spesial-penty-x-itel-itel-a100c-3-5gb-ram-64gb-rom-4-8gb-ram-64gb-rom-military-grade-durability-dynamic-bar-1733875295949391860-1737390690306983924,Rp1679000,Rp1999000,,4.5,250+,itel-official-store,,2026-10-03 09:30:01.538951
itel A100,61% ITEL CITY 200 / ITEL 200 / ITEL A100 / ITEL A100CS 4/128GB 4/64GB 3/64GB - GARANSI RESMI ORIGINAL,https://www.tokopedia.com/gateway/itel-city-200-nfc-ip65-6-78-120hz-display-50mp-camera-5200mah-18w-fast-charge-1735499119434958261-1736380020380042677,Rp1585000,Rp4099000,,4.9,100+,gateway,,2026-10-03 09:30:01.541552
itel A100 Pro,"iTel A100C S 3/64GB 4/64GB | New Design | 6.66"" | 5000mAh | Garansi Resmi",https://www.tokopedia.com/bintangtimurselindo/itel-a100c-s-3-64gb-4-64gb-new-design-6-66-5000mah-garansi-resmi-1736344818569479870-1736344727053043390,Rp1615000,,,4.9,250+,bintangtimurselindo,,2026-10-01 07:06:01.406859
itel A100 Pro,"33% ITEL A100C 2GB/3GB/4GB/6GB  64GB 128GB - Unisoc T7100 Octa-core Layar 6,6"" 8MP+5MP Camera | 5000 mAh | Garansi Resmi",https://www.tokopedia.com/complete-selular/itel-a100c-2gb-3gb-4gb-6gb-64gb-128gb-unisoc-t7100-octa-core-layar-6-6-8mp-5mp-camera-5000-mah-garansi-resmi-1734095064078976794,Rp1799000,Rp2699000,,5.0,30+,complete-selular,,2026-10-01 07:06:01.411379
itel A100 Pro,23% [Exclusive Andriyadiishow] Itel A100Cs 3+5GB RAM / 64GB ROM | 4+8GB RAM / 64GB ROM - Durabilitas Militer,https://www.tokopedia.com/itel-official-store/exclusive-andriyadiishow-itel-a100c-3-5gb-ram-64gb-rom-4-8gb-ram-64gb-rom-durabilitas-militer-1733516852052658164-1737111084577163252,Rp1779000,Rp2299000,,4.9,2rb+,itel-official-store,,2026-10-01 07:06:01.414777
itel A100 Pro,ITEL A100 CS 8/64 GB,https://www.tokopedia.com/ctrcellular/infinix-hot-50i-12-l-128-gb,Rp2700000,,,5.0,13,ctrcellular,,2026-10-01 07:06:01.417727
itel A100 Pro,61% ITEL CITY 200 / ITEL 200 / ITEL A100 / ITEL A100CS 4/128GB 4/64GB 3/64GB - GARANSI RESMI ORIGINAL,https://www.tokopedia.com/gateway/itel-city-200-nfc-ip65-6-78-120hz-display-50mp-camera-5200mah-18w-fast-charge-1735499119434958261-1736380020380042677,Rp1585000,Rp4099000,,4.9,100+,gateway,,2026-10-01 07:06:01.420503
itel A100 Pro,Itel A100Cs A100 Cs  4/64Gb 3/64Gb Garansi Resmi By Infinix,https://www.tokopedia.com/ini-toko-budi-shop/itel-s23-8-128gb-8-256gb-garansi-resmi-by-itel-indonesia-1737683180772099559,Rp1564000,Rp1565000,,5.0,2rb+,ini-toko-budi-shop,,2026-10-01 07:06:01.423115
itel A100C,"iTel A100C S 3/64GB 4/64GB | New Design | 6.66"" | 5000mAh | Garansi Resmi",https://www.tokopedia.com/bintangtimurselindo/itel-a100c-s-3-64gb-4-64gb-new-design-6-66-5000mah-garansi-resmi-1736344818569479870-1736344727053043390,Rp1615000,,,4.9,250+,bintangtimurselindo,,2026-10-03 09:24:46.162206
itel A100C,30% [IRVAN GALIH X ITEL] Itel A100C 3+5GB RAM / 64 GB ROM | 4+8GB RAM / 64GB ROM - Military Grade Durability - Dynamic Bar,https://www.tokopedia.com/itel-official-store/irvan-galih-x-itel-itel-a100c-3-5gb-ram-64-gb-rom-4-8gb-ram-64gb-rom-military-grade-durability-dynamic-bar-1733918437994891252-1737551795911952372,Rp1679000,Rp2399000,,5.0,100+,itel-official-store,,2026-10-03 09:24:46.165203
itel A100C,23% [Exclusive Andriyadiishow] Itel A100Cs 3+5GB RAM / 64GB ROM | 4+8GB RAM / 64GB ROM - Durabilitas Militer,https://www.tokopedia.com/itel-official-store/exclusive-andriyadiishow-itel-a100c-3-5gb-ram-64gb-rom-4-8gb-ram-64gb-rom-durabilitas-militer-1733516852052658164-1737111084577163252,Rp1779000,Rp2299000,,4.9,2rb+,itel-official-store,,2026-10-03 09:24:46.167758
itel A100C,(SPESIAL CREATOR) ITEL A100CS {3GB 64GB} {BOX CHA + SCR} GARANSI RESMI INDONESIA,https://www.tokopedia.com/gamer-id-bogor/itel-a100cs-3gb-64gb-box-cha-scr-garansi-resmi-indonesia-1736950239231379305-1736950245652268905,Rp1590850,Rp1600850,,5.0,11,gamer-id-bogor,,2026-10-03 09:24:46.170171
itel A100C,[Special Creator] ITEL A100CS 3GB 64GB (BOX CHA + SCR) Garansi Resmi Itel indonesia,https://www.tokopedia.com/legendeltro-id/special-creator-itel-a100cs-3gb-64gb-box-cha-scr-garansi-resmi-itel-indonesia-1737111068010185777-1737111088767861809,Rp1590850,Rp1600850,,5.0,15,legendeltro-id,,2026-10-03 09:24:46.172619
itel A100C,Itel A100Cs A100 Cs  4/64Gb 3/64Gb Garansi Resmi By Infinix,https://www.tokopedia.com/ini-toko-budi-shop/itel-s23-8-128gb-8-256gb-garansi-resmi-by-itel-indonesia-1737683180772099559,Rp1564000,Rp1565000,,5.0,2rb+,ini-toko-budi-shop,,2026-10-03 09:24:46.175127
itel A100Cs,(SPESIAL CREATOR) ITEL A100CS {3GB 64GB} {BOX CHA + SCR} GARANSI RESMI INDONESIA,https://www.tokopedia.com/gamer-id-bogor/itel-a100cs-3gb-64gb-box-cha-scr-garansi-resmi-indonesia-1736950239231379305-1736950245652268905,Rp1590850,Rp1600850,,5.0,10,gamer-id-bogor,,2026-10-01 06:52:22.344414
itel A100Cs,23% [Exclusive Andriyadiishow] Itel A100Cs 3+5GB RAM / 64GB ROM | 4+8GB RAM / 64GB ROM - Durabilitas Militer,https://www.tokopedia.com/itel-official-store/exclusive-andriyadiishow-itel-a100c-3-5gb-ram-64gb-rom-4-8gb-ram-64gb-rom-durabilitas-militer-1733516852052658164-1737111084577163252,Rp1779000,Rp2299000,,4.9,2rb+,itel-official-store,,2026-10-01 06:52:22.350341
itel A100Cs,42% [ TP ] ITEL A100CS ( 3/64GB ) GARANSI RESMI,https://www.tokopedia.com/digital-electronics-lifestyle/tp-itel-a100cs-3-64gb-garansi-resmi-1735729418464691732-1735729431787308564,Rp1575000,Rp2700000,,5.0,2rb+,digital-electronics-lifestyle,,2026-10-01 06:52:22.353163
itel A100Cs,"ITEL A100CS NEW DESIGN | UNISOC T7100 | 3GB 64GB | 6.6""IPS, 90Hz | 5000 mAh,15W | 8MP | Garansi Resmi Indonesia - Murah Dan Terpecaya",https://www.tokopedia.com/eternal-komputerid/anker-soundcore-r50i-stick-earphone-wireless-bluetooth-5-3-extra-bass-1736025937353344742,Rp1585000,,,5.0,250+,eternal-komputerid,,2026-10-01 06:52:22.355514
itel A200,61% ITEL CITY 200 / ITEL 200 / ITEL A100 / ITEL A100CS 4/128GB 4/64GB 3/64GB - GARANSI RESMI ORIGINAL,https://www.tokopedia.com/gateway/itel-city-200-nfc-ip65-6-78-120hz-display-50mp-camera-5200mah-18w-fast-charge-1735499119434958261-1736380020380042677,Rp1585000,Rp4099000,,4.9,100+,gateway,,2026-10-03 08:29:20.162477
itel A200,60% ITEL A200 / A100CS 3GB 64GB GARANSI RESMI,https://www.tokopedia.com/prostorecomputer/itel-a200-3gb-128gb-meteor-titanium-box-cha-scr-1736178640324757403-1737568690552211355,Rp1585000,Rp3999000,,5.0,7,prostorecomputer,,2026-10-03 08:29:20.168793
itel A200,itel A200 4GB RAM 128GB ROM Garansi Resmi Indonesia,https://www.tokopedia.com/depoklaptop/itel-a100c-3gb-ram-64gb-rom-garansi-resmi-indonesia-unisoc-t7100-6-6-inch-ips-lcd-90hz-5000mah-baterai-android-15-go-edition-1731059395296397237-1735798442545809333,Rp1839000,Rp1849000,,5.0,40+,depoklaptop,,2026-10-03 08:29:20.171527
itel A200,"ITEL A200 [4+128GB] [4+64GB] - 6.75"" 120Hz Super Smooth Display, 5000mAh 15W | GARANSI RESMI ITEL INDONESIA",https://www.tokopedia.com/grandstorecell/hydrogell-screen-protector-crystal-clear-itel-a200-6-256gb-garansi-resmi-1735685520510256583-1735701840560227783,Rp1877000,Rp1879000,,4.2,100+,grandstorecell,,2026-10-03 08:29:20.174077
itel A200+,[Special Nexgadgetid] ITEL A200 4GB/64GB 3GB/128GB - Garansi Resmi Nasional,https://www.tokopedia.com/indahponsel/special-nexgadgetid-itel-a200-4gb-64gb-3gb-128gb-garansi-resmi-nasional-1735823544075716173-1737450988337989197,Rp1842000,,,5.0,1,indahponsel,,2026-10-01 07:14:54.393893
itel A200+,ITEL A200 [3GB / 128GB] [4GB / 64GB] - GARANSI RESMI INDONESIA,https://www.tokopedia.com/royalltech/itel-a200-3gb-128gb-4gb-64gb-1735944402722194935-1735944623150499319,Rp3974000,Rp3999000,,5.0,15,royalltech,,2026-10-01 07:14:54.397358
itel A200+,23% [Exclusive Andriyadiishow] Itel A100Cs 3+5GB RAM / 64GB ROM | 4+8GB RAM / 64GB ROM - Durabilitas Militer,https://www.tokopedia.com/itel-official-store/exclusive-andriyadiishow-itel-a100c-3-5gb-ram-64gb-rom-4-8gb-ram-64gb-rom-durabilitas-militer-1733516852052658164-1737111084577163252,Rp1779000,Rp2299000,,4.9,2rb+,itel-official-store,,2026-10-01 07:14:54.399645
itel A200+,NUBIA FOCUS 2 5G 8/256 GB GARANSI RESMI NUBIA FOCUS 2 5G RAM UP TO 20 GB,https://www.tokopedia.com/gadget-ind-store-/nubia-focus-2-5g-8-256-gb-garansi-resmi-nubia-focus-2-5g-ram-up-to-20-gb-1732021019236730752,Rp2599000,,,,30+,gadget-ind-store-,,2026-10-01 07:14:54.402291
itel A200+,[ SPESIAL CREATOR ] Itel A100CS 3+5GB RAM / 64GB ROM - Military Grade Durability - Dinamiv bar - A100CS,https://www.tokopedia.com/gamingdistributorid/spesial-creator-itel-a100cs-3-5gb-ram-64gb-rom-military-grade-durability-dinamiv-bar-a100cs-1736986227524011630-1736986229749286510,Rp1600850,,,,,gamingdistributorid,,2026-10-01 07:14:54.404525
itel A200+,60% ITEL A200 / A100CS 3GB 64GB GARANSI RESMI,https://www.tokopedia.com/prostorecomputer/itel-a200-3gb-128gb-meteor-titanium-box-cha-scr-1736178640324757403-1737568690552211355,Rp1585000,Rp3999000,,5.0,7,prostorecomputer,,2026-10-01 07:14:54.406850
itel A300C,43% ZTE NUBIA V80 MAX 6GB/128GB & 8GB/128GB GARANSI RESMI - SMARTPHONE Layar Screen,https://www.tokopedia.com/mahkota-accessories/zte-nubia-v80-max-6gb-128gb-8gb-128gb-garansi-resmi-smartphone-1731381430848488652-1737560348272002252,Rp2183000,Rp3800000,,4.8,750+,mahkota-accessories,,2026-10-01 06:47:46.704988
itel A300C,23% [Exclusive Andriyadiishow] Itel A100Cs 3+5GB RAM / 64GB ROM | 4+8GB RAM / 64GB ROM - Durabilitas Militer,https://www.tokopedia.com/itel-official-store/exclusive-andriyadiishow-itel-a100c-3-5gb-ram-64gb-rom-4-8gb-ram-64gb-rom-durabilitas-militer-1733516852052658164-1737111084577163252,Rp1779000,Rp2299000,,4.9,2rb+,itel-official-store,,2026-10-01 06:47:46.711164
itel A300C,"25% NEW LAUNCH HONOR X6c 6GB+256GB (Moonlight White / Midnight Black) - Storage Luas 256GB, 50MP , 5300mAh 35W Fitur Magic Capsule, Desain Stylish & Modern, Smartphone Handal Value for Money",https://www.tokopedia.com/honor-official-store/new-launch-honor-x6c-5300-mah-baterai-besar-6gb-256gb-50-mp-kamera-utama-5-mp-kamera-selfie-ai-button-creation-1736085646690650035-1736086159122859955,Rp2999000,Rp3999000,,5.0,19,honor-official-store,,2026-10-01 06:47:46.713837
itel A300C,69% Official itel VistaTab 30 GT RAM 12*(6+6)+128GB Helio G99 Ultimate include stylus & keyboard Slot SIM Card UFS Storage - 7000mAh,https://www.tokopedia.com/itel-official-store/official-itel-vistatab-30-gt-ram-12-6-6-128gb-helio-g99-ultimate-include-stylus-keyboard-slot-sim-card-ufs-storage-7000mah-1731882710835103732-1736870848409667572,Rp2799000,Rp8999000,,4.9,2rb+,itel-official-store,,2026-10-01 06:47:46.716515
itel A300C,[HARGA AMBYAR] Infinix Smart 20 4/256GB - Up to 8GB Extended RAM - Mediatek Helio G81 - 6.78” - 8MP - 5200 mAh - IP64,https://www.tokopedia.com/modern-selular/infinix-smart-20-4-256gb-up-to-8gb-extended-ram-mediatek-helio-g81-6-78-8mp-5200-mah-ip64-1735376647984940055-1735376716309038103,Rp2249000,Rp2399000,,4.9,750+,modern-selular,,2026-10-01 06:47:46.719048
itel A300C,"TECNO POVA 8 PRO 5G 8+8GB*/256GB TONINO LAMBORGHINI LIMITED EDITION, Dual Gaming Chipset Mediatek D7400 Ultimate 5G + P1 Graphic Chip up to 144 FPS, IP69K, Android 16 - HiOS 16  - POVA8PRO",https://www.tokopedia.com/tecnoofficialstore/coming-soon-pova-8-pro-5g-8-8gb-256gb-lamborghini-edition-1737093105534600267-1737093062063129675,Rp6399000,Rp6799000,,4.9,100+,tecnoofficialstore,,2026-10-01 06:47:46.721467
itel A90,ITEL A90 4/64 & 4/128 NEW GARANSI RESMI,https://www.tokopedia.com/winstorehp/itel-a90-4-64-4-128-new-garansi-resmi-1731581062617204029,Rp1000000,Rp1025000,,,40+,winstorehp,,2026-10-03 09:54:15.291167
itel A90,Itel a90 4/64 gb new garansi resmi itel indonesia 24 bulan,https://www.tokopedia.com/gadgetblack/itel-a90-4-64-gb-new-garansi-resmi-itel-indonesia-24-bulan-1731596182611002974,Rp1500000,,,5.0,21,gadgetblack,,2026-10-03 09:54:15.294017
itel A90,handphone ITEL A90 ram 4/128,https://www.tokopedia.com/diedic-kurniawan/itel-a90-4gb-ram-64gb-rom-smartphone-android-14-layar-6-6-inci-ips-lcd-kamera-ganda-baterai-5000mah-desain-elegan-ip54-1733146116805265100,Rp975000,Rp1000000,,,3,diedic-kurniawan,,2026-10-03 09:54:15.296730
itel A90,"Itel A90 4/256 | 90 Hz 6,6 Inc | 13 MP Camera |   Garansi resmi Itel Indonesia",https://www.tokopedia.com/habitat-gadget/itel-a90-4-256-90-hz-6-6-inc-13-mp-camera-garansi-resmi-itel-indonesia-1732493439195579582,Rp1010000,Rp1035000,,,16,habitat-gadget,,2026-10-03 09:54:15.299306
itel A90,ITEL A90 RAM 4 GB / 128 GB,https://www.tokopedia.com/platinumos/itel-a90-ram-4-gb-128-gb-1732164194400502944,Rp1074000,Rp1099000,,,2,platinumos,,2026-10-03 09:54:15.301958
itel A90,ITEL A90 4/64 GB 4/128 GB Garansi Resmi ITEL Indonesia 24 Bulan,https://www.tokopedia.com/duamaretce/itel-a90-4-64-gb-4-128-gb-garansi-resmi-itel-indonesia-24-bulan-1734493778569561184,Rp1474000,Rp1499000,,,,duamaretce,,2026-10-03 09:54:15.304323
itel A90,ITEL A90 4/128 BNIB NEW NO REPACK!!,https://www.tokopedia.com/dea-gadget/itel-a90-4-128-bnib-new-no-repack-1733597105388357588,Rp1150000,Rp1175000,,,,dea-gadget,,2026-10-03 09:54:15.306711
itel A90,Itel A90 4/64 Garansi Resmi Itel Indonesia,https://www.tokopedia.com/barokahcell24/itel-a90-4-64-garansi-resmi-itel-indonesia-1733368420727883183,Rp934999,Rp959999,,,2,barokahcell24,,2026-10-03 09:54:15.309121
itel A90,"itel A90, RAM 4/64 warna Biru",https://www.tokopedia.com/sylvanalestary/itel-a90-ram-4-64-warna-biru-1732289636609852590,Rp974000,Rp999000,,,,sylvanalestary,,2026-10-03 09:54:15.311398
itel A90,Itel A90 Ram 4/64GB Garansi Resmi,https://www.tokopedia.com/muzierion-olshop/itel-a90-ram-4-64gb-garansi-resmi-1735880949728183690,Rp1974000,Rp1999000,,,,muzierion-olshop,,2026-10-03 09:54:15.314080
itel City 100,Itel city 100 8/128 garansi resmi original,https://www.tokopedia.com/fearman-celluler/itel-city-100-8-128-garansi-resmi-original-1732296874526082537,Rp1475000,Rp1500000,,,10,fearman-celluler,,2026-10-03 09:50:17.739258
itel City 100,Itel City 100 ram 8/128 garansi resmi original,https://www.tokopedia.com/kytmetro/itel-city-100-ram-8-128-garansi-resmi-original-1732089553675191874,Rp1485000,Rp1510000,,,,kytmetro,,2026-10-03 09:50:17.742390
itel City 100,Itel City 100 6|128 Garansi Resmi,https://www.tokopedia.com/hazam-store1/itel-city-100-6-128-garansi-resmi-1733294099612796502,Rp1565000,Rp1590000,,,1,hazam-store1,,2026-10-03 09:50:17.745194
itel City 100,Itel City 100 8/128 GB 5000mah,https://www.tokopedia.com/frn0ir/itel-city-100-8-128-gb-5000mah-1732804364752291069,Rp14975000,Rp15000000,,5.0,1,frn0ir,,2026-10-03 09:50:17.748210
itel City 100,ITEL CITY 100 Smartphone desain modern,https://www.tokopedia.com/aliya-cell-kudus/itel-city-100-smartphone-desain-modern-1734025368855741454,Rp1374000,Rp1399000,,,3,aliya-cell-kudus,,2026-10-03 09:50:17.750904
itel City 100,HP ITEL CITY 100 6GB/128GB NAVY BLUE,https://www.tokopedia.com/vtechjambi/hp-itel-city-100-6gb-128gb-navy-blue-1734599083848730143,Rp1395000,Rp1420000,,,1,vtechjambi,,2026-10-03 09:50:17.754266
itel City 100,Itel City 100 8/128GB Smartphone Android 4G LTE dengan RAM 6GB/8Gb & 7.65mm Slim Unibody Design Tws,https://www.tokopedia.com/zim-store-2-sumedang/itel-city-100-8-128gb-smartphone-android-4g-lte-dengan-ram-6gb-8gb-7-65mm-slim-unibody-design-tws-1734737051956250612,Rp1575000,Rp1600000,,,,zim-store-2-sumedang,,2026-10-03 09:50:17.757229
itel City 100,Itel City 100 8/128 Gb garansi resmi,https://www.tokopedia.com/cafehandphone/itel-city-100-8-128-gb-garansi-resmi-1731553699631760479,Rp2599000,,,,,cafehandphone,,2026-10-03 09:50:17.759669
itel City 100,"iTel A100C S 3/64GB 4/64GB | New Design | 6.66"" | 5000mAh | Garansi Resmi",https://www.tokopedia.com/bintangtimurselindo/itel-a100c-s-3-64gb-4-64gb-new-design-6-66-5000mah-garansi-resmi-1736344818569479870-1736344727053043390,Rp1615000,,,4.9,250+,bintangtimurselindo,,2026-10-03 09:50:17.762287
itel City 200,61% ITEL CITY 200 / ITEL 200 / ITEL A100 / ITEL A100CS 4/128GB 4/64GB 3/64GB - GARANSI RESMI ORIGINAL,https://www.tokopedia.com/gateway/itel-city-200-nfc-ip65-6-78-120hz-display-50mp-camera-5200mah-18w-fast-charge-1735499119434958261-1736380020380042677,Rp1585000,Rp4099000,,4.9,100+,gateway,,2026-10-03 08:35:15.678570
itel City 200,Itel City 200 NFC Ram 4+4*GB/128GB New Garansi resmi,https://www.tokopedia.com/rrnumerouno/itel-city-200-nfc-ram-4-4-gb-128gb-new-garansi-resmi-1735596887623894552-1735596894459168280,Rp1960000,,,5.0,5,rrnumerouno,,2026-10-03 08:35:15.682157
itel City 200,Itel city 200 4/128gb second resmi,https://www.tokopedia.com/hr-celular142c/itel-city-200-4-128gb-second-resmi-1736003467184670114,Rp1600000,Rp1625000,,,,hr-celular142c,,2026-10-03 08:35:15.684518
itel City 200,68% [KURIR TOKO] IITEL CITY 200/A200/A100C/A100CS 4/128GB 4/64GB GARANSI RESMI,https://www.tokopedia.com/rogsstoreid/iitel-city-200-a200-a100c-a100cs-4-128gb-4-64gb-garansi-resmi-1737272293333697868-1737272171014227276,Rp1585000,Rp4999000,,,1,rogsstoreid,,2026-10-03 08:35:15.686846
itel City 200,Itel City 200 4/128 GB Garansi Resmi Indonesia Second,https://www.tokopedia.com/waloh/samsung-galaxy-a04-4-per-64-gb-garansi-resmi-sein-1737665355222254720,Rp1790000,,,5.0,40+,waloh,,2026-10-03 08:35:15.689261
itel City 200,Itel City 200 NFC ram 4/128Gb New Garansi Resmi,https://www.tokopedia.com/siupik/itel-city-200-nfc-ram-4-128gb-new-garansi-resmi-1735687538012554945-1735687636733167297,Rp1960000,,,,1,siupik,,2026-10-03 08:35:15.691789
itel City 200,Itel City 200 4/128 GB Garansi Resmi Indonesia Second,https://www.tokopedia.com/labu-stor/samsung-galaxy-s22-5g-8-256-gb-garansi-resmi-indonesia-baca-deskripsi-1737039600561652929,Rp1790000,,,,1,labu-stor,,2026-10-03 08:35:15.694434
itel City 200,Itel CITY 200 RAM 4GB Storage 128GB Garansi Resmi | HP Murah Memori Besar,https://www.tokopedia.com/agres-id-cilodong-depok/itel-city200-ram-4gb-storage-128gb-garansi-esmi-1734546883030189530-1735410290939758042,Rp6659000,Rp6669000,,,,agres-id-cilodong-depok,,2026-10-03 08:35:15.696660
itel City 200s,43% ZTE NUBIA V80 MAX 6GB/128GB & 8GB/128GB GARANSI RESMI - SMARTPHONE Layar Screen,https://www.tokopedia.com/mahkota-accessories/zte-nubia-v80-max-6gb-128gb-8gb-128gb-garansi-resmi-smartphone-1731381430848488652-1737560348272002252,Rp2183000,Rp3800000,,4.8,750+,mahkota-accessories,,2026-10-01 06:56:59.118997
itel City 200s,Itel City 200 NFC Ram 4+4*GB/128GB New Garansi resmi,https://www.tokopedia.com/rrnumerouno/itel-city-200-nfc-ram-4-4-gb-128gb-new-garansi-resmi-1735596887623894552-1735596894459168280,Rp1960000,,,5.0,5,rrnumerouno,,2026-10-01 06:56:59.121972
itel City 200s,NUBIA FOCUS 2 5G 8/256 GB GARANSI RESMI NUBIA FOCUS 2 5G RAM UP TO 20 GB,https://www.tokopedia.com/gadget-ind-store-/nubia-focus-2-5g-8-256-gb-garansi-resmi-nubia-focus-2-5g-ram-up-to-20-gb-1732021019236730752,Rp2599000,,,,30+,gadget-ind-store-,,2026-10-01 06:56:59.124367
itel City 200s,"25% NEW LAUNCH HONOR X6c 6GB+256GB (Moonlight White / Midnight Black) - Storage Luas 256GB, 50MP , 5300mAh 35W Fitur Magic Capsule, Desain Stylish & Modern, Smartphone Handal Value for Money",https://www.tokopedia.com/honor-official-store/new-launch-honor-x6c-5300-mah-baterai-besar-6gb-256gb-50-mp-kamera-utama-5-mp-kamera-selfie-ai-button-creation-1736085646690650035-1736086159122859955,Rp2999000,Rp3999000,,5.0,19,honor-official-store,,2026-10-01 06:56:59.126875
itel City 200s,21% [Exclusive Creator] ZTE Nubia V80 Max [8/128 GB] Garansi Resmi Indonesia,https://www.tokopedia.com/duniagadgetku/zte-blade-v50-design-8-128-gb-garansi-resmi-1736702235727267643,Rp2368500,Rp2999000,,4.9,60+,duniagadgetku,,2026-10-01 06:56:59.129780
itel City 200s,61% ITEL CITY 200 / ITEL 200 / ITEL A100 / ITEL A100CS 4/128GB 4/64GB 3/64GB - GARANSI RESMI ORIGINAL,https://www.tokopedia.com/gateway/itel-city-200-nfc-ip65-6-78-120hz-display-50mp-camera-5200mah-18w-fast-charge-1735499119434958261-1736380020380042677,Rp1585000,Rp4099000,,4.9,100+,gateway,,2026-10-01 06:56:59.133293
itel City 200s,17% NUBIA V80 Max 6GB/128GB 8GB/128GB - Garansi Resmi Nasional,https://www.tokopedia.com/indahponsel/zte-nubia-v80-max-6gb-128gb-8gb-128gb-garansi-resmi-nasional-1734226835484673613-1737591557839750733,Rp2160000,Rp2615000,,4.9,1rb+,indahponsel,,2026-10-01 06:56:59.135642
itel City 200s,68% [KURIR TOKO] IITEL CITY 200/A200/A100C/A100CS 4/128GB 4/64GB GARANSI RESMI,https://www.tokopedia.com/rogsstoreid/iitel-city-200-a200-a100c-a100cs-4-128gb-4-64gb-garansi-resmi-1737272293333697868-1737272171014227276,Rp1585000,Rp4999000,,,1,rogsstoreid,,2026-10-01 06:56:59.137852
itel City 200s,23% [Exclusive Andriyadiishow] Itel A100Cs 3+5GB RAM / 64GB ROM | 4+8GB RAM / 64GB ROM - Durabilitas Militer,https://www.tokopedia.com/itel-official-store/exclusive-andriyadiishow-itel-a100c-3-5gb-ram-64gb-rom-4-8gb-ram-64gb-rom-durabilitas-militer-1733516852052658164-1737111084577163252,Rp1779000,Rp2299000,,4.9,2rb+,itel-official-store,,2026-10-01 06:56:59.139909
itel Power 70,iTel  POWER 70 P70 8/128 GB RAM 8GB ROM 128GB & 4/128 GB GARANSI RESMI,https://www.tokopedia.com/gudangponsel2/itel-power-70-p70-8-128-gb-ram-8gb-rom-128gb-4-128-gb-garansi-resmi-1731137543183631866,Rp1503850,Rp1528850,,,21,gudangponsel2,,2026-10-03 09:58:26.121490
itel Power 70,Itel P70 8/128 GB Power 70 8/128 GB Garansi Resmi,https://www.tokopedia.com/philosophy-computer/itel-p70-8-128-gb-power-70-8-128-gb-garansi-resmi-1731210959344666584,Rp1344000,Rp1369000,,,1,philosophy-computer,,2026-10-03 09:58:26.124998
itel Power 70,Itel Power P70 8/128 GB Garansi Resmi,https://www.tokopedia.com/i--tech/itel-power-p70-8-128-gb-garansi-resmi-1731077157014242856,Rp1430000,Rp1455000,,,,i--tech,,2026-10-03 09:58:26.127585
itel Power 70,[ TERLARIS ] HP ITEL P70 8/128 GB Power 70 Original Resmi Official Store Mall Ori Promodazzle,https://www.tokopedia.com/delectable-store/terlaris-hp-itel-p70-8-128-gb-power-70-original-resmi-official-store-mall-ori-promodazzle-1732390349862307412,Rp1875000,Rp1900000,,,,delectable-store,,2026-10-03 09:58:26.130152
itel Power 70,Itel P70 4/128 8/128 Batre Besar 6000mAh,https://www.tokopedia.com/gotech00/itel-p70-4-128-8-128-batre-besar-6000mah-1731475649344734236,Rp1375000,Rp1400000,,,,gotech00,,2026-10-03 09:58:26.132661
itel Power 70,Itel P70 8/128 GB || IP54 || Helio G50 Ultimate || Batre 6000 mAh || Garansi Resmi,https://www.tokopedia.com/yakincell89/itel-p70-8-128-gb-ip54-helio-g50-ultimate-batre-6000-mah-garansi-resmi-1731895671792043345,Rp2499000,,,5.0,4,yakincell89,,2026-10-03 09:58:26.135096
itel Power 70,￼ITEL P70 | MEDIATEK HELIO G50 | RAM 8 GB | ROM 128 GB | 6.67 INC IPS 120 Hz | 13 MP | 6000 mAh 18 WATT | GARANSI RESMI,https://www.tokopedia.com/olicedbox10/itel-p70-mediatek-helio-g50-ram-8-gb-rom-128-gb-6-67-inc-ips-120-hz-13-mp-6000-mah-18-watt-garansi-resmi-1735517488067544787-1735517522769184467,Rp1949900,,,,,olicedbox10,,2026-10-03 09:58:26.138008
itel Power 80,"30% ITEL POWER 80 RAM[4/128GB] | Power80, P80 GARANSI RESMI",https://www.tokopedia.com/189-cell/itel-power70-p70-ram-4-128gb-8-128gb-6000mah-battery-garansi-resmi-itel-indonesia-1731586142890722850-1736912105394898466,Rp2297900,Rp3299900,,5.0,189,189-cell,,2026-10-01 07:01:34.282161
itel Power 80,Itel Power 80 4/128GB Garansi Resmi Indonesia,https://www.tokopedia.com/yuliamobilephone/itel-power-80-4-128gb-garansi-resmi-indonesia-1737288489390409206-1737288511625856502,Rp2399000,,,,,yuliamobilephone,,2026-10-01 07:01:34.294436
itel Power 80,"42% Itel Power 80 4Gb 128Gb 6.78"" 120Hz 6.78"" 120Hz Garansi Resmi Indonesia",https://www.tokopedia.com/agresidbandung/itel-power-80-4gb-128gb-6-78-120hz-garansi-resmi-indonesia-1736576069348197560-1736575908139009208,Rp2319000,Rp3999000,,5.0,1,agresidbandung,,2026-10-01 07:01:34.298038
itel Power 80,[HOT SALE]ITEL POWER 80 4GB 128GB TAHAN BANTING 7000 mAh,https://www.tokopedia.com/gamer-id-depok-sawangan/hot-sale-itel-power-80-4gb-128gb-tahan-banting-7000-mah-1737688773808719420-1737688755339494972,Rp2481330,,,,,gamer-id-depok-sawangan,,2026-10-01 07:01:34.300767
itel Super 26 Ultra,20% ITEL SUPER 26 ULTRA - T7300 Ultra Gaming Processor - Corning Gorilla 7i - IP65 - 3D Curved Amoled Screen- 32MP Selfie Camera - 6000mAH,https://www.tokopedia.com/itel-official-store/itel-super-26-ultra-t7300-ultra-gaming-processor-corning-gorilla-7i-ip65-3d-curved-amoled-screen-32mp-selfie-camera-6000mah-1732321706642081780-1736867473932060660,Rp3199000,Rp3999000,,4.8,5rb+,itel-official-store,,2026-10-03 09:41:49.053913
itel Super 26 Ultra,*[Exclusive Afdhal Yusman] ITEL S26 ULTRA [8+8/128 | 8+8/256GB] - T7300 Ultra Gaming Processor - Corning Gorilla 7i - IP65 - 3D Curved Amoled Screen - 6000 mAH,https://www.tokopedia.com/itel-official-store/exclusive-afdhal-yusman-itel-s26-ultra-8-8-128-8-8-256gb-t7300-ultra-gaming-processor-corning-gorilla-7i-ip65-3d-curved-amoled-screen-6000-mah-1732567311807383540,Rp9999000,,,,,itel-official-store,,2026-10-03 09:41:49.058595
itel Super 26 Ultra,47% [Exclusive Afdhal Yusman] ITEL S26 ULTRA - 8+8/256GB - T7300 Ultra Gaming Processor - Corning Gorilla 7i - IP65 - 3D Curved Amoled Screen - 6000mAH,https://www.tokopedia.com/itel-official-store/exclusive-afdhal-yusman-itel-s26-ultra-8-8-256gb-t7300-ultra-gaming-processor-corning-gorilla-7i-ip65-3d-curved-amoled-screen-6000mah-1732397159573784564-1736858128448391156,Rp3199000,Rp5999000,,4.7,5rb+,itel-official-store,,2026-10-03 09:41:49.061915
itel Super 26 Ultra,"itel S26 Ultra 8+8/256GB | 144Hz 1.5K AMOLED, 6000mAh, IP65 Waterproof, Gorilla Glass 7i, AI Eraser, NFC",https://www.tokopedia.com/alienwareofficial/motorola-moto-g45-5g-8gb-256gb-snapdragon-6s-g3-garansi-resmi-1730895216004662547-1737645059093792019,Rp5999000,,,5.0,100+,alienwareofficial,,2026-10-03 09:41:49.064676
itel Super 26 Ultra,ITEL S26 ULTRA 8/256 8/128 GB RAM 8GB ROM 256GB 128GB GARANSI RESMI,https://www.tokopedia.com/gudangponsel2/itel-s26-ultra-8-256-8-128-gb-ram-8gb-rom-256gb-128gb-garansi-resmi-1732653044377552663,Rp2719000,Rp2744000,,5.0,40+,gudangponsel2,,2026-10-03 09:41:49.067417
itel Super 26 Ultra,40% ITEL S26 ULTRA 8GB 128GB 8GB 256GB Garansi Resmi,https://www.tokopedia.com/gaminglaptopid/itel-s26-ultra-8gb-128gb-8gb-256gb-garansi-resmi-1730149858765538923-1735266916038510187,Rp2999000,Rp4999000,,5.0,30+,gaminglaptopid,,2026-10-03 09:41:49.070450
itel Super 26 Ultra,40% ITEL S26 ULTRA 8GB 256GB / 8GB 128GB GARANSI RESMI,https://www.tokopedia.com/envicstore/itel-a200-3gb128gb-meteor-titanium-box-cha-scr-1736314471532823810-1737302980750640386,Rp2999000,Rp4999000,,5.0,24,envicstore,,2026-10-03 09:41:49.072705
itel Super 26 Ultra,Itel Super 26 Ultra 8/128gb Fullset Second Garansi Resmi,https://www.tokopedia.com/phone-store23/itel-super-26-ultra-8-128gb-fullset-second-garansi-resmi-1733126042044434232,Rp2500000,,,,1,phone-store23,,2026-10-03 09:41:49.075056
itel Super 26 Ultra,ITEL S26 ULTRA [8GB 128GB] [8GB 128GB] Garansi Resmi,https://www.tokopedia.com/firstech-1/itel-s26-ultra-8gb-128gb-8gb-128gb-garansi-resmi-1734670951085606233-1734671009882604889,Rp2789000,,,,,firstech-1,,2026-10-03 09:41:49.077378
itel Super 26 Ultra,Itel Super 26 Ultra AI Phone 144Hz 1.5K 3D-Curved AMOLED Display dengan Kualitas Gambar yang Menakjubkan,https://www.tokopedia.com/putri-rezeki-store/itel-super-26-ultra-ai-phone-144hz-1-5k-3d-curved-amoled-display-dengan-kualitas-gambar-yang-menakjubkan-1737683441741039223-1737683459833693815,Rp2852000,,,,,putri-rezeki-store,,2026-10-03 09:41:49.079639
itel TS Pro,"69% [SC] itel Smart Watch ISW-O20 AI Watch Face | Pemantau Kesehatan 24 Jam | Panggilan BT | Layar HD 2.04"" | Tahan Air IP68",https://www.tokopedia.com/itel-home-id/special-live-itel-smart-watch-isw-o20-ai-watch-face-pemantau-kesehatan-24-jam-panggilan-bt-layar-hd-2-04-tahan-air-ip68-1735161340091074402-1736996775615563618,Rp184000,Rp599000,,4.8,4rb+,itel-home-id,,2026-10-03 09:20:44.896733
itel TS Pro,"59% [BARU] itel O25 Smartwatch | Layar AMOLED 1.95"" Telepon | Tampilan Jam AI | Panggilan & Notifikasi BT | Layar Selalu Aktif | Tahan Air IP68 | Pemantauan Detak Jantung & SpO₂ 24 Jam",https://www.tokopedia.com/itel-home-id/baru-itel-o25-smartwatch-layar-amoled-1-95-telepon-tampilan-jam-ai-panggilan-notifikasi-bt-layar-selalu-aktif-tahan-air-ip68-pemantauan-detak-jantung-spo-24-jam-1731809028851795810-1735171356283012962,Rp324000,Rp799000,,4.9,250+,itel-home-id,,2026-10-03 09:20:44.900067
itel TS Pro,"58% [Free Strap + Curved Screen 2.01""] itel O20 Ultra Smartwatch Layar Lengkung 2.01"" Metal Frame Premium Strava Sync IP68 Waterproof Official",https://www.tokopedia.com/itel-home-id/creator-growth-official-itel-smart-watch-o20-ultra-jam-tangan-pintar-curved-screen-2-01-inch-metal-frame-premium-strava-sync-ip68-waterproof-smartwatch-olahraga-1736237471780734818-1736630553825150818,Rp254000,Rp599000,,4.8,500+,itel-home-id,,2026-10-03 09:20:44.902850
itel TS Pro,20% ITEL SUPER 26 ULTRA - T7300 Ultra Gaming Processor - Corning Gorilla 7i - IP65 - 3D Curved Amoled Screen- 32MP Selfie Camera - 6000mAH,https://www.tokopedia.com/itel-official-store/itel-super-26-ultra-t7300-ultra-gaming-processor-corning-gorilla-7i-ip65-3d-curved-amoled-screen-32mp-selfie-camera-6000mah-1732321706642081780-1736867473932060660,Rp3199000,Rp3999000,,4.8,5rb+,itel-official-store,,2026-10-03 09:20:44.905328
itel TS Pro,"58% [Itel Creator] [Free Strap + Curved Screen 2.01""] itel O20 Ultra Smartwatch Layar Lengkung 2.01"" Metal Frame Premium Strava Sync IP68 Waterproof Official",https://www.tokopedia.com/itel-home-id/itel-creator-premium-official-itel-smart-watch-o20-ultra-jam-tangan-pintar-curved-screen-2-01-inch-metal-frame-premium-strava-sync-ip68-waterproof-smartwatch-olahraga-1736237588494190434-1736630806367995746,Rp254000,Rp599000,,4.8,1rb+,itel-home-id,,2026-10-03 09:20:44.907894
itel TS Pro,"43% [Premium Gift Box + AMOLED] itel O43 Max Smartwatch 1.43"" Touch Screen IP68 Tahan Air AI Voice Assistant Jam Tangan Pria Olahraga Official",https://www.tokopedia.com/itel-home-id/itel-smartwatch-o43-max-watch-1-43-inch-amoled-touch-screen-ip68-water-proof-jam-tangan-pria-fitness-tracking-smart-band-1730628819418056546-1735155063764846434,Rp344000,Rp599000,,4.8,4rb+,itel-home-id,,2026-10-03 09:20:44.910316
itel TS Pro,34% [GPS Akurat + Tahan Air 5ATM] itel N10 Smartwatch GPS Waterproof Bluetooth Call Message Notif Strava Sync Official,https://www.tokopedia.com/itel-home-id/gps-5atm-itel-official-n10-smart-watch-standalone-gps-5atm-waterproof-bluetooth-calling-business-x-sport-smartwatch-1732524354948990818-1736872268898862946,Rp664000,Rp999000,,4.8,500+,itel-home-id,,2026-10-03 09:20:44.912675
itel TS Pro,62% [Baru] [Pantau Tidur Lebih Detail] itel O23 Plus Smartwatch Tahan Air IP68 100 Mode Olahraga SpO2 Telepon Bluetooth Emoji Function Official,https://www.tokopedia.com/itel-home-id/coming-soon-new-launch-official-itel-smart-watch-isw-o23-plus-jam-tangan-pintar-tahan-air-ip68-100-mode-olahraga-spo2-telepon-bluetooth-emoji-function-1735290066392549218-1735289848421123938,Rp304000,Rp799000,,4.8,500+,itel-home-id,,2026-10-03 09:20:44.915185
itel VistaTab 30,66% Official itel VistaTab 30 GT RAM 12*(6+6)+128GB Helio G99 Ultimate include stylus & keyboard Slot SIM Card UFS Storage - 7000mAh,https://www.tokopedia.com/itel-official-store/official-itel-vistatab-30-gt-ram-12-6-6-128gb-helio-g99-ultimate-include-stylus-keyboard-slot-sim-card-ufs-storage-7000mah-1731882710835103732-1736870848409733108,Rp3049000,Rp8999000,,4.9,2rb+,itel-official-store,,2026-10-03 10:15:53.157702
itel VistaTab 30,14% ITEL VISTATAB 30S RAM 4GB 8GB ROM 128GB 256GB DEEP GREY WITH KEYBOARD ORIGINAL Garansi Resmi,https://www.tokopedia.com/premiumofficial/itel-vistatab-30s-ram-4gb-8gb-rom-128gb-256gb-deep-grey-with-keyboard-original-garansi-resmi-1736967477516862967-1736968752265528823,Rp2399000,Rp2800000,,5.0,7,premiumofficial,,2026-10-03 10:15:53.165260
itel VistaTab 30,70% [SPESIAL BAIM WONG] itel VistaTab 30 GT RAM 12*(6+6)+128GB Helio G99 Ultimate include stylus & keyboard Slot SIM Card UFS Storage - 7000mAh,https://www.tokopedia.com/itel-official-store/spesial-baim-wong-itel-vistatab-30-gt-ram-12-6-6-128gb-helio-g99-ultimate-include-stylus-keyboard-slot-sim-card-ufs-storage-7000mah-1737098437403379700-1737098488138008564,Rp3049000,Rp9999999,,4.0,3,itel-official-store,,2026-10-03 10:15:53.169160
itel VistaTab 30,ITEL VISTA TAB 30 BLUE RAM 4GB/128GB RESMI,https://www.tokopedia.com/kingtel80/itel-vista-tab-30-blue-ram-4gb-128gb-resmi-hitam-97588,Rp1874000,Rp1899000,,4.8,11,kingtel80,,2026-10-03 10:15:53.172369
itel VistaTab 30,"Itel Vista Tab 30 LTE 4GB/128GB 11"" FHD Vistatab 4 128 GB Tablet Pad",https://www.tokopedia.com/chocoapple/itel-vista-tab-30-lte-4gb-128gb-11-fhd-vistatab-4-128-gb-tablet-pad,Rp1899000,Rp1924000,,,1,chocoapple,,2026-10-03 10:15:53.174969
itel VistaTab 30,itel VistaTab 30 GT RAM 8GB+128GB Helio G99 Ultimate include stylus & keyboard Slot SIM Card UFS Storage - 7000mAh,https://www.tokopedia.com/agresidjakartaselatan/itel-visatab-30-gt-6gb-128gb-4gb-128gb-deep-grey-keyboard-pencil-resmi-bnib-1735825286170642191-1737731745272792847,Rp2869000,Rp2879000,,,20,agresidjakartaselatan,,2026-10-03 10:15:53.177422
itel VistaTab 30,52% ITEL VISATAB 30 GT 11.0 8GB 128GB DEEP GREY + KEYBOARD + PEN / STYLUS,https://www.tokopedia.com/decacom/itel-visatab-11-10-1-4gb-128gb-keyboard-pen-garansi-resmi-1736886692109125599-1736886782017046495,Rp2879000,Rp5999000,,,8,decacom,,2026-10-03 10:15:53.179937
itel VistaTab 30,[BEST SELLER] ITEL VISTATAB 30 GT 11.0 8GB 128GB MEDIATEK HELIO G99 | + KEYBOARD + PENCIL | GARANSI RESMI,https://www.tokopedia.com/gamingdistributorid/best-seller-itel-vistatab-30-gt-11-0-8gb-128gb-mediatek-helio-g99-keyboard-pencil-garansi-resmi-1737388362312746606-1737388363226515054,Rp2901021,Rp2911021,,,,gamingdistributorid,,2026-10-03 10:15:53.182445
itel VistaTab 30,[SPECIAL CREATOR] ITEL VISTATAB 30 GT 11.0 8GB 128GB MEDIATEK HELIO G99 | + KEYBOARD + PENCIL | GARANSI RESMI,https://www.tokopedia.com/gamingdistributorid/special-creator-itel-vistatab-30-gt-11-0-8gb-128gb-mediatek-helio-g99-keyboard-pencil-garansi-resmi-1737388228526769774-1737388094934451822,Rp2897790,Rp2907790,,,,gamingdistributorid,,2026-10-03 10:15:53.184919
itel VistaTab 30,ITEL VISTA TAB 30 GT 4GB/128GB 8GB/128GB - Garansi Resmi Nasional,https://www.tokopedia.com/indahponsel/itel-vista-tab-30-gt-4gb-128gb-8gb-128gb-garansi-resmi-nasional-1737716249014339149-1737716319603557965,Rp2689000,,,,,indahponsel,,2026-10-03 10:15:53.187391
itel VistaTab 30 Pro,ITEL VISTA TAB 30 PRO 8GB/256GB - Garansi Resmi Nasional,https://www.tokopedia.com/gadgetinaofficial/itel-vista-tab-30-pro-8gb-256gb-garansi-resmi-nasional-1736282777430098986,Rp3385000,,,,,gadgetinaofficial,,2026-10-03 09:15:51.279009
itel VistaTab 30 Pro,[Special Mirathing] ITEL VISTA TAB 30 PRO 8GB/256GB - Garansi Resmi Nasional,https://www.tokopedia.com/indahponsel/special-mirathing-itel-vista-tab-30-pro-8gb-256gb-keyboard-garansi-resmi-nasional-1736461067678287437,Rp3398000,,,5.0,2,indahponsel,,2026-10-03 09:15:51.282626
itel VistaTab 30 Pro,[Special Putra Siregar] ITEL VISTA TAB 30 PRO 8GB/256GB - Garansi Resmi Nasional,https://www.tokopedia.com/gadgetinaofficial/special-putra-siregar-itel-vista-tab-30-pro-8gb-256gb-keyboard-garansi-resmi-nasional-1736664812990006314,Rp3385000,,,5.0,3,gadgetinaofficial,,2026-10-03 09:15:51.285453
itel VistaTab 30 Pro,Itel VistaTab 30 Pro 8/256GB Garansi Resmi,https://www.tokopedia.com/ajn-ponsel-store/itel-vistatab-30-pro-8-256gb-garansi-resmi-1733254320190097120,Rp2975000,Rp3000000,,,3,ajn-ponsel-store,,2026-10-03 09:15:51.288689
itel VistaTab 30 Pro,Itel Vista Tab 30 Pro 8/256,https://www.tokopedia.com/r-shopx/itel-vista-tab-30-pro-8-256-1737458120197833840,Rp2425000,Rp2450000,,,,r-shopx,,2026-10-03 09:15:51.291774
itel VistaTab 30 Pro,"Itel Vista Tab 30 pro, 8/256, Unit tab saja, seken",https://www.tokopedia.com/zoomgadget15/itel-vista-tab-30-pro-8-256-unit-tab-dan-keyboard-saja-seken-1737632194541880765,Rp2600000,,,,,zoomgadget15,,2026-10-03 09:15:51.353282
itel VistaTab 30 Pro,ITEL VISTA TAB 30 PRO 4G LTE RAM 8GB MEMORY 256GB 8/256GB GARANSI RESMI ITEL INDONESIA,https://www.tokopedia.com/newcollection/itel-vista-tab-30-pro-4g-lte-ram-8gb-memory-256gb-8-256gb-garansi-resmi-itel-indonesia-1731153180096431152,Rp4074000,Rp4099000,,5.0,24,newcollection,,2026-10-03 09:15:51.356884
itel VistaTab 30 Pro,[Special Albariqy] ITEL VISTA TAB 30 PRO 8GB/256GB - Garansi Resmi Nasional,https://www.tokopedia.com/gadgetinaofficial/special-albariqy-itel-vista-tab-30-pro-8gb-256gb-keyboard-garansi-resmi-nasional-1736665051972469802,Rp3385000,,,5.0,2,gadgetinaofficial,,2026-10-03 09:15:51.360022
itel VistaTab 30 Pro,ITEL VISTA TAB 30 PRO 4G || 8/256 || DEEP GRAY,https://www.tokopedia.com/gotech00/itel-vista-tab-30-pro-4g-8-256-deep-gray-1732076723910247745,Rp2955000,Rp2980000,,,,gotech00,,2026-10-03 09:15:51.363285
itel VistaTab 30 Pro,"Itel VistaTab 30 Pro 8/256GB - Super Tipis 7mm Layar Besar 13"" FHD+ Prosesor Canggih Helio G99 Ultimate - Dual Speaker- Garansi Resmi",https://www.tokopedia.com/alibabastoreid/itel-vistatab-30-pro-8-256gb-super-tipis-7mm-layar-besar-13-fhd-prosesor-canggih-helio-g99-ultimate-dual-speaker-garansi-resmi-1736940111972369449-1736940358074991657,Rp3449000,,,,,alibabastoreid,,2026-10-03 09:15:51.366105
itel VistaTab 30GT,66% Official itel VistaTab 30 GT RAM 12*(6+6)+128GB Helio G99 Ultimate include stylus & keyboard Slot SIM Card UFS Storage - 7000mAh,https://www.tokopedia.com/itel-official-store/official-itel-vistatab-30-gt-ram-12-6-6-128gb-helio-g99-ultimate-include-stylus-keyboard-slot-sim-card-ufs-storage-7000mah-1731882710835103732-1736870848409733108,Rp3049000,Rp8999000,,4.9,2rb+,itel-official-store,,2026-10-03 09:10:45.578197
itel VistaTab 30GT,70% [SPESIAL BAIM WONG] itel VistaTab 30 GT RAM 12*(6+6)+128GB Helio G99 Ultimate include stylus & keyboard Slot SIM Card UFS Storage - 7000mAh,https://www.tokopedia.com/itel-official-store/spesial-baim-wong-itel-vistatab-30-gt-ram-12-6-6-128gb-helio-g99-ultimate-include-stylus-keyboard-slot-sim-card-ufs-storage-7000mah-1737098437403379700-1737098488138008564,Rp3049000,Rp9999999,,4.0,3,itel-official-store,,2026-10-03 09:10:45.750539
itel VistaTab 30GT,*Official itel VistaTab 30 GT RAM 12*(6+6)+128GB Helio G99 Ultimate include stylus & keyboard Slot SIM Card UFS Storage - 7000mAh,https://www.tokopedia.com/itel-official-store/official-itel-vistatab-30-gt-ram-12-6-6-128gb-helio-g99-ultimate-include-stylus-keyboard-slot-sim-card-ufs-storage-7000mah-1737552170120939508-1737552175893940212,Rp8999000,,,,,itel-official-store,,2026-10-03 09:10:45.925924
itel VistaTab 30GT,itel VistaTab 30 GT RAM 8GB+128GB Helio G99 Ultimate include stylus & keyboard Slot SIM Card UFS Storage - 7000mAh,https://www.tokopedia.com/agresidjakartaselatan/itel-visatab-30-gt-6gb-128gb-4gb-128gb-deep-grey-keyboard-pencil-resmi-bnib-1735825286170642191-1737731745272792847,Rp2869000,Rp2879000,,,20,agresidjakartaselatan,,2026-10-03 09:10:46.103724
itel VistaTab 30GT,ITEL VISTA TAB 30 GT || 6/128 || FREE KEYBOARD + STYLUS PEN,https://www.tokopedia.com/gotech00/itel-vista-tab-30-gt-6-128-free-keyboard-stylus-pen-1732076703979636033,Rp2385000,Rp2410000,,,7,gotech00,,2026-10-03 09:10:46.284685
itel VistaTab 30GT,ITEL VISATAB 30 GT Ram 8GB 128GB+KEYBOARD+PENCIL Garansi Resmi itel indonesia,https://www.tokopedia.com/agresidkarawang/itel-visatab-30-gt-ram-6gb-128gb-keyboard-pencil-garansi-resmi-itel-indonesia-1734196446722557527-1736972754910807639,Rp2869000,Rp2879000,,5.0,29,agresidkarawang,,2026-10-03 09:10:46.461795
itel VistaTab 30GT,[jikalaku] itel VistaTab 30 GT FREE Keyboard & Stylus Pen,https://www.tokopedia.com/jikalaku/jikalaku-itel-vistatab-30-gt-6-128gb-free-keyboard-stylus-pen-1732102693052449829,Rp2990100,,,4.9,100+,jikalaku,,2026-10-03 09:10:46.595682
itel VistaTab 30GT,52% ITEL VISATAB 30 GT 11.0 8GB 128GB DEEP GREY + KEYBOARD + PEN / STYLUS,https://www.tokopedia.com/decacom/itel-visatab-11-10-1-4gb-128gb-keyboard-pen-garansi-resmi-1736886692109125599-1736886782017046495,Rp2879000,Rp5999000,,,8,decacom,,2026-10-03 09:10:46.833573
itel Zeno 10,ZTE Nubia A76 5G [8/128 GB] Garansi Indonesia,https://www.tokopedia.com/duniagadgetku/zte-nubia-a76-5g-8-128-gb-garansi-indonesia-1734333828422993723,Rp2498500,Rp2499000,,5.0,40+,duniagadgetku,,2026-10-03 10:02:59.826279
itel Zeno 10,20% ITEL SUPER 26 ULTRA - T7300 Ultra Gaming Processor - Corning Gorilla 7i - IP65 - 3D Curved Amoled Screen- 32MP Selfie Camera - 6000mAH,https://www.tokopedia.com/itel-official-store/itel-super-26-ultra-t7300-ultra-gaming-processor-corning-gorilla-7i-ip65-3d-curved-amoled-screen-32mp-selfie-camera-6000mah-1732321706642081780-1736867473932060660,Rp3199000,Rp3999000,,4.8,5rb+,itel-official-store,,2026-10-03 10:02:59.833081
itel Zeno 10,66% Official itel VistaTab 30 GT RAM 12*(6+6)+128GB Helio G99 Ultimate include stylus & keyboard Slot SIM Card UFS Storage - 7000mAh,https://www.tokopedia.com/itel-official-store/official-itel-vistatab-30-gt-ram-12-6-6-128gb-helio-g99-ultimate-include-stylus-keyboard-slot-sim-card-ufs-storage-7000mah-1731882710835103732-1736870848409733108,Rp3049000,Rp8999000,,4.9,2rb+,itel-official-store,,2026-10-03 10:02:59.835812
itel Zeno 10,[CREATOR] Handphone ITEL A100C 4GB 64GB COMET ORANGE (BOX CHA + SCR) GARANSI RESMI,https://www.tokopedia.com/agres-id-bintaro/special-creator-handphone-itel-a100c-4gb-64gb-comet-orange-box-cha-scr-garansi-resmi-1737204849122445159-1737204848452208487,Rp1714990,Rp1715990,,,,agres-id-bintaro,,2026-10-03 10:02:59.838285
itel Zeno 10,"25% NEW LAUNCH HONOR X6c 6GB+256GB (Moonlight White / Midnight Black) - Storage Luas 256GB, 50MP , 5300mAh 35W Fitur Magic Capsule, Desain Stylish & Modern, Smartphone Handal Value for Money",https://www.tokopedia.com/honor-official-store/new-launch-honor-x6c-5300-mah-baterai-besar-6gb-256gb-50-mp-kamera-utama-5-mp-kamera-selfie-ai-button-creation-1736085646690650035-1736086159122794419,Rp2999000,Rp3999000,,5.0,21,honor-official-store,,2026-10-03 10:02:59.840753
itel Zeno 10,"20% Official itel VistaTab 11 Tablet + KEYBOARD + PEN- 12GB(4+8)+128GB - 10.1"" HD+ IPS Display Screen - 6000mAh - Support ChatGPT - AI Assistant with Learning Center",https://www.tokopedia.com/itel-official-store/official-itel-vistatab-11-tablet-keyboard-pen-12gb-4-8-128gb-10-1-hd-ips-display-screen-6000mah-support-chatgpt-ai-assistant-with-learning-center-1732248142407895028-1736326957892405236,Rp2389000,Rp2999000,,4.9,1rb+,itel-official-store,,2026-10-03 10:02:59.843229
itel Zeno 20 Max,43% ZTE NUBIA V80 MAX 6GB/128GB & 8GB/128GB GARANSI RESMI - SMARTPHONE Layar Screen,https://www.tokopedia.com/mahkota-accessories/zte-nubia-v80-max-6gb-128gb-8gb-128gb-garansi-resmi-smartphone-1731381430848488652-1737560348272002252,Rp2183000,Rp3800000,,4.8,750+,mahkota-accessories,,2026-10-03 08:40:12.100177
itel Zeno 20 Max,ZTE Nubia A76 5G [8/128 GB] Garansi Indonesia,https://www.tokopedia.com/duniagadgetku/zte-nubia-a76-5g-8-128-gb-garansi-indonesia-1734333828422993723,Rp2498500,Rp2499000,,5.0,40+,duniagadgetku,,2026-10-03 08:40:12.107122
itel Zeno 20 Max,20% ITEL SUPER 26 ULTRA - T7300 Ultra Gaming Processor - Corning Gorilla 7i - IP65 - 3D Curved Amoled Screen- 32MP Selfie Camera - 6000mAH,https://www.tokopedia.com/itel-official-store/itel-super-26-ultra-t7300-ultra-gaming-processor-corning-gorilla-7i-ip65-3d-curved-amoled-screen-32mp-selfie-camera-6000mah-1732321706642081780-1736867473932060660,Rp3199000,Rp3999000,,4.8,5rb+,itel-official-store,,2026-10-03 08:40:12.109834
itel Zeno 20 Max,[HARGA AMBYAR] Infinix Smart 20 4/256GB - Up to 8GB Extended RAM - Mediatek Helio G81 - 6.78” - 8MP - 5200 mAh - IP64,https://www.tokopedia.com/modern-selular/infinix-smart-20-4-256gb-up-to-8gb-extended-ram-mediatek-helio-g81-6-78-8mp-5200-mah-ip64-1735376647984940055-1735376716308907031,Rp2249000,Rp2399000,,5.0,1rb+,modern-selular,,2026-10-03 08:40:12.112369
itel Zeno 20 Max,"25% NEW LAUNCH HONOR X6c 6GB+256GB (Moonlight White / Midnight Black) - Storage Luas 256GB, 50MP , 5300mAh 35W Fitur Magic Capsule, Desain Stylish & Modern, Smartphone Handal Value for Money",https://www.tokopedia.com/honor-official-store/new-launch-honor-x6c-5300-mah-baterai-besar-6gb-256gb-50-mp-kamera-utama-5-mp-kamera-selfie-ai-button-creation-1736085646690650035-1736086159122794419,Rp2999000,Rp3999000,,5.0,21,honor-official-store,,2026-10-03 08:40:12.115141
vivo S2,"vivo Y21d - IP68/69/69+ Tahan Air Ekstrem, 6500mAh Tahan 3 Hari, Tahan Banting Ekstrem, 50MP Kamera Underwater, Dual Stereo Speaker + 400% Audio",https://www.tokopedia.com/vivo/vivo-y21d-ip68-69-69-tahan-air-ekstrem-6500mah-tahan-3-hari-tahan-banting-ekstrem-50mp-kamera-underwater-dual-stereo-speaker-400-audio-1734485954431715251,Rp2759000,,,4.9,3rb+,vivo,,2026-10-03 09:19:24.225673
vivo S2,"[NEW LAUNCH] vivo Y29 (6/128) - Design Marmer Eksklusif, 6500mAh Tahan 3 Hari, Tahan Banting Ekstrem, IP69 Tahan Air Ekstrem, AI Erase 2.0 + AI Circle to Search",https://www.tokopedia.com/vivo/new-launch-vivo-y29-6-128-design-marmer-eksklusif-6500mah-tahan-3-hari-tahan-banting-ekstrem-ip69-tahan-air-ekstrem-ai-erase-2-0-ai-circle-to-search-1730854094421133235-1734577735225411507,Rp3459000,Rp3609000,,4.9,2rb+,vivo,,2026-10-03 09:19:24.229438
vivo S2,"[NEW LAUNCH] vivo Y11d - 6500mAh + 44W FlashCharge, Tahan Banting Ekstrem, Tahan Hujan IP65, 50MP Kamera Utama, Layar 120Hz Ultra Terang",https://www.tokopedia.com/vivo/new-launch-vivo-y11d-6500mah-44w-flashcharge-tahan-banting-ekstrem-tahan-hujan-ip65-50mp-kamera-utama-layar-120hz-ultra-terang-1735558834219878323-1735876459057416115,Rp2599000,Rp2859000,,5.0,250+,vivo,,2026-10-03 09:19:24.232760
vivo S2,17% NUBIA V80 Max 6GB/128GB 8GB/128GB - Garansi Resmi Nasional,https://www.tokopedia.com/indahponsel/zte-nubia-v80-max-6gb-128gb-8gb-128gb-garansi-resmi-nasional-1734226835484673613-1737591557839750733,Rp2160000,Rp2615000,,4.9,1rb+,indahponsel,,2026-10-03 09:19:24.235125
vivo S2,"vivo Y05 - Desain Premium, 6500mAh Tahan 3 Hari, IP65 Tahan Hujan, Tahan Banting Ekstrem, Origin OS Performa Lancar, Layar Ultra Tenang 1200nits",https://www.tokopedia.com/vivo/vivo-y05-desain-premium-6500mah-tahan-3-hari-ip65-tahan-hujan-tahan-banting-ekstrem-origin-os-performa-lancar-layar-ultra-tenang-1200nits-1734434669646481331,Rp2299000,Rp2359000,,5.0,2rb+,vivo,,2026-10-03 09:19:24.237402
vivo S2,"vivo Y03t - IP54 Tahan Air, AI Dual Camera 5000mAh + 15W FlashCharge, Layar Sunlight 90Hz",https://www.tokopedia.com/vivo/vivo-y03t-ip54-tahan-air-ai-dual-camera-5000mah-15w-flashcharge-layar-sunlight-90hz-1730455539551078323-1734901463507503027,Rp2059000,,,5.0,10rb+,vivo,,2026-10-03 09:19:24.239783
vivo S2,"[NEW LAUNCH] vivo V70FE 5G 200MP OIS Main Camera, AI Travel Portrait, 7000mAH + 90W FlashCharge, IP68+IP69 Water Resistance, OriginOS 6.0",https://www.tokopedia.com/vivo/new-launch-vivo-v70fe-5g-200mp-ois-main-camera-ai-travel-portrait-7000mah-90w-flashcharge-ip68-ip69-water-resistance-originos-6-0-1734495591756105651,Rp6999000,,,5.0,250+,vivo,,2026-10-03 09:19:24.242242
vivo S60,"vivo Y21d - IP68/69/69+ Tahan Air Ekstrem, 6500mAh Tahan 3 Hari, Tahan Banting Ekstrem, 50MP Kamera Underwater, Dual Stereo Speaker + 400% Audio",https://www.tokopedia.com/vivo/vivo-y21d-ip68-69-69-tahan-air-ekstrem-6500mah-tahan-3-hari-tahan-banting-ekstrem-50mp-kamera-underwater-dual-stereo-speaker-400-audio-1734485954431715251,Rp2759000,,,4.9,3rb+,vivo,,2026-10-03 10:06:41.404658
vivo S60,"vivo Y05 - Desain Premium, 6500mAh Tahan 3 Hari, IP65 Tahan Hujan, Tahan Banting Ekstrem, Origin OS Performa Lancar, Layar Ultra Tenang 1200nits",https://www.tokopedia.com/vivo/vivo-y05-desain-premium-6500mah-tahan-3-hari-ip65-tahan-hujan-tahan-banting-ekstrem-origin-os-performa-lancar-layar-ultra-tenang-1200nits-1734434669646481331,Rp2299000,Rp2359000,,5.0,2rb+,vivo,,2026-10-03 10:06:41.410786
vivo S60,"[NEW LAUNCH] vivo Y11d - 6500mAh + 44W FlashCharge, Tahan Banting Ekstrem, Tahan Hujan IP65, 50MP Kamera Utama, Layar 120Hz Ultra Terang",https://www.tokopedia.com/vivo/new-launch-vivo-y11d-6500mah-44w-flashcharge-tahan-banting-ekstrem-tahan-hujan-ip65-50mp-kamera-utama-layar-120hz-ultra-terang-1735558834219878323-1735876459057416115,Rp2599000,Rp2859000,,5.0,250+,vivo,,2026-10-03 10:06:41.413625
vivo S60,"[NEW LAUNCH] vivo Y29 (6/128) - Design Marmer Eksklusif, 6500mAh Tahan 3 Hari, Tahan Banting Ekstrem, IP69 Tahan Air Ekstrem, AI Erase 2.0 + AI Circle to Search",https://www.tokopedia.com/vivo/new-launch-vivo-y29-6-128-design-marmer-eksklusif-6500mah-tahan-3-hari-tahan-banting-ekstrem-ip69-tahan-air-ekstrem-ai-erase-2-0-ai-circle-to-search-1730854094421133235-1734577735225411507,Rp3459000,Rp3609000,,4.9,2rb+,vivo,,2026-10-03 10:06:41.416183
vivo S60,"[NEW LAUNCH] vivo V70FE 5G 200MP OIS Main Camera, AI Travel Portrait, 7000mAH + 90W FlashCharge, IP68+IP69 Water Resistance, OriginOS 6.0",https://www.tokopedia.com/vivo/new-launch-vivo-v70fe-5g-200mp-ois-main-camera-ai-travel-portrait-7000mah-90w-flashcharge-ip68-ip69-water-resistance-originos-6-0-1734495591756105651,Rp6999000,,,5.0,250+,vivo,,2026-10-03 10:06:41.418704
vivo S60e,"vivo Y21d - IP68/69/69+ Tahan Air Ekstrem, 6500mAh Tahan 3 Hari, Tahan Banting Ekstrem, 50MP Kamera Underwater, Dual Stereo Speaker + 400% Audio",https://www.tokopedia.com/vivo/vivo-y21d-ip68-69-69-tahan-air-ekstrem-6500mah-tahan-3-hari-tahan-banting-ekstrem-50mp-kamera-underwater-dual-stereo-speaker-400-audio-1734485954431715251,Rp2759000,,,4.9,3rb+,vivo,,2026-10-03 10:10:46.022794
vivo S60e,"[NEW LAUNCH] vivo Y11d - 6500mAh + 44W FlashCharge, Tahan Banting Ekstrem, Tahan Hujan IP65, 50MP Kamera Utama, Layar 120Hz Ultra Terang",https://www.tokopedia.com/vivo/new-launch-vivo-y11d-6500mah-44w-flashcharge-tahan-banting-ekstrem-tahan-hujan-ip65-50mp-kamera-utama-layar-120hz-ultra-terang-1735558834219878323-1735876459057416115,Rp2599000,Rp2859000,,5.0,250+,vivo,,2026-10-03 10:10:46.029310
vivo S60e,"vivo Y05 - Desain Premium, 6500mAh Tahan 3 Hari, IP65 Tahan Hujan, Tahan Banting Ekstrem, Origin OS Performa Lancar, Layar Ultra Tenang 1200nits",https://www.tokopedia.com/vivo/vivo-y05-desain-premium-6500mah-tahan-3-hari-ip65-tahan-hujan-tahan-banting-ekstrem-origin-os-performa-lancar-layar-ultra-tenang-1200nits-1734434669646481331,Rp2299000,Rp2359000,,5.0,2rb+,vivo,,2026-10-03 10:10:46.031761
vivo S60e,"[NEW LAUNCH] vivo Y29 (6/128) - Design Marmer Eksklusif, 6500mAh Tahan 3 Hari, Tahan Banting Ekstrem, IP69 Tahan Air Ekstrem, AI Erase 2.0 + AI Circle to Search",https://www.tokopedia.com/vivo/new-launch-vivo-y29-6-128-design-marmer-eksklusif-6500mah-tahan-3-hari-tahan-banting-ekstrem-ip69-tahan-air-ekstrem-ai-erase-2-0-ai-circle-to-search-1730854094421133235-1734577735225411507,Rp3459000,Rp3609000,,4.9,2rb+,vivo,,2026-10-03 10:10:46.034122
vivo S60e,"[NEW LAUNCH] vivo V70FE 5G 200MP OIS Main Camera, AI Travel Portrait, 7000mAH + 90W FlashCharge, IP68+IP69 Water Resistance, OriginOS 6.0",https://www.tokopedia.com/vivo/new-launch-vivo-v70fe-5g-200mp-ois-main-camera-ai-travel-portrait-7000mah-90w-flashcharge-ip68-ip69-water-resistance-originos-6-0-1734495591756105651,Rp6999000,,,5.0,250+,vivo,,2026-10-03 10:10:46.036489
vivo S60e,"[ONLINE EXCLUSIVE] vivo V60 Lite 4G (8/128) 50MP Sony Camera, 6500 mAh + 90W FlashCharge, Bypass Charging, AI Four-Seasons, SGS 5-Star Drop Resistance",https://www.tokopedia.com/vivo/online-exclusive-vivo-v60-lite-4g-8-128-50mp-sony-camera-6500-mah-90w-flashcharge-bypass-charging-ai-four-seasons-sgs-5-star-drop-resistance-1734338767641806771,Rp5059000,,,4.9,1rb+,vivo,,2026-10-03 10:10:46.039233
vivo V70 Lite 4G,Vivo V70 FE 8/256GB 12/256GB Garansi Resmi,https://www.tokopedia.com/myfon-teleshop/vivo-v70-fe-8-256gb-12-256gb-garansi-resmi-1734482078299096709,Rp7094000,Rp7199000,,5.0,28,myfon-teleshop,,2026-10-03 08:33:34.736168
vivo V70 Lite 4G,"[NEW LAUNCH] vivo Y11d - 6500mAh + 44W FlashCharge, Tahan Banting Ekstrem, Tahan Hujan IP65, 50MP Kamera Utama, Layar 120Hz Ultra Terang",https://www.tokopedia.com/vivo/new-launch-vivo-y11d-6500mah-44w-flashcharge-tahan-banting-ekstrem-tahan-hujan-ip65-50mp-kamera-utama-layar-120hz-ultra-terang-1735558834219878323-1735876459057416115,Rp2599000,Rp2859000,,5.0,250+,vivo,,2026-10-03 08:33:34.739159
vivo V70 Lite 4G,"vivo Y21d - IP68/69/69+ Tahan Air Ekstrem, 6500mAh Tahan 3 Hari, Tahan Banting Ekstrem, 50MP Kamera Underwater, Dual Stereo Speaker + 400% Audio",https://www.tokopedia.com/vivo/vivo-y21d-ip68-69-69-tahan-air-ekstrem-6500mah-tahan-3-hari-tahan-banting-ekstrem-50mp-kamera-underwater-dual-stereo-speaker-400-audio-1734485954431715251,Rp2759000,,,4.9,3rb+,vivo,,2026-10-03 08:33:34.748042
vivo V70 Lite 4G,"vivo Y05 - Desain Premium, 6500mAh Tahan 3 Hari, IP65 Tahan Hujan, Tahan Banting Ekstrem, Origin OS Performa Lancar, Layar Ultra Tenang 1200nits",https://www.tokopedia.com/vivo/vivo-y05-desain-premium-6500mah-tahan-3-hari-ip65-tahan-hujan-tahan-banting-ekstrem-origin-os-performa-lancar-layar-ultra-tenang-1200nits-1734434669646481331,Rp2299000,Rp2359000,,5.0,2rb+,vivo,,2026-10-03 08:33:34.751512
vivo V70 Lite 4G,"[NEW LAUNCH] vivo V70FE 5G 200MP OIS Main Camera, AI Travel Portrait, 7000mAH + 90W FlashCharge, IP68+IP69 Water Resistance, OriginOS 6.0",https://www.tokopedia.com/vivo/new-launch-vivo-v70fe-5g-200mp-ois-main-camera-ai-travel-portrait-7000mah-90w-flashcharge-ip68-ip69-water-resistance-originos-6-0-1734495591756105651,Rp6999000,,,5.0,250+,vivo,,2026-10-03 08:33:34.754311
vivo V70 Lite 4G,"[NEW LAUNCH] vivo Y29 (8/128) - Design Marmer Eksklusif, 6500mAh Tahan 3 Hari, Tahan Banting Ekstrem, IP69 Tahan Air Ekstrem, AI Erase 2.0 + AI Circle to Search",https://www.tokopedia.com/vivo/new-launch-vivo-y29-8-128-design-marmer-eksklusif-6500mah-tahan-3-hari-tahan-banting-ekstrem-ip69-tahan-air-ekstrem-ai-erase-2-0-ai-circle-to-search-1734424947658491827,Rp4059000,Rp4259000,,4.9,1rb+,vivo,,2026-10-03 08:33:34.756692
vivo V70 Lite 4G,"25% NEW LAUNCH HONOR X6c 6GB+256GB (Moonlight White / Midnight Black) - Storage Luas 256GB, 50MP , 5300mAh 35W Fitur Magic Capsule, Desain Stylish & Modern, Smartphone Handal Value for Money",https://www.tokopedia.com/honor-official-store/new-launch-honor-x6c-5300-mah-baterai-besar-6gb-256gb-50-mp-kamera-utama-5-mp-kamera-selfie-ai-button-creation-1736085646690650035-1736086159122794419,Rp2999000,Rp3999000,,5.0,21,honor-official-store,,2026-10-03 08:33:34.759670
vivo V70 Lite 4G,"[NEW LAUNCH] vivo Y29 (6/128) - Design Marmer Eksklusif, 6500mAh Tahan 3 Hari, Tahan Banting Ekstrem, IP69 Tahan Air Ekstrem, AI Erase 2.0 + AI Circle to Search",https://www.tokopedia.com/vivo/new-launch-vivo-y29-6-128-design-marmer-eksklusif-6500mah-tahan-3-hari-tahan-banting-ekstrem-ip69-tahan-air-ekstrem-ai-erase-2-0-ai-circle-to-search-1730854094421133235-1734577735225411507,Rp3459000,Rp3609000,,4.9,2rb+,vivo,,2026-10-03 08:33:34.765588
vivo V70 Lite 4G,"[ONLINE EXCLUSIVE] vivo V60 Lite 4G (8/128) 50MP Sony Camera, 6500 mAh + 90W FlashCharge, Bypass Charging, AI Four-Seasons, SGS 5-Star Drop Resistance",https://www.tokopedia.com/vivo/online-exclusive-vivo-v60-lite-4g-8-128-50mp-sony-camera-6500-mah-90w-flashcharge-bypass-charging-ai-four-seasons-sgs-5-star-drop-resistance-1734338767641806771,Rp5059000,,,4.9,1rb+,vivo,,2026-10-03 08:33:34.768235
vivo V80 Lite,21% [Exclusive Creator] ZTE Nubia V80 Max [8/128 GB] Garansi Resmi Indonesia,https://www.tokopedia.com/duniagadgetku/zte-blade-v50-design-8-128-gb-garansi-resmi-1736702235727267643,Rp2368500,Rp2999000,,4.9,60+,duniagadgetku,,2026-10-01 07:09:28.739853
vivo V80 Lite,"[Online Exclusive] vivo iQOO Z10 Lite , 120Hz FLAT AMOLED, 6000mAh 44W Bypass Charging, Snapdragon 685, IP68+69, 50MP Sony IMX + NFC",https://www.tokopedia.com/vivo/online-exclusive-vivo-iqoo-z10-lite-120hz-flat-amoled-6000mah-44w-bypass-charging-snapdragon-685-ip68-69-50mp-sony-imx-nfc-1734264628579108787,Rp3859000,,,4.9,6rb+,vivo,,2026-10-01 07:09:28.743938
vivo V80 Lite,17% NUBIA V80 Max 6GB/128GB 8GB/128GB - Garansi Resmi Nasional,https://www.tokopedia.com/indahponsel/zte-nubia-v80-max-6gb-128gb-8gb-128gb-garansi-resmi-nasional-1734226835484673613-1737591557839750733,Rp2160000,Rp2615000,,4.9,1rb+,indahponsel,,2026-10-01 07:09:28.747532
vivo V80 Lite,"[NEW LAUNCH] vivo Y11d - 6500mAh + 44W FlashCharge, Tahan Banting Ekstrem, Tahan Hujan IP65, 50MP Kamera Utama, Layar 120Hz Ultra Terang",https://www.tokopedia.com/vivo/new-launch-vivo-y11d-6500mah-44w-flashcharge-tahan-banting-ekstrem-tahan-hujan-ip65-50mp-kamera-utama-layar-120hz-ultra-terang-1735558834219878323-1735876459057350579,Rp2599000,Rp2859000,,5.0,250+,vivo,,2026-10-01 07:09:28.750308
vivo V80 Lite,"[ONLINE EXCLUSIVE] vivo T5 - 7200 mAH + 44W FlashCharge, 32MP Front Camera, Origin OS + vivo AI, IP68/69/69+",https://www.tokopedia.com/vivo/online-exclusive-vivo-t5-7200-mah-44w-flashcharge-32mp-front-camera-origin-os-vivo-ai-ip68-69-69-1735376155166017459-1735376256009996211,Rp3609000,Rp3709000,,4.9,750+,vivo,,2026-10-01 07:09:28.753074
vivo V80 Lite,"vivo Y05 - Desain Premium, 6500mAh Tahan 3 Hari, IP65 Tahan Hujan, Tahan Banting Ekstrem, Origin OS Performa Lancar, Layar Ultra Tenang 1200nits",https://www.tokopedia.com/vivo/vivo-y05-desain-premium-6500mah-tahan-3-hari-ip65-tahan-hujan-tahan-banting-ekstrem-origin-os-performa-lancar-layar-ultra-tenang-1200nits-1734434669646481331,Rp2299000,Rp2359000,,4.9,2rb+,vivo,,2026-10-01 07:09:28.755618
vivo V80 Lite,"vivo Y21d - IP68/69/69+ Tahan Air Ekstrem, 6500mAh Tahan 3 Hari, Tahan Banting Ekstrem, 50MP Kamera Underwater, Dual Stereo Speaker + 400% Audio",https://www.tokopedia.com/vivo/vivo-y21d-ip68-69-69-tahan-air-ekstrem-6500mah-tahan-3-hari-tahan-banting-ekstrem-50mp-kamera-underwater-dual-stereo-speaker-400-audio-1734485954431715251,Rp2759000,,,4.9,3rb+,vivo,,2026-10-01 07:09:28.757887
vivo V80 Lite,"[NEW LAUNCH] vivo Y29 (8/128) - Design Marmer Eksklusif, 6500mAh Tahan 3 Hari, Tahan Banting Ekstrem, IP69 Tahan Air Ekstrem, AI Erase 2.0 + AI Circle to Search",https://www.tokopedia.com/vivo/new-launch-vivo-y29-8-128-design-marmer-eksklusif-6500mah-tahan-3-hari-tahan-banting-ekstrem-ip69-tahan-air-ekstrem-ai-erase-2-0-ai-circle-to-search-1734424947658491827,Rp4059000,Rp4259000,,4.9,1rb+,vivo,,2026-10-01 07:09:28.760158
vivo V80 Lite,"[ONLINE EXCLUSIVE] vivo V60 Lite 4G (8/128) 50MP Sony Camera, 6500 mAh + 90W FlashCharge, Bypass Charging, AI Four-Seasons, SGS 5-Star Drop Resistance",https://www.tokopedia.com/vivo/online-exclusive-vivo-v60-lite-4g-8-128-50mp-sony-camera-6500-mah-90w-flashcharge-bypass-charging-ai-four-seasons-sgs-5-star-drop-resistance-1734338767641806771,Rp5059000,,,4.9,1rb+,vivo,,2026-10-01 07:09:28.762612
vivo V80 Lite,"[NEW LAUNCH] vivo V70FE 5G 200MP OIS Main Camera, AI Travel Portrait, 7000mAH + 90W FlashCharge, IP68+IP69 Water Resistance, OriginOS 6.0",https://www.tokopedia.com/vivo/new-launch-vivo-v70fe-5g-200mp-ois-main-camera-ai-travel-portrait-7000mah-90w-flashcharge-ip68-ip69-water-resistance-originos-6-0-1734495591756105651,Rp6999000,,,5.0,250+,vivo,,2026-10-01 07:09:28.765610
vivo V80 Lite (IN/PK),43% ZTE NUBIA V80 MAX 6GB/128GB & 8GB/128GB GARANSI RESMI - SMARTPHONE Layar Screen,https://www.tokopedia.com/mahkota-accessories/zte-nubia-v80-max-6gb-128gb-8gb-128gb-garansi-resmi-smartphone-1731381430848488652-1737560348272002252,Rp2183000,Rp3800000,,4.8,750+,mahkota-accessories,,2026-10-03 08:28:35.156995
vivo V80 Lite (IN/PK),"[NEW LAUNCH] vivo Y11d - 6500mAh + 44W FlashCharge, Tahan Banting Ekstrem, Tahan Hujan IP65, 50MP Kamera Utama, Layar 120Hz Ultra Terang",https://www.tokopedia.com/vivo/new-launch-vivo-y11d-6500mah-44w-flashcharge-tahan-banting-ekstrem-tahan-hujan-ip65-50mp-kamera-utama-layar-120hz-ultra-terang-1735558834219878323-1735876459057416115,Rp2599000,Rp2859000,,5.0,250+,vivo,,2026-10-03 08:28:35.160358
vivo V80 Lite (IN/PK),"vivo Y05 - Desain Premium, 6500mAh Tahan 3 Hari, IP65 Tahan Hujan, Tahan Banting Ekstrem, Origin OS Performa Lancar, Layar Ultra Tenang 1200nits",https://www.tokopedia.com/vivo/vivo-y05-desain-premium-6500mah-tahan-3-hari-ip65-tahan-hujan-tahan-banting-ekstrem-origin-os-performa-lancar-layar-ultra-tenang-1200nits-1734434669646481331,Rp2299000,Rp2359000,,5.0,2rb+,vivo,,2026-10-03 08:28:35.162901
vivo V80 Lite (IN/PK),"vivo Y21d - IP68/69/69+ Tahan Air Ekstrem, 6500mAh Tahan 3 Hari, Tahan Banting Ekstrem, 50MP Kamera Underwater, Dual Stereo Speaker + 400% Audio",https://www.tokopedia.com/vivo/vivo-y21d-ip68-69-69-tahan-air-ekstrem-6500mah-tahan-3-hari-tahan-banting-ekstrem-50mp-kamera-underwater-dual-stereo-speaker-400-audio-1734485954431715251,Rp2759000,,,4.9,3rb+,vivo,,2026-10-03 08:28:35.165262
vivo V80 Lite (IN/PK),"[NEW LAUNCH] vivo Y29 (8/128) - Design Marmer Eksklusif, 6500mAh Tahan 3 Hari, Tahan Banting Ekstrem, IP69 Tahan Air Ekstrem, AI Erase 2.0 + AI Circle to Search",https://www.tokopedia.com/vivo/new-launch-vivo-y29-8-128-design-marmer-eksklusif-6500mah-tahan-3-hari-tahan-banting-ekstrem-ip69-tahan-air-ekstrem-ai-erase-2-0-ai-circle-to-search-1734424947658491827,Rp4059000,Rp4259000,,4.9,1rb+,vivo,,2026-10-03 08:28:35.168108
vivo V80 Lite (IN/PK),"[NEW LAUNCH] vivo Y29 (6/128) - Design Marmer Eksklusif, 6500mAh Tahan 3 Hari, Tahan Banting Ekstrem, IP69 Tahan Air Ekstrem, AI Erase 2.0 + AI Circle to Search",https://www.tokopedia.com/vivo/new-launch-vivo-y29-6-128-design-marmer-eksklusif-6500mah-tahan-3-hari-tahan-banting-ekstrem-ip69-tahan-air-ekstrem-ai-erase-2-0-ai-circle-to-search-1730854094421133235-1734577735225411507,Rp3459000,Rp3609000,,4.9,2rb+,vivo,,2026-10-03 08:28:35.171365
vivo V80 Lite (IN/PK),"[ONLINE EXCLUSIVE] vivo V60 Lite 4G (8/128) 50MP Sony Camera, 6500 mAh + 90W FlashCharge, Bypass Charging, AI Four-Seasons, SGS 5-Star Drop Resistance",https://www.tokopedia.com/vivo/online-exclusive-vivo-v60-lite-4g-8-128-50mp-sony-camera-6500-mah-90w-flashcharge-bypass-charging-ai-four-seasons-sgs-5-star-drop-resistance-1734338767641806771,Rp5059000,,,4.9,1rb+,vivo,,2026-10-03 08:28:35.174254
vivo V80 Lite (IN/PK),Vivo X80 - Ponsel Canggih dengan Kamera Zeiss untuk Pengalaman Fotografi Terbaik,https://www.tokopedia.com/gg-handphone/vivo-x80-ponsel-canggih-dengan-kamera-zeiss-untuk-pengalaman-fotografi-terbaik-1737443337860318312,Rp4675000,Rp4700000,,,,gg-handphone,,2026-10-03 08:28:35.176866
vivo X300 E,PreOrder Vivo X300 FE Global Version 5G 6.31''AMOLED 120HZ Snapdragon 8 Gen 5 6500mAh 90W 50MP Main 50MP Telefoto,https://www.tokopedia.com/indemand/vivo-x300-fe-global-version-5g-6-31-amoled-120hz-snapdragon-8-gen-5-6500mah-90w-50mp-main-50mp-telefoto-1735861262481524642-1735861274773587874,Rp24774000,Rp24799000,,,,indemand,,2026-10-03 09:29:14.107472
vivo X300 E,Tecno Camon 50 Pro 5G 8/256GB 12/256GB 12/512GB,https://www.tokopedia.com/myfon-teleshop/tecno-camon-40-pro-5g-8-256gb-12-256gb-garansi-resmi-tecno-indonesia-1731418975294883461-1737750078841652869,Rp5395000,Rp5699000,,4.9,1rb+,myfon-teleshop,,2026-10-03 09:29:14.110729
vivo X300 E,"[NEW LAUNCH] vivo V70FE 5G 200MP OIS Main Camera, AI Travel Portrait, 7000mAH + 90W FlashCharge, IP68+IP69 Water Resistance, OriginOS 6.0",https://www.tokopedia.com/vivo/new-launch-vivo-v70fe-5g-200mp-ois-main-camera-ai-travel-portrait-7000mah-90w-flashcharge-ip68-ip69-water-resistance-originos-6-0-1734495591756105651,Rp6999000,,,5.0,250+,vivo,,2026-10-03 09:29:14.113344
vivo X300 E,"vivo Y21d - IP68/69/69+ Tahan Air Ekstrem, 6500mAh Tahan 3 Hari, Tahan Banting Ekstrem, 50MP Kamera Underwater, Dual Stereo Speaker + 400% Audio",https://www.tokopedia.com/vivo/vivo-y21d-ip68-69-69-tahan-air-ekstrem-6500mah-tahan-3-hari-tahan-banting-ekstrem-50mp-kamera-underwater-dual-stereo-speaker-400-audio-1734485954431715251,Rp2759000,,,4.9,3rb+,vivo,,2026-10-03 09:29:14.116055
vivo X300 E,"[NEW LAUNCH] vivo Y29 (6/128) - Design Marmer Eksklusif, 6500mAh Tahan 3 Hari, Tahan Banting Ekstrem, IP69 Tahan Air Ekstrem, AI Erase 2.0 + AI Circle to Search",https://www.tokopedia.com/vivo/new-launch-vivo-y29-6-128-design-marmer-eksklusif-6500mah-tahan-3-hari-tahan-banting-ekstrem-ip69-tahan-air-ekstrem-ai-erase-2-0-ai-circle-to-search-1730854094421133235-1734577735225411507,Rp3459000,Rp3609000,,4.9,2rb+,vivo,,2026-10-03 09:29:14.118555
vivo X300 E,"[NEW LAUNCH] vivo Y11d - 6500mAh + 44W FlashCharge, Tahan Banting Ekstrem, Tahan Hujan IP65, 50MP Kamera Utama, Layar 120Hz Ultra Terang",https://www.tokopedia.com/vivo/new-launch-vivo-y11d-6500mah-44w-flashcharge-tahan-banting-ekstrem-tahan-hujan-ip65-50mp-kamera-utama-layar-120hz-ultra-terang-1735558834219878323-1735876459057416115,Rp2599000,Rp2859000,,5.0,250+,vivo,,2026-10-03 09:29:14.120916
vivo X300 E,"vivo Y05 - Desain Premium, 6500mAh Tahan 3 Hari, IP65 Tahan Hujan, Tahan Banting Ekstrem, Origin OS Performa Lancar, Layar Ultra Tenang 1200nits",https://www.tokopedia.com/vivo/vivo-y05-desain-premium-6500mah-tahan-3-hari-ip65-tahan-hujan-tahan-banting-ekstrem-origin-os-performa-lancar-layar-ultra-tenang-1200nits-1734434669646481331,Rp2299000,Rp2359000,,5.0,2rb+,vivo,,2026-10-03 09:29:14.123643
vivo X500,PreOrder Vivo X500 Pro Max 5G 12+256GB 512GB 1TB 16GB+512GB 1TB MediaTek Dimensity 9600 Pro - China ROM,https://www.tokopedia.com/toko-keliling-new/vivo-x500-pro-max-5g-12-256gb-512gb-1tb-mediatek-dimensity-9600-pro-china-rom-1737691935479596061-1737691936710034461,Rp26999000,,,,,toko-keliling-new,,2026-10-01 07:05:14.800999
vivo X500,"[ONLINE EXCLUSIVE] vivo T5 - 7200 mAH + 44W FlashCharge, 32MP Front Camera, Origin OS + vivo AI, IP68/69/69+",https://www.tokopedia.com/vivo/online-exclusive-vivo-t5-7200-mah-44w-flashcharge-32mp-front-camera-origin-os-vivo-ai-ip68-69-69-1735376155166017459-1735376256009996211,Rp3609000,Rp3709000,,4.9,750+,vivo,,2026-10-01 07:05:14.804751
vivo X500,"[NEW LAUNCH] vivo Y11d - 6500mAh + 44W FlashCharge, Tahan Banting Ekstrem, Tahan Hujan IP65, 50MP Kamera Utama, Layar 120Hz Ultra Terang",https://www.tokopedia.com/vivo/new-launch-vivo-y11d-6500mah-44w-flashcharge-tahan-banting-ekstrem-tahan-hujan-ip65-50mp-kamera-utama-layar-120hz-ultra-terang-1735558834219878323-1735876459057350579,Rp2599000,Rp2859000,,5.0,250+,vivo,,2026-10-01 07:05:14.807823
vivo X500,"[SUPERZOOM FLASHSNAP] TECNO CAMON 50 8GB+8GB*/128GB, 50MP Sony + 8MP Ultra Wide, 32MP Front Camera, 1.5K 144Hz AMOLED, Mediatek Helio G200 Ultimate , IP69K, 45W Ultra Charging, camon50",https://www.tokopedia.com/tecnoofficialstore/new-superzoom-flashsnap-tecno-camon-50-8gb-8gb-128gb-50mp-sony-8mp-ultra-wide-32mp-front-camera-1-5k-144hz-amoled-mediatek-helio-g200-ultimate-ip69k-45w-ultra-charging-camon50-1734382406801785931-1737528499791103051,Rp4448000,Rp4758000,,4.9,5rb+,tecnoofficialstore,,2026-10-01 07:05:14.810571
vivo X500,"[ONLINE EXCLUSIVE] vivo V60 Lite 4G (8/128) 50MP Sony Camera, 6500 mAh + 90W FlashCharge, Bypass Charging, AI Four-Seasons, SGS 5-Star Drop Resistance",https://www.tokopedia.com/vivo/online-exclusive-vivo-v60-lite-4g-8-128-50mp-sony-camera-6500-mah-90w-flashcharge-bypass-charging-ai-four-seasons-sgs-5-star-drop-resistance-1734338767641806771,Rp5059000,,,4.9,1rb+,vivo,,2026-10-01 07:05:14.813471
vivo X500,Vivo X80 - Ponsel Canggih dengan Kamera Zeiss untuk Pengalaman Fotografi Terbaik,https://www.tokopedia.com/gg-handphone/vivo-x80-ponsel-canggih-dengan-kamera-zeiss-untuk-pengalaman-fotografi-terbaik-1737443337860318312,Rp4675000,Rp4700000,,,,gg-handphone,,2026-10-01 07:05:14.816567
vivo X500,"VIVO X300 5G [12/256GB] [16/512GB] - 200MP Camera, Mediatek Dimensity 9500 - X 300 Garansi Resmi",https://www.tokopedia.com/189-cell/vivo-x300-5g-12-256gb-16-512gb-200mp-camera-mediatek-dimensity-9500-x-300-garansi-resmi-1731586171159348770-1736352028528969250,Rp12427900,Rp12999900,,5.0,189,189-cell,,2026-10-01 07:05:14.819485
vivo X500,"TECNO POVA 8 PRO 5G 8+8GB*/256GB TONINO LAMBORGHINI LIMITED EDITION, Dual Gaming Chipset Mediatek D7400 Ultimate 5G + P1 Graphic Chip up to 144 FPS, IP69K, Android 16 - HiOS 16  - POVA8PRO",https://www.tokopedia.com/tecnoofficialstore/coming-soon-pova-8-pro-5g-8-8gb-256gb-lamborghini-edition-1737093105534600267-1737093062063129675,Rp6399000,Rp6799000,,4.9,100+,tecnoofficialstore,,2026-10-01 07:05:14.822998
vivo X500,Vivo X100 Pro 16/512GB X100 12/256GB - X100 12/256GB Vivo X100 Pro 16/512GB X100 12/256GB - X100 12/256GB,https://www.tokopedia.com/uperclick/vivo-x100-pro-16-512gb-x100-12-256gb-x100-12-256gb-vivo-x100-pro-16-512gb-x100-12-256gb-x100-12-256gb,Rp13500000,,,5.0,40+,uperclick,,2026-10-01 07:05:14.826115
vivo X500,vivo x200 ultra 1tb red imei resmi bea cukai,https://www.tokopedia.com/andiekw/vivo-x200-ultra-1tb-red-imei-resmi-bea-cukai-1737484932423976160,Rp18974000,Rp18999000,,,,andiekw,,2026-10-01 07:05:14.828941
vivo Y11d,"[NEW LAUNCH] vivo Y11d - 6500mAh + 44W FlashCharge, Tahan Banting Ekstrem, Tahan Hujan IP65, 50MP Kamera Utama, Layar 120Hz Ultra Terang",https://www.tokopedia.com/vivo/new-launch-vivo-y11d-6500mah-44w-flashcharge-tahan-banting-ekstrem-tahan-hujan-ip65-50mp-kamera-utama-layar-120hz-ultra-terang-1735558834219878323-1735876459057416115,Rp2599000,Rp2859000,,5.0,250+,vivo,,2026-10-03 09:33:06.242001
vivo Y11d,16% (EXCLUSIVE WENNY_WIJAYA) VIVO Y11D 4/128 & 4/64 GARANSI RESMI,https://www.tokopedia.com/bintangempatcell/exclusive-wenny-wijaya-vivo-y11d-4-128-4-64-garansi-resmi-1735436178721900017-1735436308028753393,Rp2669000,Rp3179000,,5.0,2,bintangempatcell,,2026-10-03 09:33:06.246003
vivo Y11d,16% (EXCLUSIVE ROBIBOIS) VIVO Y11D 4/128 & 4/64 GARANSI RESMI,https://www.tokopedia.com/bintangempatcell/exclusive-robibois-vivo-y11d-4-128-4-64-garansi-resmi-1735436178377115121-1735436178646533617,Rp2669000,Rp3179000,,,,bintangempatcell,,2026-10-03 09:33:06.249477
vivo Y11d,21% VIVO Y11d RAM [4GB/64GB] [4GB/128GB] [6/128GB] | VIVO Y 11d RAM [4GB/64GB] [4GB/128GB] Unisoc T7225 GARANSI RESMI,https://www.tokopedia.com/189-cell/vivo-y16-ram-3-32-3-64-4-64-vivo-y-16-3-64-4-64-garansi-resmi-vivo-1735515899371161122,Rp2382900,Rp2999900,,5.0,189,189-cell,,2026-10-03 09:33:06.252379
vivo Y11d,27% [ TP ] VIVO Y11D ( 4GB/128GB ) GARANSI RESMI,https://www.tokopedia.com/digital-electronics-lifestyle/tp-vivo-y11d-4gb-128gb-garansi-resmi-1735802298011518484-1735802297253201428,Rp2774000,Rp3800000,,,4,digital-electronics-lifestyle,,2026-10-03 09:33:06.254954
vivo Y11d,VIVO Y11D 6/128 VIVO Y11 D 4/128 VIVO Y 11 D 4/64 GARANSI RESMI INDONESIA,https://www.tokopedia.com/cuan-gadgetid/vivo-y11d-6-128-vivo-y11-d-4-128-vivo-y-11-d-4-64-garansi-resmi-indonesia-1735425643188094376-1735425688034313640,Rp2799000,,,5.0,17,cuan-gadgetid,,2026-10-03 09:33:06.257482
vivo Y11d,Vivo Y11d Ram 4GB Storage 128GB Garansi Resmi,https://www.tokopedia.com/quattrocomp/hp-victus-15-ryzen-7-7445hs-rtx3050-6gb-16gb-512gb-w11-ohs-m365b-15-6fhd-144hz-1734344459397596958-1736328630413264670,Rp2799000,,,,1,quattrocomp,,2026-10-03 09:33:06.259881
vivo Y11d,VIVO Y11D 4/64GB | 4/128GB | 6/128GB SEGEL ORIGINAL & BERGARANSI RESMI,https://www.tokopedia.com/gadgedmurah-1/vivo-y11d-4-64gb-4-128gb-6-128gb-segel-original-bergaransi-resmi-1737365985875036062-1737366236528805790,Rp2374000,Rp2399000,,,,gadgedmurah-1,,2026-10-03 09:33:06.262276
vivo Y11d,Vivo Y11d 4/64GB 4/128GB Garansi Resmi,https://www.tokopedia.com/myfon-teleshop/vivo-y31d-pro-6-128gb-8-128gb-8-256gb-garansi-resmi-1735466050846688901-1737528351622727301,Rp2794000,Rp2899000,,5.0,16,myfon-teleshop,,2026-10-03 09:33:06.264758
vivo Y31t,"vivo Y21d - IP68/69/69+ Tahan Air Ekstrem, 6500mAh Tahan 3 Hari, Tahan Banting Ekstrem, 50MP Kamera Underwater, Dual Stereo Speaker + 400% Audio",https://www.tokopedia.com/vivo/vivo-y21d-ip68-69-69-tahan-air-ekstrem-6500mah-tahan-3-hari-tahan-banting-ekstrem-50mp-kamera-underwater-dual-stereo-speaker-400-audio-1734485954431715251,Rp2759000,,,4.9,3rb+,vivo,,2026-10-03 09:05:13.892392
vivo Y31t,"vivo Y03t - IP54 Tahan Air, AI Dual Camera 5000mAh + 15W FlashCharge, Layar Sunlight 90Hz",https://www.tokopedia.com/vivo/vivo-y03t-ip54-tahan-air-ai-dual-camera-5000mah-15w-flashcharge-layar-sunlight-90hz-1730455539551078323-1734901463507503027,Rp2059000,,,5.0,10rb+,vivo,,2026-10-03 09:05:13.896138
vivo Y31t,"[NEW LAUNCH] vivo Y11d - 6500mAh + 44W FlashCharge, Tahan Banting Ekstrem, Tahan Hujan IP65, 50MP Kamera Utama, Layar 120Hz Ultra Terang",https://www.tokopedia.com/vivo/new-launch-vivo-y11d-6500mah-44w-flashcharge-tahan-banting-ekstrem-tahan-hujan-ip65-50mp-kamera-utama-layar-120hz-ultra-terang-1735558834219878323-1735876459057416115,Rp2599000,Rp2859000,,5.0,250+,vivo,,2026-10-03 09:05:13.899945
vivo Y31t,"vivo Y05 - Desain Premium, 6500mAh Tahan 3 Hari, IP65 Tahan Hujan, Tahan Banting Ekstrem, Origin OS Performa Lancar, Layar Ultra Tenang 1200nits",https://www.tokopedia.com/vivo/vivo-y05-desain-premium-6500mah-tahan-3-hari-ip65-tahan-hujan-tahan-banting-ekstrem-origin-os-performa-lancar-layar-ultra-tenang-1200nits-1734434669646481331,Rp2299000,Rp2359000,,5.0,2rb+,vivo,,2026-10-03 09:05:13.904094
vivo Y31t,"[NEW LAUNCH] vivo Y29 (8/128) - Design Marmer Eksklusif, 6500mAh Tahan 3 Hari, Tahan Banting Ekstrem, IP69 Tahan Air Ekstrem, AI Erase 2.0 + AI Circle to Search",https://www.tokopedia.com/vivo/new-launch-vivo-y29-8-128-design-marmer-eksklusif-6500mah-tahan-3-hari-tahan-banting-ekstrem-ip69-tahan-air-ekstrem-ai-erase-2-0-ai-circle-to-search-1734424947658491827,Rp4059000,Rp4259000,,4.9,1rb+,vivo,,2026-10-03 09:05:13.907333
vivo Y31t,"[NEW LAUNCH] vivo Y29 (8/256) - Design Marmer Eksklusif, 6500mAh Tahan 3 Hari, Tahan Banting Ekstrem, IP69 Tahan Air Ekstrem, AI Erase 2.0 + AI Circle to Search",https://www.tokopedia.com/vivo/new-launch-vivo-y29-8-256-design-marmer-eksklusif-6500mah-tahan-3-hari-tahan-banting-ekstrem-ip69-tahan-air-ekstrem-ai-erase-2-0-ai-circle-to-search-1730875383498770355-1734577733161224115,Rp4559000,Rp4959000,,4.9,1rb+,vivo,,2026-10-03 09:05:13.910400
vivo Y31t,VIVO Y33T 8/128GB GARANSI RESMI VIVO INDONESIA,https://www.tokopedia.com/t0k0-0pp0st0re/vivo-y33t-8-128gb-garansi-resmi-vivo-indonesia-starry-gold,Rp1574000,Rp1599000,,5.0,30+,t0k0-0pp0st0re,,2026-10-03 09:05:13.913609
vivo Y500,"27% VIVO Y500 4G RAM [6/128GB] [6/256GB] - Unisoc T7300, 50MP | Y 500 y500 GARANSI RESMI",https://www.tokopedia.com/189-cell/vivo-y53s-ram-8-128-gb-y53-s-8-128-y53s-11-128-garansi-resmi-vivo-1736454623965120034,Rp5082900,Rp6999900,,4.7,189,189-cell,,2026-10-03 09:45:16.169938
vivo Y500,34% Vivo Y500 6/128GB 6/256GB Garansi Resmi Indonesia,https://www.tokopedia.com/digitechmall/vivo-y400-8-128gb-8-256gb-garansi-resmi-indonesia-1736854758901974643-1736854507243341427,Rp5272000,Rp7999000,,,,digitechmall,,2026-10-03 09:45:16.173475
vivo Y500,Vivo Y500 6/128GB 8/256GB New Garansi Resmi,https://www.tokopedia.com/bumi-phone/vivo-y500-6-128gb-8-256gb-new-garansi-resmi-1737425365998994459-1737425368928715803,Rp5784450,,,,,bumi-phone,,2026-10-03 09:45:16.176971
vivo iQOO 15T,PreOrder IQOO 15T 5G 6.82''AMOLED 144HZ Dimensity 9500 8000mAh 100W 200MP Main Camera,https://www.tokopedia.com/indemand/iqoo-15t-5g-6-82-amoled-144hz-dimensity-9500-8000mah-100w-200mp-main-camera-1736254606322468770-1736254611597723554,Rp16074000,Rp16099000,,,,indemand,,2026-10-03 10:23:01.112960
vivo iQOO 15T,Tecno Camon 50 Pro 5G 8/256GB 12/256GB 12/512GB,https://www.tokopedia.com/myfon-teleshop/tecno-camon-40-pro-5g-8-256gb-12-256gb-garansi-resmi-tecno-indonesia-1731418975294883461-1737750078841652869,Rp5395000,Rp5699000,,4.9,1rb+,myfon-teleshop,,2026-10-03 10:23:01.116615
vivo iQOO 15T,XIAOMI 15T 12/256GB | 12/512GB SEGEL ORIGINAL & BERGARANSI RESMI,https://www.tokopedia.com/gadgedmurah-1/xiaomi-15t-12-256gb-12-512gb-segel-original-bergaransi-resmi-1735409752827070366-1735410626781349790,Rp7200000,,,,3,gadgedmurah-1,,2026-10-03 10:23:01.119675
vivo iQOO 15T,HANDPHONE IQOO 15R 12GB 512GB,https://www.tokopedia.com/quattrocomp/handphone-iqoo-15r-12gb-512gb-1737702509546604318-1737702618145982238,Rp11379000,,,,,quattrocomp,,2026-10-03 10:23:01.123029
vivo iQOO 15T,IQOO 15R 8/256 GB RESMI GARANSI PANJANG,https://www.tokopedia.com/dison-cell/iqoo-15r-8-256-gb-resmi-garansi-panjang-1737493216991479393,Rp8275000,Rp8300000,,,,dison-cell,,2026-10-03 10:23:01.126212
vivo iQOO 15T,HP XIAOMI 15T 512/12,https://www.tokopedia.com/nblkulaan/hp-xiaomi-15t-512-12-1737746635923293998,Rp6720000,,,,,nblkulaan,,2026-10-03 10:23:01.128905
vivo iQOO 16,IQOO VIVO 15 16/512 GB SECOND ORIGINAL FULLSET GARANSI RESMI NO MINUS,https://www.tokopedia.com/travelponsel-1/iqoo-vivo-15-16-512-gb-second-original-fullset-garansi-resmi-no-minus-1736195126453372924,Rp12975000,Rp13000000,,,,travelponsel-1,,2026-10-01 06:46:55.283698
vivo iQOO 16,Iqoo 15 16/512GB Garansi Resmi Fullset,https://www.tokopedia.com/officialts/iqoo-15-16-512gb-garansi-resmi-fullset-1733887868734048184,Rp14299000,,,5.0,1,officialts,,2026-10-01 06:46:55.286510
vivo iQOO 16,IQOO 13 5G 16/512GB Snapdragon 8 Elite,https://www.tokopedia.com/zetacell/iqoo-13-5g-16-512gb-snapdragon-8-elite-1732046500427171030,Rp9775000,Rp9800000,,,,zetacell,,2026-10-01 06:46:55.288683
vivo iQOO 16,Iqoo 15 16+16/512GB Like New Garansi Sampai 2 Juni 2027,https://www.tokopedia.com/donna-pradana/iqoo-15-16-16-512gb-like-new-garansi-sampai-2-juni-2027-1735906835937920918,Rp13050000,Rp13075000,,,,donna-pradana,,2026-10-01 06:46:55.290827
vivo iQOO 16,"[NEW LAUNCH] vivo V70FE 5G 200MP OIS Main Camera, AI Travel Portrait, 7000mAH + 90W FlashCharge, IP68+IP69 Water Resistance, OriginOS 6.0",https://www.tokopedia.com/vivo/new-launch-vivo-v70fe-5g-200mp-ois-main-camera-ai-travel-portrait-7000mah-90w-flashcharge-ip68-ip69-water-resistance-originos-6-0-1734495591756105651,Rp6999000,,,5.0,250+,vivo,,2026-10-01 06:46:55.292974
vivo iQOO 16,"[NEW LAUNCH] vivo Y11d - 6500mAh + 44W FlashCharge, Tahan Banting Ekstrem, Tahan Hujan IP65, 50MP Kamera Utama, Layar 120Hz Ultra Terang",https://www.tokopedia.com/vivo/new-launch-vivo-y11d-6500mah-44w-flashcharge-tahan-banting-ekstrem-tahan-hujan-ip65-50mp-kamera-utama-layar-120hz-ultra-terang-1735558834219878323-1735876459057350579,Rp2599000,Rp2859000,,5.0,250+,vivo,,2026-10-01 06:46:55.295080
vivo iQOO 16,"22% [SUPERZOOM FLASHSNAP] TECNO CAMON 50 8GB+8GB*/256GB, 50MP Sony + 8MP Ultra Wide, 32MP Front Camera, 1.5K 144Hz AMOLED, Mediatek Helio G200 Ultimate , IP69K, 45W Ultra Charging, camon50",https://www.tokopedia.com/tecnoofficialstore/new-superzoom-flashsnap-tecno-camon-50-8gb-8gb-256gb-50mp-sony-8mp-ultra-wide-32mp-front-camera-1-5k-144hz-amoled-mediatek-helio-g200-ultimate-ip69k-45w-ultra-charging-camon50-1734382732534187083-1737528500079854667,Rp4699000,Rp6000000,,4.9,1rb+,tecnoofficialstore,,2026-10-01 06:46:55.297127
vivo iQOO 16,Tecno Camon 50 Pro 5G 8/256GB 12/256GB 12/512GB,https://www.tokopedia.com/myfon-teleshop/tecno-camon-40-pro-5g-8-256gb-12-256gb-garansi-resmi-tecno-indonesia-1731418975294883461-1737750078841652869,Rp5694000,Rp5699000,,4.9,1rb+,myfon-teleshop,,2026-10-01 06:46:55.299118
vivo iQOO Neo11 Ultra,"PreOrder IQOO Neo 11 5G 6.82"" AMOLED 144Hz Snapdragon 8 Elite 7500mAh 100W Fast Charging Smartphone Layar 2K+ BOE Q10 LTPO Garansi Resmi 1 Tahun",https://www.tokopedia.com/indemand/iqoo-neo-11-5g-6-82-amoled-144hz-snapdragon-8-elite-7500mah-100w-fast-charging-smartphone-layar-2k-boe-q10-ltpo-garansi-resmi-1-tahun-1733089252621256610,Rp12274000,Rp12299000,,5.0,1,indemand,,2026-10-03 09:09:41.013824
vivo iQOO Neo11 Ultra,Tecno Camon 50 Pro 5G 8/256GB 12/256GB 12/512GB,https://www.tokopedia.com/myfon-teleshop/tecno-camon-40-pro-5g-8-256gb-12-256gb-garansi-resmi-tecno-indonesia-1731418975294883461-1737750078841652869,Rp5395000,Rp5699000,,4.9,1rb+,myfon-teleshop,,2026-10-03 09:09:41.120031
vivo iQOO Neo11 Ultra,"[NEW LAUNCH] vivo V70FE 5G 200MP OIS Main Camera, AI Travel Portrait, 7000mAH + 90W FlashCharge, IP68+IP69 Water Resistance, OriginOS 6.0",https://www.tokopedia.com/vivo/new-launch-vivo-v70fe-5g-200mp-ois-main-camera-ai-travel-portrait-7000mah-90w-flashcharge-ip68-ip69-water-resistance-originos-6-0-1734495591756105651,Rp6999000,,,5.0,250+,vivo,,2026-10-03 09:09:41.124276
vivo iQOO Neo11 Ultra,"[NEW LAUNCH] vivo Y11d - 6500mAh + 44W FlashCharge, Tahan Banting Ekstrem, Tahan Hujan IP65, 50MP Kamera Utama, Layar 120Hz Ultra Terang",https://www.tokopedia.com/vivo/new-launch-vivo-y11d-6500mah-44w-flashcharge-tahan-banting-ekstrem-tahan-hujan-ip65-50mp-kamera-utama-layar-120hz-ultra-terang-1735558834219878323-1735876459057416115,Rp2599000,Rp2859000,,5.0,250+,vivo,,2026-10-03 09:09:41.226008
vivo iQOO Neo11 Ultra,41% [ JKT ] iQOO Z11 5G NFC 8/128GB 8/256GB 12/256GB Garansi Resmi Snapdragon 7s Gen 4,https://www.tokopedia.com/digitechmall/jkt-iqoo-z11-5g-nfc-8-128gb-8-256gb-12-256gb-garansi-resmi-snapdragon-7s-gen-4-1737410404317496947-1737410405563729523,Rp5855000,Rp9999000,,,,digitechmall,,2026-10-03 09:09:41.229535
vivo iQOO Neo11 Ultra,HANDPHONE IQOO Z11 5G 8GB 256GB,https://www.tokopedia.com/quattrocomp/handphone-iqoo-z11-5g-8gb-256gb-1737702509546669854-1737702584489183006,Rp6679000,,,,,quattrocomp,,2026-10-03 09:09:41.232872
vivo iQOO Neo11 Ultra,Iqoo 13 12/256 black mulus fullset garansi on,https://www.tokopedia.com/izzy-store/iqoo-13-12-256-black-mulus-fullset-garansi-on-1737771682055489408,Rp8100000,,,,,izzy-store,,2026-10-03 09:09:41.332162
vivo iQOO Pad6 Pro,Xiaomi Pad 8 & Pad 8 Pro Chipset Snapdragon 8 Series 144Hz 9200mAh Free Keyboard Garansi Resmi Layar 3.2K Super Jernih 11.2 Inci 8GB RAM 256GB ROM - Bluetooth,https://www.tokopedia.com/doran-gadget-authorized-shop/xiaomi-pad-8-pad-8-pro-chipset-snapdragon-8-series-144hz-9200mah-free-keyboard-garansi-resmi-1734596851716491145-1734600528139552649,Rp12029000,,,5.0,4,doran-gadget-authorized-shop,,2026-10-03 10:26:41.418320
vivo iQOO Pad6 Pro,( Special Creator ) Samsung Galaxy Tab S10 Fe Plus 12/256 / S10 Fe 8/128Gb Garansi Resmi Sein New,https://www.tokopedia.com/ini-toko-budi-shop/special-creator-samsung-galaxy-tab-s10-fe-plus-12-256-s10-fe-8-128gb-garansi-resmi-sein-new-1730815309075219943-1737662412529239527,Rp8749000,Rp8750000,,4.9,1rb+,ini-toko-budi-shop,,2026-10-03 10:26:41.424688
vivo iQOO Pad6 Pro,34% Xprime S25 10.1 Inch 120Hz 16GB+1TB 8800mAh Android 15 + Keyboard - Alat Belajar Kantoran & Hiburan Hadiah Beli 1 Dapat 8,https://www.tokopedia.com/ax-prime/xprime-s25-10-1-inch-120hz-16gb-1tb-8800mah-android-15-keyboard-alat-belajar-kantoran-hiburan-hadiah-beli-1-dapat-8-1731712077992462286,Rp1765400,Rp2688000,,4.9,250+,ax-prime,,2026-10-03 10:26:41.427688
vivo iQOO Pad6 Pro,iQOO Z9 5G Android Snapdragon7 Gen3 smartphone 6000mah 2 SIM Card 6.78in Full Screen used phone,https://www.tokopedia.com/tokosrcfedanes/iqoo-z9-5g-android-snapdragon7-gen3-smartphone-6000mah-2-sim-card-6-78in-full-screen-used-phone-1733199613313451782,Rp8581000,Rp8606000,,,,tokosrcfedanes,,2026-10-03 10:26:41.430091
vivo iQOO Z11 (India),"17% Iqoo Z11 5G 8Gb 256Gb 6.83"" 144Hz Garansi Resmi Indonesia",https://www.tokopedia.com/agresidbandung/iqoo-z11-5g-8gb-256gb-6-83-144hz-garansi-resmi-indonesia-1735861459912852664-1735861554049746104,Rp6679000,Rp7999000,,5.0,5,agresidbandung,,2026-10-03 08:39:02.640084
vivo iQOO Z11 (India),Vivo iQOO Z11 5G 8/128 GB I 8/256 GB I 12/256 GB Garansi Resmi,https://www.tokopedia.com/gudang-hp/vivo-iqoo-z11-5g-8-128-gb-i-12-256-gb-garansi-resmi-1736156908164515752-1736156910587119528,Rp6365000,,,,1,gudang-hp,,2026-10-03 08:39:02.643209
vivo iQOO Z11 (India),46% [ Digitech ] iQOO Z11 5G NFC 8/128GB 8/256GB 12/256GB Garansi Resmi -  Snapdragon 7s Gen 4,https://www.tokopedia.com/digitechmall/digitech-iqoo-z11-5g-nfc-8-128gb-8-256gb-12-256gb-garansi-resmi-snapdragon-7s-gen-4-1735879360580585075-1735879344735553139,Rp5948000,Rp10999000,,5.0,2,digitechmall,,2026-10-03 08:39:02.646240
vivo iQOO Z11 (India),63% IQOO Z11 5G 8GB/256GB Snapdragon 7s | AMOLED 14Hz - Garansi Resmi Indonesia - 8GB/256GB BLACK,https://www.tokopedia.com/prostorecomputer/iqoo-z11-5g-8gb-256gb-snapdragon-7s-amoled-14hz-garansi-resmi-indonesia-8gb-256gb-black-1736178107067893659-1736178250024322971,Rp6654000,Rp17998000,,,,prostorecomputer,,2026-10-03 08:39:02.648621
vivo iQOO Z11 (India),Iqoo z11 5G 8/128gb like new parah baru di buka semalam garansi blm on,https://www.tokopedia.com/allyponsel/iqoo-z11-5g-8-128gb-like-new-parah-baru-di-buka-semalam-garansi-blm-on-1736419661384156498,Rp5145000,Rp5170000,,,,allyponsel,,2026-10-03 08:39:02.650982
vivo iQOO Z11 (India),"vivo iQOO Z11 5G, Snapdragon 7s, 9020mAh, 90W Flashcharge, 144Hz AMOLED, IP68",https://www.tokopedia.com/vivoauthorizedbanten/vivo-iqoo-z11-5g-snapdragon-7s-9020mah-90w-flashcharge-144hz-amoled-ip68-1735752811808917482-1735752953550571498,Rp5899000,,,5.0,6,vivoauthorizedbanten,,2026-10-03 08:39:02.653317
vivo iQOO Z11i,"[NEW LAUNCH] vivo Y11d - 6500mAh + 44W FlashCharge, Tahan Banting Ekstrem, Tahan Hujan IP65, 50MP Kamera Utama, Layar 120Hz Ultra Terang",https://www.tokopedia.com/vivo/new-launch-vivo-y11d-6500mah-44w-flashcharge-tahan-banting-ekstrem-tahan-hujan-ip65-50mp-kamera-utama-layar-120hz-ultra-terang-1735558834219878323-1735876459057416115,Rp2599000,Rp2859000,,5.0,250+,vivo,,2026-10-03 09:49:30.009124
vivo iQOO Z11i,"vivo Y05 - Desain Premium, 6500mAh Tahan 3 Hari, IP65 Tahan Hujan, Tahan Banting Ekstrem, Origin OS Performa Lancar, Layar Ultra Tenang 1200nits",https://www.tokopedia.com/vivo/vivo-y05-desain-premium-6500mah-tahan-3-hari-ip65-tahan-hujan-tahan-banting-ekstrem-origin-os-performa-lancar-layar-ultra-tenang-1200nits-1734434669646481331,Rp2299000,Rp2359000,,5.0,2rb+,vivo,,2026-10-03 09:49:30.015752
vivo iQOO Z11i,"[NEW LAUNCH] vivo V70FE 5G 200MP OIS Main Camera, AI Travel Portrait, 7000mAH + 90W FlashCharge, IP68+IP69 Water Resistance, OriginOS 6.0",https://www.tokopedia.com/vivo/new-launch-vivo-v70fe-5g-200mp-ois-main-camera-ai-travel-portrait-7000mah-90w-flashcharge-ip68-ip69-water-resistance-originos-6-0-1734495591756105651,Rp6999000,,,5.0,250+,vivo,,2026-10-03 09:49:30.018734
vivo iQOO Z11i,"vivo iQOO Z11x 5G, Dimensity 7400-Turbo, 7200mAh, IP69+ 120Hz Garansi Resmi vivo",https://www.tokopedia.com/vivoauthorizedbanten/vivo-iqoo-z11x-5g-dimensity-7400-turbo-7200mah-ip69-120hz-garansi-resmi-vivo-1735753476809721834-1735753558357346282,Rp3999000,,,5.0,27,vivoauthorizedbanten,,2026-10-03 09:49:30.022177
